source_split,source_id,source_event_id,strict_id,strict_split,canonical_event_id,is_representative,core_content_signature
test,bata_explosion_0,bata_explosion,strictv1__test__bata_explosion_0,val,bata_explosion,True,28a309137cb3c62de6112ea0ce0cb76b21f5a5af6177daae837c95cfbdee8460
test,bata_explosion_1,bata_explosion,strictv1__test__bata_explosion_1,val,bata_explosion,True,759b295c13d39d8dcce1b84b04d570cb2315d8ba5a5cbd51447a2dc7e60a7cf1
test,bata_explosion_2,bata_explosion,strictv1__test__bata_explosion_2,val,bata_explosion,True,ddf72131bcc106a50d6bf50470a3445c2bb99b176317b5adaeb8efd61812a7bc
test,bata_explosion_3,bata_explosion,strictv1__test__bata_explosion_3,val,bata_explosion,True,93deb541d7f7af758a359f54921c7e95fe6e95ae1717d604e1cea483b1726172
test,beriut_explosion_23,beriut_explosion,strictv1__test__beriut_explosion_23,train,beriut_explosion,True,b2e1b6ceef65645c1a58af485c96928295bd679f802ee90713f46d3de3ef91d8
test,beriut_explosion_24,beriut_explosion,strictv1__test__beriut_explosion_24,train,beriut_explosion,True,bc50d7c554de3406d3b8382cc916751f34b2d0d73277c2999265f63169dee08d
test,beriut_explosion_7,beriut_explosion,strictv1__test__beriut_explosion_7,train,beriut_explosion,True,385635d9685519843aa35154eba5f8a5989dce9380c39bb119c3d6c527828652
test,beriut_explosion_8,beriut_explosion,strictv1__test__beriut_explosion_8,train,beriut_explosion,True,2d16bbb7e3ca5e596c894529fcb277501fd8345f691851e5d30bacf658443934
test,haiti_earthquake_00000000,haiti_earthquake,strictv1__test__haiti_earthquake_00000000,val,haiti_earthquake,True,6edbc6e2e2d4aa7fed9d5d0659c627b5e2ad3efe032534115392085ced97d16e
test,haiti_earthquake_00000001,haiti_earthquake,strictv1__test__haiti_earthquake_00000001,val,haiti_earthquake,True,bfba29b1984a90bbac41acb0961b62465073eacc5ceb7964e4399c2c6c903458
test,haiti_earthquake_00000004,haiti_earthquake,strictv1__test__haiti_earthquake_00000004,val,haiti_earthquake,True,d802e77dd631cad26d3cd6b72224883379b36cd84efcd6d24f0f251335f9195e
test,haiti_earthquake_00000005,haiti_earthquake,strictv1__test__haiti_earthquake_00000005,val,haiti_earthquake,True,2a527f65b4e5cafa6b15eead8e90a75d7b8d638977db89a37a4e5a7d46f1946c
test,haiti_earthquake_00000006,haiti_earthquake,strictv1__test__haiti_earthquake_00000006,val,haiti_earthquake,True,512716f1e488a9209c8661efa8fd55bf8eed231aa982f848da16a0ecc4b77780
test,haiti_earthquake_00000007,haiti_earthquake,strictv1__test__haiti_earthquake_00000007,val,haiti_earthquake,True,69aac350abb711a157ee05e517568527937776bd496c9643092517b56a74467f
test,haiti_earthquake_00000008,haiti_earthquake,strictv1__test__haiti_earthquake_00000008,val,haiti_earthquake,True,7e2f01e381b4d8906bcff2a4f91e15d8c055181d891d6b21d3d5daf956c0fe58
test,haiti_earthquake_00000009,haiti_earthquake,strictv1__test__haiti_earthquake_00000009,val,haiti_earthquake,True,3497928dbdbd23b15e261869e11cfc1e4af76a057a044793dd503ad0de37c5a0
test,haiti_earthquake_00000013,haiti_earthquake,strictv1__test__haiti_earthquake_00000013,val,haiti_earthquake,True,4d3904353fba4054d757daeb71b945afc406c9ca47babd1db405560b78f7bfd0
test,haiti_earthquake_00000014,haiti_earthquake,strictv1__test__haiti_earthquake_00000014,val,haiti_earthquake,True,e3a8e8e1d0908086cf6ff13b1633d80c95a6a0391b639c5dc5f25fba52d94ab7
test,haiti_earthquake_00000015,haiti_earthquake,strictv1__test__haiti_earthquake_00000015,val,haiti_earthquake,True,9d86467d8753af91c523ac35590b4aa8dbd1f3a53dfa668319bb80131512604c
test,haiti_earthquake_00000016,haiti_earthquake,strictv1__test__haiti_earthquake_00000016,val,haiti_earthquake,True,490abe3ee9a5a70781acaeef2df7da2c75e033a750d8179abb10880b0222c3f0
test,haiti_earthquake_00000017,haiti_earthquake,strictv1__test__haiti_earthquake_00000017,val,haiti_earthquake,True,f2931675ebf5fe3ea028d35ce6f71d697fda6b1aec02558ed8c73ffd308983b1
test,haiti_earthquake_00000018,haiti_earthquake,strictv1__test__haiti_earthquake_00000018,val,haiti_earthquake,True,b99aa5e7950cd1b1264e402cdbae1b48399c9917ea3aa61501861f666adf6b00
test,haiti_earthquake_00000019,haiti_earthquake,strictv1__test__haiti_earthquake_00000019,val,haiti_earthquake,True,c330ddc254cc72f72ef486597eb695c605c69c8b846b155278373ca1698acce2
test,haiti_earthquake_00000021,haiti_earthquake,strictv1__test__haiti_earthquake_00000021,val,haiti_earthquake,True,e0f577988fabaafe115827668c7a57aa8195cc421e47221bd2b392a1105ed262
test,haiti_earthquake_00000022,haiti_earthquake,strictv1__test__haiti_earthquake_00000022,val,haiti_earthquake,True,dd9b16d784cfaeb47607b71c512a0e952079577e5c11fb2b0be5c636f8c5f318
test,haiti_earthquake_00000023,haiti_earthquake,strictv1__test__haiti_earthquake_00000023,val,haiti_earthquake,True,ac13d72010009d07527faa503034a2eb92cb9d4de57f9f25681ad7dbfccd5605
test,haiti_earthquake_00000024,haiti_earthquake,strictv1__test__haiti_earthquake_00000024,val,haiti_earthquake,True,9f72db872aae210c152e398fab60a589402737f4b18c4631f3a6c67eafc0cb35
test,haiti_earthquake_00000025,haiti_earthquake,strictv1__test__haiti_earthquake_00000025,val,haiti_earthquake,True,7b22aa96d3500fcb447eb1f1088d8e0926b9c88b61034dc8eca7f8280681a8da
test,haiti_earthquake_00000026,haiti_earthquake,strictv1__test__haiti_earthquake_00000026,val,haiti_earthquake,True,5137c5db7a5d224bce15e0b0a8bc66fb6b62af08487137e64cf4cefb32140642
test,haiti_earthquake_00000027,haiti_earthquake,strictv1__test__haiti_earthquake_00000027,val,haiti_earthquake,True,9901b709d5583dcfb31c5fc48ffdb061636990f19d2c236581da1db23b1944d9
test,haiti_earthquake_00000028,haiti_earthquake,strictv1__test__haiti_earthquake_00000028,val,haiti_earthquake,True,a3f00737fa62e6c12918e953260821b179e4f882ec040d3273d6fc23fa115845
test,haiti_earthquake_00000030,haiti_earthquake,strictv1__test__haiti_earthquake_00000030,val,haiti_earthquake,True,08fec636314f77cf14c98f94021671d314887db349afda39b61ddb6c5577f844
test,haiti_earthquake_00000031,haiti_earthquake,strictv1__test__haiti_earthquake_00000031,val,haiti_earthquake,True,ef7716a4b03deea2e0e50c48087b87e8a2840dcd46d7e0fab989841a09b7634f
test,haiti_earthquake_00000032,haiti_earthquake,strictv1__test__haiti_earthquake_00000032,val,haiti_earthquake,True,ca306792f741b4f7c97b16ba5cfd960faa7d425bbd4ba5d88dac28a2bbf0b9fe
test,haiti_earthquake_00000033,haiti_earthquake,strictv1__test__haiti_earthquake_00000033,val,haiti_earthquake,True,0415bff405ced25193f33efa308bcefe3186f1ddb5a5611026624b5f6127abef
test,haiti_earthquake_00000034,haiti_earthquake,strictv1__test__haiti_earthquake_00000034,val,haiti_earthquake,True,aabf560756b70f496964f5d9e549565de05aba18617d59a2d575fdd7746986e5
test,haiti_earthquake_00000035,haiti_earthquake,strictv1__test__haiti_earthquake_00000035,val,haiti_earthquake,True,d51dd9e0dadcd8a78517cb97d2e66402dc8f4dbc1a8218cf74062b8b0d159e9c
test,haiti_earthquake_00000036,haiti_earthquake,strictv1__test__haiti_earthquake_00000036,val,haiti_earthquake,True,b80125b3aa28e9deea07958b19e0894a81b56081eb38d82a9792b4c26a78b1ab
test,haiti_earthquake_00000038,haiti_earthquake,strictv1__test__haiti_earthquake_00000038,val,haiti_earthquake,True,17fb110435c6caeb911616591683490f47937eb36538fdc2cb6a35f60b36413f
test,haiti_earthquake_00000039,haiti_earthquake,strictv1__test__haiti_earthquake_00000039,val,haiti_earthquake,True,a3c2946730e729138130ba54259e1a8294d91de76d30eadb7562d82a410faf67
test,haiti_earthquake_00000040,haiti_earthquake,strictv1__test__haiti_earthquake_00000040,val,haiti_earthquake,True,91fbbba14abf633a97670bd497032984162499c4ce3d6e582dbaa6b64dfa6bb0
test,haiti_earthquake_00000041,haiti_earthquake,strictv1__test__haiti_earthquake_00000041,val,haiti_earthquake,True,1a4e235df418602edbf3ba42bf825ff9a3cc182e6743e73cc77f246d80fe1c24
test,haiti_earthquake_00000042,haiti_earthquake,strictv1__test__haiti_earthquake_00000042,val,haiti_earthquake,True,8ecfec214c6e424c5164a352ecb5749af644db69dcb731d99056d618d9d2fa87
test,haiti_earthquake_00000043,haiti_earthquake,strictv1__test__haiti_earthquake_00000043,val,haiti_earthquake,True,3645969d8f1487a0acd3f045521ad58e926c0288daeded308f7cdcd381e50943
test,haiti_earthquake_00000044,haiti_earthquake,strictv1__test__haiti_earthquake_00000044,val,haiti_earthquake,True,292dc5ca535ee60d09c263f222951fe8be9bd8a727b82d07e2f298616510765e
test,haiti_earthquake_00000045,haiti_earthquake,strictv1__test__haiti_earthquake_00000045,val,haiti_earthquake,True,5b4af90f3312ec7d1ec544dfba56a76ae34c400215ef7b5220bf12d5a0b8fdc2
test,haiti_earthquake_00000047,haiti_earthquake,strictv1__test__haiti_earthquake_00000047,val,haiti_earthquake,True,6af7e7fa92e460a7a36e456b454e8dc809b3263f04a7c67f836f7a5f565168da
test,haiti_earthquake_00000048,haiti_earthquake,strictv1__test__haiti_earthquake_00000048,val,haiti_earthquake,True,cbda06a3c0b2d97b9966d0a8d5bd49262a03a3aa874bb7bb3f73e561835d5d06
test,haiti_earthquake_00000049,haiti_earthquake,strictv1__test__haiti_earthquake_00000049,val,haiti_earthquake,True,1cf0155b85ce127e7d4386a6ec411e413b2c400c3c494fd9a66f860c9944f3e1
test,haiti_earthquake_00000050,haiti_earthquake,strictv1__test__haiti_earthquake_00000050,val,haiti_earthquake,True,8b22aac3d12e5f68e48ce17d6fc8f197efc71ded65407c7171ec124675446e1c
test,haiti_earthquake_00000051,haiti_earthquake,strictv1__test__haiti_earthquake_00000051,val,haiti_earthquake,True,5e2088dbb7179541f7522cb2cf71dd8aa9f90c6b5551f0ada1ae6e72b269a577
test,haiti_earthquake_00000052,haiti_earthquake,strictv1__test__haiti_earthquake_00000052,val,haiti_earthquake,True,e7d91ba99aa7bde814da997d2ba879fc72871736f26a48f6c5212b1448232c7f
test,haiti_earthquake_00000053,haiti_earthquake,strictv1__test__haiti_earthquake_00000053,val,haiti_earthquake,True,385c5af79e419cdf56ab76c534442a86a469778dd18a69383c141ac12f1646c3
test,haiti_earthquake_00000055,haiti_earthquake,strictv1__test__haiti_earthquake_00000055,val,haiti_earthquake,True,349cbdaae6b17bc6141faaa9d70e1e734eb4765b6f82594ea3cae13ad0303cec
test,haiti_earthquake_00000056,haiti_earthquake,strictv1__test__haiti_earthquake_00000056,val,haiti_earthquake,True,bda92e539acfdd24dcf1a92ba9df98cc213d50a6865155cafe79030d1a20ef28
test,haiti_earthquake_00000057,haiti_earthquake,strictv1__test__haiti_earthquake_00000057,val,haiti_earthquake,True,0f2f35b9eb06e991bb9ff7dcb5ae403d8d4ab7b34b39c294e65e15c9c233d2ff
test,haiti_earthquake_00000058,haiti_earthquake,strictv1__test__haiti_earthquake_00000058,val,haiti_earthquake,True,f07ee16df7d62d20ce332fe702867508d3cb0b10cd7b20fa98b8df70006362f3
test,haiti_earthquake_00000059,haiti_earthquake,strictv1__test__haiti_earthquake_00000059,val,haiti_earthquake,True,1743832db77b2533113ae2c140716e9b89a9cac1ac46d1e9431f933f9c91dc52
test,haiti_earthquake_00000060,haiti_earthquake,strictv1__test__haiti_earthquake_00000060,val,haiti_earthquake,True,abde6bc2dd7801a40707c55b1bd7bbd2e3629544fecada367fb810df7f7403ac
test,haiti_earthquake_00000061,haiti_earthquake,strictv1__test__haiti_earthquake_00000061,val,haiti_earthquake,True,ef7b60c5e98eed3d13e5ff0cf58e655039573994db8b062bf965bd2002fb62c8
test,haiti_earthquake_00000062,haiti_earthquake,strictv1__test__haiti_earthquake_00000062,val,haiti_earthquake,True,743bf0434fec09457ea5e0579693d4676e08f7eecfcb67fceb7e043080609b75
test,haiti_earthquake_00000064,haiti_earthquake,strictv1__test__haiti_earthquake_00000064,val,haiti_earthquake,True,b8fd228ef689d516592b79364a096d9abb38cea1e8190d159533e1469d299ec0
test,haiti_earthquake_00000065,haiti_earthquake,strictv1__test__haiti_earthquake_00000065,val,haiti_earthquake,True,e767f372243a5fe57441c04e0d931cd2e7f9b754a7422f5af318cfacf33bff20
test,haiti_earthquake_00000066,haiti_earthquake,strictv1__test__haiti_earthquake_00000066,val,haiti_earthquake,True,5cb82202dedd0911fdd45522a2e26d2f297c5b8074ffeb0cb2013cadfc38d3be
test,haiti_earthquake_00000067,haiti_earthquake,strictv1__test__haiti_earthquake_00000067,val,haiti_earthquake,True,110df7da5a3b6a0f68671051aac6f3254e155abae37d76be06fd899c024c0a75
test,haiti_earthquake_00000068,haiti_earthquake,strictv1__test__haiti_earthquake_00000068,val,haiti_earthquake,True,292b920521e89a19142c0257d65422a826d56f9075400eb6f3c262b5137b91d1
test,haiti_earthquake_00000069,haiti_earthquake,strictv1__test__haiti_earthquake_00000069,val,haiti_earthquake,True,180004b4f0245c80bcc95b54542dd20aab736b3cbcf44b9bc57748f884b56974
test,haiti_earthquake_00000070,haiti_earthquake,strictv1__test__haiti_earthquake_00000070,val,haiti_earthquake,True,133c035ea2df590c05193b5c5293ae06ad367a5a8bfb3c2d3ca6077d3287394d
test,hawaii_wildfire_642,hawaii_wildfire,strictv1__test__hawaii_wildfire_642,train,hawaii_wildfire,True,f34a2967187756f984466ad08c89ab28a1f2101b767d48ecc5169fa61cbeaa64
test,la_palma_volcano_00000001,la_palma_volcano,strictv1__test__la_palma_volcano_00000001,train,spain_la_palma_volcano,True,7baf973b734c26e826a03ed5e82561c233ac19ad562aab8746485d2f26c51ae8
test,la_palma_volcano_00000011,la_palma_volcano,strictv1__train__spain_volcano_00000011,train,spain_la_palma_volcano,False,3bec783a3af03b34a44949c29e325fd2677faa98b68b8b7674b3f92385e36e0c
test,la_palma_volcano_00000020,la_palma_volcano,strictv1__train__spain_volcano_00000020,train,spain_la_palma_volcano,False,929d124a1bb125d528ff62707b432f576b4999db9ebe6f1dbce8df9c09fdcb5c
test,la_palma_volcano_00000029,la_palma_volcano,strictv1__train__spain_volcano_00000029,train,spain_la_palma_volcano,False,70a5a70a3a0c2c8279eeafd0de94d0eb57a22f2d5cb665517b86aa7d728f0ead
test,la_palma_volcano_00000039,la_palma_volcano,strictv1__train__spain_volcano_00000039,train,spain_la_palma_volcano,False,5beea3b3d7e409f2dacde8600d40708ae3c85909e97480e8081a1ea072408f74
test,la_palma_volcano_00000047,la_palma_volcano,strictv1__train__spain_volcano_00000047,train,spain_la_palma_volcano,False,6cdeb4f24e2435ee60fb335496e87b050ffe4e46035910bbdab6957ae81b97ac
test,la_palma_volcano_00000056,la_palma_volcano,strictv1__train__spain_volcano_00000056,train,spain_la_palma_volcano,False,f64433bd517488cce0355421a830b8d84fd3d4b841be27ef3d8d03cba15a7ee6
test,la_palma_volcano_00000065,la_palma_volcano,strictv1__train__spain_volcano_00000065,train,spain_la_palma_volcano,False,cf4c0fcbc8ed64b6b40fc81edc888523842bc7c5f0b16bfc8ceaa60e8a713d12
test,la_palma_volcano_00000083,la_palma_volcano,strictv1__train__spain_volcano_00000083,train,spain_la_palma_volcano,False,cdbad4abbeef2988142affa408061da6f865b3a734cbfa30a05d0e37f21102ab
test,la_palma_volcano_00000091,la_palma_volcano,strictv1__train__spain_volcano_00000091,train,spain_la_palma_volcano,False,27defb837fde624648c7f25f0d20524baa2c2bf5588254aa8dcbbee435b259aa
test,la_palma_volcano_00000100,la_palma_volcano,strictv1__train__spain_volcano_00000100,train,spain_la_palma_volcano,False,304f39c0b7294f846817b92f08bbb06bc86b05a84c474e8e88d5c1d6f7feef2f
test,la_palma_volcano_00000109,la_palma_volcano,strictv1__train__spain_volcano_00000109,train,spain_la_palma_volcano,False,6e8114291f03f76c6ea132958a2d5e02bad5015bc920561bea6e63d10595dff2
test,la_palma_volcano_00000118,la_palma_volcano,strictv1__train__spain_volcano_00000118,train,spain_la_palma_volcano,False,28723017246ec83fdf7274febb04234cb656606adec0a54b8c87d8586d6f48bc
test,la_palma_volcano_00000127,la_palma_volcano,strictv1__train__spain_volcano_00000127,train,spain_la_palma_volcano,False,fcdb97efab06965bd78903383ed00134f5e2596df6c9e1df010883df9d8735c9
test,la_palma_volcano_00000135,la_palma_volcano,strictv1__train__spain_volcano_00000135,train,spain_la_palma_volcano,False,c73523e924802202b4c849811a9dac64cbd24937c11d039125e3c9929a2f1645
test,la_palma_volcano_00000153,la_palma_volcano,strictv1__train__spain_volcano_00000153,train,spain_la_palma_volcano,False,139f3403bc87c788d885ec911ae3f19052555f9effb6ea402a3bfa23a127a9a9
test,la_palma_volcano_00000162,la_palma_volcano,strictv1__train__spain_volcano_00000162,train,spain_la_palma_volcano,False,300330cae1cf1f3dbd8192207db3a332431821d338c35887a7b5946a0a1e9a1d
test,la_palma_volcano_00000171,la_palma_volcano,strictv1__train__spain_volcano_00000171,train,spain_la_palma_volcano,False,184079aa23d4c28075a19eb2ae344b81d82ba387c880c9e823c4d51c88b0ede8
test,la_palma_volcano_00000179,la_palma_volcano,strictv1__train__spain_volcano_00000179,train,spain_la_palma_volcano,False,e296b1fce4cda900569ca3df0aa543cbbfd06b173911d4e38e41979564749aa0
test,la_palma_volcano_00000188,la_palma_volcano,strictv1__test__la_palma_volcano_00000188,train,spain_la_palma_volcano,True,01d70ff570913bdb8d608422253a1665420523aa0889f3a4bdf62321ed9c54ab
test,la_palma_volcano_00000197,la_palma_volcano,strictv1__train__spain_volcano_00000197,train,spain_la_palma_volcano,False,2b6241e086008b51e6c19f3d644487c613dac8ae7d1217a896bd64b10679a201
test,la_palma_volcano_00000206,la_palma_volcano,strictv1__train__spain_volcano_00000206,train,spain_la_palma_volcano,False,d234b43cfad7686a42389fbe20723913b5d1c1211667418d6c406082e6f8186b
test,la_palma_volcano_00000214,la_palma_volcano,strictv1__train__spain_volcano_00000214,train,spain_la_palma_volcano,False,8e020150ef3a88f1e6aa90aad0645233760b7eee433977f9e29279d377dc7c0c
test,la_palma_volcano_00000232,la_palma_volcano,strictv1__train__spain_volcano_00000232,train,spain_la_palma_volcano,False,310f11e00596dfd1cc3158d48233b2982a527e14ddcc990ae752c5801c15d3d3
test,la_palma_volcano_00000241,la_palma_volcano,strictv1__train__spain_volcano_00000241,train,spain_la_palma_volcano,False,0db85490264e96f93bd7af2afc72735c2daa1edc97ca78737040adee4361c582
test,la_palma_volcano_00000250,la_palma_volcano,strictv1__train__spain_volcano_00000250,train,spain_la_palma_volcano,False,fa520be1357e12db33d3a7783c7afb2f1e09f66e28120aa259302896a937f38f
test,la_palma_volcano_00000258,la_palma_volcano,strictv1__train__spain_volcano_00000258,train,spain_la_palma_volcano,False,5138213aea5dbf049c9c0dc8b58bac7a837484937704bda7abda73f05a09d34a
test,la_palma_volcano_00000276,la_palma_volcano,strictv1__train__spain_volcano_00000276,train,spain_la_palma_volcano,False,f7a3d3ee7a45369b36bda1caa513c26e199ad3ae5ef372e1fd8079fc69bfd5bc
test,la_palma_volcano_00000285,la_palma_volcano,strictv1__train__spain_volcano_00000285,train,spain_la_palma_volcano,False,10269f434a2d96c201540b7674f3a0108c044c5d97675c5fc8baaa4acf418f2c
test,la_palma_volcano_00000294,la_palma_volcano,strictv1__train__spain_volcano_00000294,train,spain_la_palma_volcano,False,f949cd7a9931ebea9cd3107bc9af52f1793d0b8c352a5b184c892635e21f1069
test,la_palma_volcano_00000315,la_palma_volcano,strictv1__train__spain_volcano_00000315,train,spain_la_palma_volcano,False,12c9c0f5686d1bb66cbf7a54f2941d64527911105152148df1e1a70792ecffae
test,la_palma_volcano_00000324,la_palma_volcano,strictv1__train__spain_volcano_00000324,train,spain_la_palma_volcano,False,b8b8e0ded280821cc23b02c6301b248f7d435ee9a5c0ec52f058c895a5dc61a5
test,la_palma_volcano_00000347,la_palma_volcano,strictv1__train__spain_volcano_00000347,train,spain_la_palma_volcano,False,567b67cbac2855b0428e686a38a10ba3de8b8d631b0996a471ef3d39c237b8ae
test,la_palma_volcano_00000355,la_palma_volcano,strictv1__train__spain_volcano_00000355,train,spain_la_palma_volcano,False,9ada35950655dc76cb11c3b6ed3fb075a7fb1120e7d039fcc02a7dd22b6624b1
test,la_palma_volcano_00000364,la_palma_volcano,strictv1__train__spain_volcano_00000364,train,spain_la_palma_volcano,False,dadac14c764440ddd9f2aaf67a8a5504bb369004d57cbfe37de73ef9c5961c07
test,la_palma_volcano_00000383,la_palma_volcano,strictv1__train__spain_volcano_00000383,train,spain_la_palma_volcano,False,5c9993d2a5c8b304c675414654605b07360887d1cf5c0f0b867a9bfbe4d1d065
test,la_palma_volcano_00000391,la_palma_volcano,strictv1__train__spain_volcano_00000391,train,spain_la_palma_volcano,False,bb0cb5b70c2b6c71e7a3bdc50c8b1197102db7667241ddd6135405fbf7cd3bfa
test,la_palma_volcano_00000419,la_palma_volcano,strictv1__train__spain_volcano_00000419,train,spain_la_palma_volcano,False,43b49c62e2b203eb8dfc2596040cb4adad342a7eb43699e3a6d91e27935de3f2
test,la_palma_volcano_00000428,la_palma_volcano,strictv1__train__spain_volcano_00000428,train,spain_la_palma_volcano,False,1131272a140521146c12d2878dfc2c45f9c1a3d9dab9b27d5a75082c1b9b601b
test,la_palma_volcano_00000454,la_palma_volcano,strictv1__train__spain_volcano_00000454,train,spain_la_palma_volcano,False,e7f83c04ee6c4a0305c882f974078961069db54636b90fb5039b7e80de159609
test,la_palma_volcano_00000463,la_palma_volcano,strictv1__train__spain_volcano_00000463,train,spain_la_palma_volcano,False,956fac3741e54215ee670ff731287490900c52a6de70ffe9259e1aed2dae1926
test,la_palma_volcano_00000480,la_palma_volcano,strictv1__train__spain_volcano_00000480,train,spain_la_palma_volcano,False,e49bd2949243eb9a9a903bac45f12c93910131a2278f7ca49e081b6efab525b5
test,la_palma_volcano_00000489,la_palma_volcano,strictv1__train__spain_volcano_00000489,train,spain_la_palma_volcano,False,0cd8a0409ac80f0f4dac858e629526ddf2efcbcc52285243fb11e5f19ae95df3
test,la_palma_volcano_00000498,la_palma_volcano,strictv1__test__la_palma_volcano_00000498,train,spain_la_palma_volcano,True,0bf0cdf2ad69b8f3eedf02eaa2427125d1fdcdd28fffec81a27690d782a454a5
test,la_palma_volcano_00000507,la_palma_volcano,strictv1__train__spain_volcano_00000507,train,spain_la_palma_volcano,False,680c5f9d04b57b61826b606b654176fedcf556df24aabefe543cf01a3a6503a4
test,la_palma_volcano_00000516,la_palma_volcano,strictv1__train__spain_volcano_00000516,train,spain_la_palma_volcano,False,48b1868b7f187ecf037c85beb47d76b72f2e604de04df971698f2b1f60b4ec2c
test,la_palma_volcano_00000524,la_palma_volcano,strictv1__train__spain_volcano_00000524,train,spain_la_palma_volcano,False,7886d469cc85b824098e75664128b5ecbc7bfc75b2f415f9735972b4b4c5634b
test,la_palma_volcano_00000543,la_palma_volcano,strictv1__train__spain_volcano_00000543,train,spain_la_palma_volcano,False,1778b8ad6336734b24123963622e6a5bd3e1768bf2885ff651c8b0f990f56125
test,la_palma_volcano_00000552,la_palma_volcano,strictv1__train__spain_volcano_00000552,train,spain_la_palma_volcano,False,a0b94c736ce5351a85cd8ed8d579ff15d2382945f31a85dbe11a000b69064ab2
test,la_palma_volcano_00000570,la_palma_volcano,strictv1__train__spain_volcano_00000570,train,spain_la_palma_volcano,False,aabc966321bab074758b17a9a9e1bd108976e339ad7999188cc8229644071243
test,la_palma_volcano_00000579,la_palma_volcano,strictv1__train__spain_volcano_00000579,train,spain_la_palma_volcano,False,6653bc27e79dbbada3806f2171ee8191667e15bacaffc904c0bf8da8aab3477f
test,la_palma_volcano_00000593,la_palma_volcano,strictv1__train__spain_volcano_00000593,train,spain_la_palma_volcano,False,af8134267cb4c1ca2cee243a8d0ea6d6bd9a3408506f5734de3b1e08148462e4
test,la_palma_volcano_00000602,la_palma_volcano,strictv1__train__spain_volcano_00000602,train,spain_la_palma_volcano,False,6e4cbad5141543eb9398b159a1553763a0df479685f93d37c36fb69a6fa838ff
test,la_palma_volcano_00000610,la_palma_volcano,strictv1__train__spain_volcano_00000610,train,spain_la_palma_volcano,False,61ba9f5dd60d5a7c6d11e118d7b245af086f271e749ceb0cda0fca53b2aa57e0
test,la_palma_volcano_00000620,la_palma_volcano,strictv1__train__spain_volcano_00000620,train,spain_la_palma_volcano,False,283e66fee1b09c895178d3a013414f17c407edf7ae67e5c9960cc4a380b6e1f5
test,la_palma_volcano_00000638,la_palma_volcano,strictv1__train__spain_volcano_00000638,train,spain_la_palma_volcano,False,cc7f09107f7ab8df29b6d73b22105396764df9556cbf226eb6a7c4f199b7e2b3
test,la_palma_volcano_00000647,la_palma_volcano,strictv1__train__spain_volcano_00000647,train,spain_la_palma_volcano,False,969cfdcc1cef2244e3480e6ff3193fd426e1b2d410a6248440a0c4715f75bbbc
test,la_palma_volcano_00000656,la_palma_volcano,strictv1__train__spain_volcano_00000656,train,spain_la_palma_volcano,False,bd10ec8fc1056c9334084e1af19a73829729b75e588bb82e1de7e7719feea4a9
test,la_palma_volcano_00000665,la_palma_volcano,strictv1__train__spain_volcano_00000665,train,spain_la_palma_volcano,False,2ea9ddfed3ba181ce00163cf5b4b92a5a86b3f660e99ef16961ed41802ec4e9a
test,la_palma_volcano_00000676,la_palma_volcano,strictv1__train__spain_volcano_00000676,train,spain_la_palma_volcano,False,6808ab8593e48ffb06a7d1c4642e84040480cffaf24a3f426106ec9b93588225
test,la_palma_volcano_00000685,la_palma_volcano,strictv1__test__la_palma_volcano_00000685,train,spain_la_palma_volcano,True,6e339881f0949f6b0dfcd788c3004431f06f027590b219ef33741109db7a2ef6
test,la_palma_volcano_00000696,la_palma_volcano,strictv1__train__spain_volcano_00000696,train,spain_la_palma_volcano,False,d578ef60d82cbcff833f509cb8b68759ba86ee6d5bf7a68ef52839419ee0423e
test,la_palma_volcano_00000704,la_palma_volcano,strictv1__train__spain_volcano_00000704,train,spain_la_palma_volcano,False,72fe6688f5c85a3480d8ff1c2c0c1d29dfeec71982e0f47d6affc4a533ebd6c4
test,la_palma_volcano_00000714,la_palma_volcano,strictv1__train__spain_volcano_00000714,train,spain_la_palma_volcano,False,f5da1b6700f863bef0d4d640a0ad783157bb356f1550d7c2fd976015327088f9
test,la_palma_volcano_00000723,la_palma_volcano,strictv1__train__spain_volcano_00000723,train,spain_la_palma_volcano,False,47b9ac9de085ec9ab5d9c8bbc4f606023e32ab5446b3100329911543b3f6f3fe
test,la_palma_volcano_00000742,la_palma_volcano,strictv1__train__spain_volcano_00000742,train,spain_la_palma_volcano,False,aa127e22417cb6c11e450e49ee91863ba521e3297e4c123c5862ad7968a4d336
test,la_palma_volcano_00000751,la_palma_volcano,strictv1__train__spain_volcano_00000751,train,spain_la_palma_volcano,False,843c07610b660970182bf62641e2630829833bf74a112a167850fd4c305f587e
test,la_palma_volcano_00000761,la_palma_volcano,strictv1__train__spain_volcano_00000761,train,spain_la_palma_volcano,False,af40dfdd8857e086876b07ae289de380534ea35e8fd8b8034fba6f3755695c6c
test,la_palma_volcano_00000781,la_palma_volcano,strictv1__train__spain_volcano_00000781,train,spain_la_palma_volcano,False,447ca700d0883c7abf3e5ee27f433805a4be1dac4fde20ae1482bdc28127ece8
test,la_palma_volcano_00000810,la_palma_volcano,strictv1__train__spain_volcano_00000810,train,spain_la_palma_volcano,False,4996857f0cd2b8310104d475c1c6c5bdf9e0103fd0df3d2cb00a5664ed8e1d0f
test,la_palma_volcano_00000849,la_palma_volcano,strictv1__train__spain_volcano_00000849,train,spain_la_palma_volcano,False,36e145e748b06557d6cf585b31b0cac4296c7a7ccf984759ad1073c659ddb86b
test,la_palma_volcano_00000886,la_palma_volcano,strictv1__train__spain_volcano_00000886,train,spain_la_palma_volcano,False,44a60a398d2be6a64a4304d63c8f1ebd20bc7557ad7df08134eb414bba91fa2f
test,libya_flood_101,libya_flood,strictv1__test__libya_flood_101,train,libya_flood,True,7b9509f3b0ed51fb778626ddb913611af305a2faaa3cf2845fce29f3dd8161b0
test,libya_flood_102,libya_flood,strictv1__test__libya_flood_102,train,libya_flood,True,d73c967f644ee993f8b0808e775085b1b9fd1eb3b780b00052f385ed77b375e4
test,libya_flood_108,libya_flood,strictv1__test__libya_flood_108,train,libya_flood,True,b2a87cde6bcf34e2f94eb0f101de15448b2195f73c80edd51ac96b1ebe0412ba
test,libya_flood_115,libya_flood,strictv1__test__libya_flood_115,train,libya_flood,True,f0f088033d69db3ff2a2d0c2827660c4edadef273016b8d1263f9066eb09648e
test,libya_flood_89,libya_flood,strictv1__test__libya_flood_89,train,libya_flood,True,0dcc360710b4e5ffa0cb6fa40d4d937d7057029b20bae9b4fa447752a2dd9636
test,libya_flood_96,libya_flood,strictv1__test__libya_flood_96,train,libya_flood,True,9a035fd3900c90e086fd52dd532b16a6d12897d2e9f035bdad909b558b1e3711
test,marshall_wildfire_00000000,marshall_wildfire,strictv1__test__marshall_wildfire_00000000,val,marshall_wildfire,True,76c6b3a6295d02a0c87a94f84afb69b7b9861e13ab8769161be9608033355549
test,marshall_wildfire_00000001,marshall_wildfire,strictv1__test__marshall_wildfire_00000001,val,marshall_wildfire,True,9193b41863278ef77808b3f1e36229cb230b8f386cff0fb19348ee5ca9e2bff7
test,marshall_wildfire_00000002,marshall_wildfire,strictv1__test__marshall_wildfire_00000002,val,marshall_wildfire,True,35013c327fc43b15dcfc6c1aa3a51959f1c4caa60d626ae8bfcf714c25302012
test,marshall_wildfire_00000005,marshall_wildfire,strictv1__test__marshall_wildfire_00000005,val,marshall_wildfire,True,39ee791596455674607d586dd0ddf4ec6c41bacdb08042f6dec47a146b5f86f1
test,marshall_wildfire_00000006,marshall_wildfire,strictv1__test__marshall_wildfire_00000006,val,marshall_wildfire,True,4d81bebe2f5ec36ba945506cefca462af4ff493c331db924b0db1fd5f5cb69c2
test,marshall_wildfire_00000007,marshall_wildfire,strictv1__test__marshall_wildfire_00000007,val,marshall_wildfire,True,d5202c3367ba1b8653b027ff935eb0e319756d64ad764b9d27f1ccee62b1e1fa
test,marshall_wildfire_00000008,marshall_wildfire,strictv1__test__marshall_wildfire_00000008,val,marshall_wildfire,True,e4a6026e32b568feb458eb0da15009053f54d7f7ef664d88ee56004b2f510b56
test,marshall_wildfire_00000010,marshall_wildfire,strictv1__test__marshall_wildfire_00000010,val,marshall_wildfire,True,d1ff3b01649de706a5138f2ff06eeb9a8d41351699f5fd049a5be1e555af90bc
test,marshall_wildfire_00000011,marshall_wildfire,strictv1__test__marshall_wildfire_00000011,val,marshall_wildfire,True,861b759d0eb17a520b7fda3368e3b3988b971c010929ef9fa602aeabccfbcfe1
test,marshall_wildfire_00000012,marshall_wildfire,strictv1__test__marshall_wildfire_00000012,val,marshall_wildfire,True,a03afa1fe91ca066524b193a5f157b910d7696c53b632038b7243214b5cb4858
test,marshall_wildfire_00000015,marshall_wildfire,strictv1__test__marshall_wildfire_00000015,val,marshall_wildfire,True,23b10200f03884fdc3a29c1cf1754fb1f4e868652f6c4c314c50ba4a026ae674
test,marshall_wildfire_00000016,marshall_wildfire,strictv1__test__marshall_wildfire_00000016,val,marshall_wildfire,True,3c3fb7c1596c64ace3feb385f0f36c8ef630170839eb3325366c56a595434274
test,marshall_wildfire_00000017,marshall_wildfire,strictv1__test__marshall_wildfire_00000017,val,marshall_wildfire,True,114a3956a4bce8611c220f8150b1c9bd02fab346062dbfbf4e717ee61cfad315
test,marshall_wildfire_00000019,marshall_wildfire,strictv1__test__marshall_wildfire_00000019,val,marshall_wildfire,True,30559b5d98f503302257336f83b614609946c118261fb372eec755879f1e68af
test,marshall_wildfire_00000020,marshall_wildfire,strictv1__test__marshall_wildfire_00000020,val,marshall_wildfire,True,92aab20d0e909b45fc3ec468dfef868c161a8664229196a9b16e2ebdf30b5048
test,marshall_wildfire_00000021,marshall_wildfire,strictv1__test__marshall_wildfire_00000021,val,marshall_wildfire,True,20b1d2f6ebec2e7992df0573021a6e33b947c6af3285b5d96a92642c168bfa38
test,marshall_wildfire_00000024,marshall_wildfire,strictv1__test__marshall_wildfire_00000024,val,marshall_wildfire,True,20fa5e4e0144e5c2471dfb186fc203c5393326897ba4d50b0bad541791c57ef2
test,marshall_wildfire_00000025,marshall_wildfire,strictv1__test__marshall_wildfire_00000025,val,marshall_wildfire,True,a26e6fc771136243c6fdfc90817c15929a86bcc67d9281b94e4c4c1a50b40a8f
test,marshall_wildfire_00000026,marshall_wildfire,strictv1__test__marshall_wildfire_00000026,val,marshall_wildfire,True,697792feb9a23d039ce0649cb65ccb77ee710ee4e1b0b0302be66febde6df845
test,marshall_wildfire_00000028,marshall_wildfire,strictv1__test__marshall_wildfire_00000028,val,marshall_wildfire,True,3a85345ccf9cd20e3ef75909db64f0c68f9b28ffb8bf7dd83887ea3fabdb7195
test,marshall_wildfire_00000029,marshall_wildfire,strictv1__test__marshall_wildfire_00000029,val,marshall_wildfire,True,21e4149f20aea6943f618a697a57f9c44f10ca09a53439e28c9f50aa3553495e
test,marshall_wildfire_00000030,marshall_wildfire,strictv1__test__marshall_wildfire_00000030,val,marshall_wildfire,True,f515b5e13702b33efdf9809d44666ce87d2126d920cbf5cab79fceb5f77fb798
test,marshall_wildfire_00000032,marshall_wildfire,strictv1__test__marshall_wildfire_00000032,val,marshall_wildfire,True,acae2f4dcc3060a8b19a898e14cc92d02ce941f1fb58932e6d0415f56017620b
test,marshall_wildfire_00000033,marshall_wildfire,strictv1__test__marshall_wildfire_00000033,val,marshall_wildfire,True,8c162409a5353eb19dd614e3c6bf5e2079f4b1d0f20f56ba3e83ffb41979d4c2
test,marshall_wildfire_00000034,marshall_wildfire,strictv1__test__marshall_wildfire_00000034,val,marshall_wildfire,True,bd32f4d46ea861ce884380c64c967977230e00038efdb5af48373532b1dcde8a
test,marshall_wildfire_00000035,marshall_wildfire,strictv1__test__marshall_wildfire_00000035,val,marshall_wildfire,True,cad0ba37a0b8b293ad70376254350fba79523c3dc6d313ed6b62019cffb6aea5
test,marshall_wildfire_00000037,marshall_wildfire,strictv1__test__marshall_wildfire_00000037,val,marshall_wildfire,True,4adbed636c8422d21cb92148b1797aa5ce9bb0c3b9cf44024b09f9480ca3287e
test,marshall_wildfire_00000038,marshall_wildfire,strictv1__test__marshall_wildfire_00000038,val,marshall_wildfire,True,bdbcb4f6dda5c0986cc8828e79d885914b7c10746b5607ce08f16866e6a16ab9
test,marshall_wildfire_00000039,marshall_wildfire,strictv1__test__marshall_wildfire_00000039,val,marshall_wildfire,True,db8678ec44c2b437833e65ea0a5ba46b460e798cc39ef17fa7f5dd9b15ea1699
test,marshall_wildfire_00000041,marshall_wildfire,strictv1__test__marshall_wildfire_00000041,val,marshall_wildfire,True,b9ef8af82bb8252abd8a94d639f6cf528b464fafe609da7c5cb8dc23271d4eff
test,marshall_wildfire_00000042,marshall_wildfire,strictv1__test__marshall_wildfire_00000042,val,marshall_wildfire,True,043abad8d969048f8278eaaa241d91094e6fb3b1ef311807d4f6a336ccd79f28
test,marshall_wildfire_00000043,marshall_wildfire,strictv1__test__marshall_wildfire_00000043,val,marshall_wildfire,True,4e46a5a0ae281551e25b6ba80fdf0973e778b927713a592f1207508d22bc3936
test,marshall_wildfire_00000044,marshall_wildfire,strictv1__test__marshall_wildfire_00000044,val,marshall_wildfire,True,0e99e1ab65ce4b23323071776787647c42d944604a4488e309a4e73ec0ceb67a
test,marshall_wildfire_00000046,marshall_wildfire,strictv1__test__marshall_wildfire_00000046,val,marshall_wildfire,True,8cbb946431c17698ac18cdd0e20c842b451e9d78b6d2454bc28deaf04d500059
test,marshall_wildfire_00000047,marshall_wildfire,strictv1__test__marshall_wildfire_00000047,val,marshall_wildfire,True,4412e1c9e793a5588d0877158389bf8e5d9c500609e804bee4ebcbe97503d159
test,marshall_wildfire_00000048,marshall_wildfire,strictv1__test__marshall_wildfire_00000048,val,marshall_wildfire,True,6fa36b0145bd11609bc57c69d1cfd9d564e35460b0d6dee9dca8932bcaea1d98
test,marshall_wildfire_00000050,marshall_wildfire,strictv1__test__marshall_wildfire_00000050,val,marshall_wildfire,True,bed9fe084cecc356ca188ead644e9ca461ec7cb6bcfe725b3c1d10136deff239
test,marshall_wildfire_00000051,marshall_wildfire,strictv1__test__marshall_wildfire_00000051,val,marshall_wildfire,True,52853a141611a9bb15de781b56c7fcaa696d8eacaf0f63d448f63148f30bacf5
test,marshall_wildfire_00000052,marshall_wildfire,strictv1__test__marshall_wildfire_00000052,val,marshall_wildfire,True,385a0873e5cf183f375cca32ccacba1f0d12ed0ed1ce72ff19e3811f07432c27
test,marshall_wildfire_00000053,marshall_wildfire,strictv1__test__marshall_wildfire_00000053,val,marshall_wildfire,True,4a7b6dc4eaeb84efc6256a0a548b7b0b5f447b24bb5cd260a701f256accd0a6a
test,marshall_wildfire_00000055,marshall_wildfire,strictv1__test__marshall_wildfire_00000055,val,marshall_wildfire,True,2818e43800bee69826ca761f5b2755d7454bf8c7824f409c6c78c2a8059fd71d
test,marshall_wildfire_00000056,marshall_wildfire,strictv1__test__marshall_wildfire_00000056,val,marshall_wildfire,True,57d5f1ccf48b8988dfa0abbaa632284b4f4dcd457576cf1cc105f3ba407b8315
test,marshall_wildfire_00000057,marshall_wildfire,strictv1__test__marshall_wildfire_00000057,val,marshall_wildfire,True,6632fed5fad6b681eb878ea784699322f961cf9e9b763f3bd3ed7976bae4e26b
test,marshall_wildfire_00000060,marshall_wildfire,strictv1__test__marshall_wildfire_00000060,val,marshall_wildfire,True,a092c81af6e68ab2ebc0dc330ef3b070747d947702fc78d14a2d92709e483753
test,marshall_wildfire_00000061,marshall_wildfire,strictv1__test__marshall_wildfire_00000061,val,marshall_wildfire,True,ccb63b26cb888045190ef189f49e9f345c82f0ef258468fcf5e0ad8479826e44
test,marshall_wildfire_00000062,marshall_wildfire,strictv1__test__marshall_wildfire_00000062,val,marshall_wildfire,True,aa25e01c1a91bd055ebbeb60614971c0602a76f58ad47c2881bb73a3ea571e85
test,marshall_wildfire_00000064,marshall_wildfire,strictv1__test__marshall_wildfire_00000064,val,marshall_wildfire,True,f53f70a85e0a6cb98658bd5413bb9d8bc487a82017208c3d4c4b6a2da3a7ca68
test,marshall_wildfire_00000065,marshall_wildfire,strictv1__test__marshall_wildfire_00000065,val,marshall_wildfire,True,a10e76cbda7aedd55b435d4876ec5888a997141bbb993c5832d2fd9e5f94d71d
test,marshall_wildfire_00000066,marshall_wildfire,strictv1__test__marshall_wildfire_00000066,val,marshall_wildfire,True,3c946d4ffd92bcdb8961a42ba6362654afac6b5438178ddc3787cfc33c091a1e
test,marshall_wildfire_00000069,marshall_wildfire,strictv1__test__marshall_wildfire_00000069,val,marshall_wildfire,True,fb2972d525454ab7983027003333a1a5ecec77c4f7f8ddf2795cc75316bd6e29
test,marshall_wildfire_00000070,marshall_wildfire,strictv1__test__marshall_wildfire_00000070,val,marshall_wildfire,True,e325088a4d59515efcdd7f63c46aae5ba7945922f881eacedd3475d8918914c0
test,marshall_wildfire_00000071,marshall_wildfire,strictv1__test__marshall_wildfire_00000071,val,marshall_wildfire,True,a5bbad07aba8090ca5e7480040fa3b58e4b472da6fe204d71a04592b28e0f627
test,marshall_wildfire_00000073,marshall_wildfire,strictv1__test__marshall_wildfire_00000073,val,marshall_wildfire,True,e381644f764a101a84fe2f27180ed9b3edb06675a55de66013924beb23182734
test,marshall_wildfire_00000074,marshall_wildfire,strictv1__test__marshall_wildfire_00000074,val,marshall_wildfire,True,9e4d14f208bb18cd72cea336f2ba3c5da7c6da7892a4f33d515828d6864b9a7b
test,mexico_hurricane_00000001,mexico_hurricane,strictv1__test__mexico_hurricane_00000001,test,mexico_hurricane,True,be545be7f24a330ee5ea96f0a6d550204f2e554bd77fbf50347adac1a3f0de6d
test,mexico_hurricane_00000003,mexico_hurricane,strictv1__test__mexico_hurricane_00000003,test,mexico_hurricane,True,8abfb96fb50188ce10f6ab7cd365e802e9e61f1a1e9be6562f45ba67738ce7ae
test,mexico_hurricane_00000005,mexico_hurricane,strictv1__test__mexico_hurricane_00000005,test,mexico_hurricane,True,f7671db9a0c11efd2dcb8c7237d061b9fda3ee015df1edf5372d46a0976c31f4
test,mexico_hurricane_00000010,mexico_hurricane,strictv1__test__mexico_hurricane_00000010,test,mexico_hurricane,True,a81cd370e98628ba62b0890095ed511c002e244a747638568b8ea7aa9a628777
test,mexico_hurricane_00000011,mexico_hurricane,strictv1__test__mexico_hurricane_00000011,test,mexico_hurricane,True,50ac99e3aea72d40c9c6147e5cc178305f5b3fe821f2a9b2aab79351df4c343b
test,mexico_hurricane_00000014,mexico_hurricane,strictv1__test__mexico_hurricane_00000014,test,mexico_hurricane,True,8a041a6ce2a7a4c5c1b039d8d6a8aed630b8c12f93fd87590869f1ad4e12c7d7
test,mexico_hurricane_00000016,mexico_hurricane,strictv1__test__mexico_hurricane_00000016,test,mexico_hurricane,True,7e2f965e4b841b4f6fed9549c6d0161e7c56b1b3e8b313a092625645a77bf883
test,mexico_hurricane_00000017,mexico_hurricane,strictv1__test__mexico_hurricane_00000017,test,mexico_hurricane,True,b7af45067c616c739c7cfa1330c46382636a0e8dd4d6f6fd6e8c9812faaa156e
test,mexico_hurricane_00000021,mexico_hurricane,strictv1__test__mexico_hurricane_00000021,test,mexico_hurricane,True,2cc087ef6adaaaa0b0650c4f5992c282d0847bb966325d4efbd74c1356b7030b
test,mexico_hurricane_00000022,mexico_hurricane,strictv1__test__mexico_hurricane_00000022,test,mexico_hurricane,True,9a107b6088a301249ac61636f2b29768c0712b79c9984fe97a55606290b00902
test,mexico_hurricane_00000024,mexico_hurricane,strictv1__test__mexico_hurricane_00000024,test,mexico_hurricane,True,adb443807be7199f4cc635c19e9a937b202b9bf82ab6f98a16f220ac578cd9b6
test,mexico_hurricane_00000027,mexico_hurricane,strictv1__test__mexico_hurricane_00000027,test,mexico_hurricane,True,a86e53b4b62d53d264ace86a583d1879af0bea16d97b6abf29b6932316c2a41a
test,mexico_hurricane_00000028,mexico_hurricane,strictv1__test__mexico_hurricane_00000028,test,mexico_hurricane,True,8206905b441a01a8653dca0c44ca01fd88ae2bda659a21f354add023b8edae52
test,mexico_hurricane_00000031,mexico_hurricane,strictv1__test__mexico_hurricane_00000031,test,mexico_hurricane,True,8d52680d780780cead2a9f640f5835942dad5043ba6cdc0da38e92eea6405eb6
test,mexico_hurricane_00000032,mexico_hurricane,strictv1__test__mexico_hurricane_00000032,test,mexico_hurricane,True,cf58e820ff9aed75200c10f71e01c1d4d68fb2231ed84c76ee3567dd577a9444
test,mexico_hurricane_00000037,mexico_hurricane,strictv1__test__mexico_hurricane_00000037,test,mexico_hurricane,True,b5f484ebe118ddd5d4d7258b00a4faadab68a1020d4b5a34ea4bb5eb9e398456
test,mexico_hurricane_00000038,mexico_hurricane,strictv1__test__mexico_hurricane_00000038,test,mexico_hurricane,True,9a674bd93e1c959b19b85882e8ab66380ab363e8ad02a79e844386e6dce0ad9b
test,mexico_hurricane_00000042,mexico_hurricane,strictv1__test__mexico_hurricane_00000042,test,mexico_hurricane,True,a3424d0570c75674c203257e9c871df22c8ea20c389318885fd5a06a7e10f43c
test,mexico_hurricane_00000043,mexico_hurricane,strictv1__test__mexico_hurricane_00000043,test,mexico_hurricane,True,3caf2451bf0a2277a8b66ecd57b7ec8302297b85be4fa651dfb2ba4f92bcaf7b
test,mexico_hurricane_00000045,mexico_hurricane,strictv1__test__mexico_hurricane_00000045,test,mexico_hurricane,True,f5d290917c63cdb899d75ce3d12f7606d4c8507bdc14b28912bf1e2dace1ef5c
test,mexico_hurricane_00000049,mexico_hurricane,strictv1__test__mexico_hurricane_00000049,test,mexico_hurricane,True,69f7a7e6644637f8f020eda1c9f0e2b7220d536c51ca112fda62ded08e822b0e
test,mexico_hurricane_00000053,mexico_hurricane,strictv1__test__mexico_hurricane_00000053,test,mexico_hurricane,True,e2daac0d4074c3d17da84c29e7a10bc894c29901c270f32ba9d748e11c849646
test,mexico_hurricane_00000054,mexico_hurricane,strictv1__test__mexico_hurricane_00000054,test,mexico_hurricane,True,0a45ac8310e898a949d36b7fd046537ddf639175c7472a1a49f9101a78053349
test,mexico_hurricane_00000056,mexico_hurricane,strictv1__test__mexico_hurricane_00000056,test,mexico_hurricane,True,644745297ddf5e706aa3e9456635c96adacf28697149ee3c5acc76447675a25b
test,mexico_hurricane_00000058,mexico_hurricane,strictv1__test__mexico_hurricane_00000058,test,mexico_hurricane,True,26f1dc1a1725a0e69005607e8ae0f4ca627135f9c92936530697a85121cb8da1
test,mexico_hurricane_00000060,mexico_hurricane,strictv1__test__mexico_hurricane_00000060,test,mexico_hurricane,True,f5704146a28e931ae20e7df56327fdfff86045d3a595822dcca5757fe5b1443b
test,mexico_hurricane_00000063,mexico_hurricane,strictv1__test__mexico_hurricane_00000063,test,mexico_hurricane,True,9a4d5f62804c98581342869333917b4cfa3b9c11e834f04e58a93215cfd7c583
test,mexico_hurricane_00000067,mexico_hurricane,strictv1__test__mexico_hurricane_00000067,test,mexico_hurricane,True,969bcc5a905a07bc97badf7fcbd2e2fe5459b6ed2be35178d2b42635f45403d6
test,mexico_hurricane_00000069,mexico_hurricane,strictv1__test__mexico_hurricane_00000069,test,mexico_hurricane,True,0286fc9d8ea10ddf1969991f3ef15417e34eb799afdacf490d385f212f49e863
test,mexico_hurricane_00000070,mexico_hurricane,strictv1__test__mexico_hurricane_00000070,test,mexico_hurricane,True,e0367a6489b489c61ce11893debc0e5bc392e88cb6eafccfbeb2587d4369e2ee
test,mexico_hurricane_00000074,mexico_hurricane,strictv1__test__mexico_hurricane_00000074,test,mexico_hurricane,True,d1efab7a1bfeafa75da761f88460824b397bb4dd87764a0197b44a15da5a7ee7
test,mexico_hurricane_00000075,mexico_hurricane,strictv1__test__mexico_hurricane_00000075,test,mexico_hurricane,True,ede934da8683be8de655fa9d0d66bd3983bf08ee41d0f51bf5a81c66007e7c33
test,mexico_hurricane_00000077,mexico_hurricane,strictv1__test__mexico_hurricane_00000077,test,mexico_hurricane,True,c19e8c3a329a2d42a132f557a0ebf2affadc209bc24ab7de6feb0f7a17983923
test,mexico_hurricane_00000080,mexico_hurricane,strictv1__test__mexico_hurricane_00000080,test,mexico_hurricane,True,0960fd3495b310baadf254d5e3306166476c9e2b8378f8875cc4ea6b752cbf67
test,mexico_hurricane_00000081,mexico_hurricane,strictv1__test__mexico_hurricane_00000081,test,mexico_hurricane,True,f8be80b4f8b5964ce0f68fed5c6ea0f9fb65c5875f89c86dc2c3d45f352faf1c
test,mexico_hurricane_00000084,mexico_hurricane,strictv1__test__mexico_hurricane_00000084,test,mexico_hurricane,True,503424b4fd1cc4c3e34fdcd33f53a290e2d4c2dc95f86995cffbf3ce3015198c
test,mexico_hurricane_00000085,mexico_hurricane,strictv1__test__mexico_hurricane_00000085,test,mexico_hurricane,True,f0382fee4eb6edda3188bc3ee335f85d7de102e4323ccf704166f93ab7ea90e9
test,mexico_hurricane_00000088,mexico_hurricane,strictv1__test__mexico_hurricane_00000088,test,mexico_hurricane,True,397579f181aa4b773dd6dc21b4abaa14ac01592d039ec321c3b372a896ab636d
test,mexico_hurricane_00000098,mexico_hurricane,strictv1__test__mexico_hurricane_00000098,test,mexico_hurricane,True,efc1c835ddfe5b4a1d85bd9c7d728824fec8c8e0feb02607f7af18781a5e0786
test,mexico_hurricane_00000101,mexico_hurricane,strictv1__test__mexico_hurricane_00000101,test,mexico_hurricane,True,499f06618ed6b24ef537572e3adf7317b6d70fa30144ace10236a5b939829a59
test,mexico_hurricane_00000102,mexico_hurricane,strictv1__test__mexico_hurricane_00000102,test,mexico_hurricane,True,79a253322a8ba5b37246d0b9d94cee7e794c6b4a039532ae27b8ae232bb78261
test,mexico_hurricane_00000106,mexico_hurricane,strictv1__test__mexico_hurricane_00000106,test,mexico_hurricane,True,15901ededa44bc8082aab274fb14c5a9add9dd4f6308ce7a49ca06dc0801c7f9
test,mexico_hurricane_00000107,mexico_hurricane,strictv1__test__mexico_hurricane_00000107,test,mexico_hurricane,True,205deab2e13449b3d68387cc4f7571d3635d5761e4920bae314be767c83e9e85
test,mexico_hurricane_00000109,mexico_hurricane,strictv1__test__mexico_hurricane_00000109,test,mexico_hurricane,True,1af5516ba66d944e00e86794ec2d2d98dbf412c54f7b5004b06244b81ee8b803
test,mexico_hurricane_00000111,mexico_hurricane,strictv1__test__mexico_hurricane_00000111,test,mexico_hurricane,True,2946d64819fe9a24fa138d121d3fb071d02d4e05eb0d410321dc3408831bea4c
test,mexico_hurricane_00000113,mexico_hurricane,strictv1__test__mexico_hurricane_00000113,test,mexico_hurricane,True,e4e253e13c8ae05df0b6226fd12ef96c93fa9a5e1256eeaa34a404e27a17d33d
test,mexico_hurricane_00000116,mexico_hurricane,strictv1__test__mexico_hurricane_00000116,test,mexico_hurricane,True,21b74315c1e7c93f5001a4be8bc608956c99a8378dfec55cfb568a28d7a955ad
test,mexico_hurricane_00000120,mexico_hurricane,strictv1__test__mexico_hurricane_00000120,test,mexico_hurricane,True,1c5a1eea10046b396208d991a507b177594db7376fa3c02dc056ecc85d23f256
test,mexico_hurricane_00000122,mexico_hurricane,strictv1__test__mexico_hurricane_00000122,test,mexico_hurricane,True,8a2e70d1fe44d1b3c811e6cff64f0df7e9c1b20f780374de863b0a1cbe95cfbe
test,mexico_hurricane_00000123,mexico_hurricane,strictv1__test__mexico_hurricane_00000123,test,mexico_hurricane,True,ff3351506da4d231e919a296fe81aaec3d2435e9e5112ba735333d7133ceb43d
test,mexico_hurricane_00000128,mexico_hurricane,strictv1__test__mexico_hurricane_00000128,test,mexico_hurricane,True,c04e175e2cd4e0b35caead7b1361fd63a421da563c08ed855674659d329277a7
test,mexico_hurricane_00000130,mexico_hurricane,strictv1__test__mexico_hurricane_00000130,test,mexico_hurricane,True,a7811fd666804d155c0b3df70681cd64c516f73669be6f6e51ea724505bc4c10
test,mexico_hurricane_00000133,mexico_hurricane,strictv1__test__mexico_hurricane_00000133,test,mexico_hurricane,True,b5f0390b880eec6a3d8739e01be03a8f3ae0a13e1446420ff1463f0831754f0b
test,mexico_hurricane_00000134,mexico_hurricane,strictv1__test__mexico_hurricane_00000134,test,mexico_hurricane,True,d2951e6b03c08d8975a8f48ce6fe250233f2c5b82d76acf87b1f0d64f963addb
test,mexico_hurricane_00000137,mexico_hurricane,strictv1__test__mexico_hurricane_00000137,test,mexico_hurricane,True,c8e2d6c15d7713b8462718f2ea40796d110efec90170294b847f16c5c8f8d0f9
test,mexico_hurricane_00000138,mexico_hurricane,strictv1__test__mexico_hurricane_00000138,test,mexico_hurricane,True,22c528ace95124dfb130f2dbe74ee99003f4b43b8d51a6a22186fc255872819f
test,mexico_hurricane_00000141,mexico_hurricane,strictv1__test__mexico_hurricane_00000141,test,mexico_hurricane,True,f66b8819fbbb926f555b3ed0b263234d982c46b15eaf79ec71bf94085ed0aa6e
test,mexico_hurricane_00000143,mexico_hurricane,strictv1__test__mexico_hurricane_00000143,test,mexico_hurricane,True,bd5b08aa0f3e87a83c8c1b6418eb9bbbfe740d9020177713f634133c3f40707b
test,mexico_hurricane_00000148,mexico_hurricane,strictv1__test__mexico_hurricane_00000148,test,mexico_hurricane,True,574e9eb2da26db287ddfb69247229196edff7bcc99a89fed4f9894f3dbd4e788
test,mexico_hurricane_00000149,mexico_hurricane,strictv1__test__mexico_hurricane_00000149,test,mexico_hurricane,True,62874cd71a67058b8adc7a7fc17255f22ec2945f096926d716afb1a3b04d78bf
test,mexico_hurricane_00000151,mexico_hurricane,strictv1__test__mexico_hurricane_00000151,test,mexico_hurricane,True,425a5a5b1ed47cf2ab4f9447fbfa2aadf41f8ee01147a454af128a583d54e9d5
test,mexico_hurricane_00000154,mexico_hurricane,strictv1__test__mexico_hurricane_00000154,test,mexico_hurricane,True,f73534542f4422463c1c5ceace9224eea854f6ee15760e700cd83d3655e7e3d5
test,mexico_hurricane_00000155,mexico_hurricane,strictv1__test__mexico_hurricane_00000155,test,mexico_hurricane,True,f5403ed7429829b553139c92117302a21059dd132ed7c7e461c1631cbd2bc2e9
test,mexico_hurricane_00000160,mexico_hurricane,strictv1__test__mexico_hurricane_00000160,test,mexico_hurricane,True,872e1560e4ffe453bed2f1b83b5a1ced4173d863106561257349002332734088
test,mexico_hurricane_00000162,mexico_hurricane,strictv1__test__mexico_hurricane_00000162,test,mexico_hurricane,True,2f8e8335836330a27e526589d740b3430bc63f6b2064adbef8177e3385a7c455
test,mexico_hurricane_00000164,mexico_hurricane,strictv1__test__mexico_hurricane_00000164,test,mexico_hurricane,True,28195b68cf2396b57452e49429db2fa0a2c0065e645e698ef7d1d7d83f77b8ef
test,mexico_hurricane_00000166,mexico_hurricane,strictv1__test__mexico_hurricane_00000166,test,mexico_hurricane,True,1b6c0da037e89b22d2568afcc634baac8e575a413f3e8cc9718b43e3ca944cf1
test,mexico_hurricane_00000169,mexico_hurricane,strictv1__test__mexico_hurricane_00000169,test,mexico_hurricane,True,7735cc0f1d5399d9cb6a0c04497e18452db80a9455d67a3ad3e6791158c9a5c5
test,mexico_hurricane_00000170,mexico_hurricane,strictv1__test__mexico_hurricane_00000170,test,mexico_hurricane,True,03f38f91ec2acbfec24b958cc74c79ec8aa8042feefeb64036c64dc65f02c158
test,mexico_hurricane_00000175,mexico_hurricane,strictv1__test__mexico_hurricane_00000175,test,mexico_hurricane,True,bae8eba6fe216ea5a00dec3d522eb06e9ca40b7e1c68ee24f99a490e2ccb626d
test,mexico_hurricane_00000176,mexico_hurricane,strictv1__test__mexico_hurricane_00000176,test,mexico_hurricane,True,60bf134cfe8321123a267af8f4a703e6d8f4678203e518f50182c9cfd8718fd8
test,mexico_hurricane_00000180,mexico_hurricane,strictv1__test__mexico_hurricane_00000180,test,mexico_hurricane,True,6e0c833e48c7fcf07c28aa6ecc61d283c43c72bc0f900eb121016f0d3bd3d2d6
test,mexico_hurricane_00000181,mexico_hurricane,strictv1__test__mexico_hurricane_00000181,test,mexico_hurricane,True,31dfed877f0037857770eb0f332b14c108691567e666100b8c8cf54289c19f48
test,mexico_hurricane_00000183,mexico_hurricane,strictv1__test__mexico_hurricane_00000183,test,mexico_hurricane,True,9e338514e8f4267da93ddcc900d42677fa690b83eebd1332b11d419c1d52ec90
test,mexico_hurricane_00000186,mexico_hurricane,strictv1__test__mexico_hurricane_00000186,test,mexico_hurricane,True,cf046230f9709554825903f3d6aefa05fe2020cc51239f77bfef3a8cb99d4807
test,mexico_hurricane_00000187,mexico_hurricane,strictv1__test__mexico_hurricane_00000187,test,mexico_hurricane,True,ccf15fc3bee4248b56f1de4a7acc43917a4598e8f61035d697276c7f49270d83
test,mexico_hurricane_00000190,mexico_hurricane,strictv1__test__mexico_hurricane_00000190,test,mexico_hurricane,True,d22ae67899b3729f3998775cc91c39e1a093ead369e866f3d332b490b5fcd376
test,mexico_hurricane_00000191,mexico_hurricane,strictv1__test__mexico_hurricane_00000191,test,mexico_hurricane,True,72da29ca92918457d86e0c0904e8d96e708a01de8add33a906de372c61b8d36f
test,mexico_hurricane_00000194,mexico_hurricane,strictv1__test__mexico_hurricane_00000194,test,mexico_hurricane,True,4a5dce725f44f77f46c18ca42218fc0d981ce39a55c45effcc97a0b5fd63efa0
test,mexico_hurricane_00000196,mexico_hurricane,strictv1__test__mexico_hurricane_00000196,test,mexico_hurricane,True,f8004c98f9457b01b791ad972464c0980a79463182b79ceb9ba00f7433b82ed0
test,mexico_hurricane_00000197,mexico_hurricane,strictv1__test__mexico_hurricane_00000197,test,mexico_hurricane,True,9bdc39570d6b9f2b8294c528891b89552a63c449c50a2145c46cb3a122705626
test,mexico_hurricane_00000201,mexico_hurricane,strictv1__test__mexico_hurricane_00000201,test,mexico_hurricane,True,d1416bf8b24052067ee40753ef1a52e5cf8eebef7dbd8bb3209623acd7a96348
test,mexico_hurricane_00000202,mexico_hurricane,strictv1__test__mexico_hurricane_00000202,test,mexico_hurricane,True,058ee775cc83156c7a7877b8e4c7780d596b22d99580636ebc04637634a76790
test,mexico_hurricane_00000204,mexico_hurricane,strictv1__test__mexico_hurricane_00000204,test,mexico_hurricane,True,0873b05358b221d8dae67f86339fc995721d03f7074a2066aebc7f144c5c400f
test,mexico_hurricane_00000207,mexico_hurricane,strictv1__test__mexico_hurricane_00000207,test,mexico_hurricane,True,27b746e385c036ba509cdb50108c0446dc531f694e70618e7afcab99b1ca6329
test,mexico_hurricane_00000208,mexico_hurricane,strictv1__test__mexico_hurricane_00000208,test,mexico_hurricane,True,6aefa0f1d208c5341de2d70fe96c019ecaa5f0b21190ad50b31607b315624469
test,morocco_earthquake_00000286,morocco_earthquake,strictv1__test__morocco_earthquake_00000286,val,morocco_earthquake,True,7974a5623e0ea182a37c9ed101ebf923b02e43f22fd8b7a1fd175f81dca2495f
test,morocco_earthquake_00000297,morocco_earthquake,strictv1__test__morocco_earthquake_00000297,val,morocco_earthquake,True,44c1eb7e45798d3881edd9fcfcf8e79204813ff8243b2e0a84c98b90aa3cc497
test,morocco_earthquake_00000298,morocco_earthquake,strictv1__test__morocco_earthquake_00000298,val,morocco_earthquake,True,a96961c569ecd1aa315993e7d0b6e565fc5d0ea487fa07cfa8981a34725028ab
test,morocco_earthquake_00000306,morocco_earthquake,strictv1__test__morocco_earthquake_00000306,val,morocco_earthquake,True,76260930e186dd559a2281734371673462a44f2e82f69c89341ebd24300f83eb
test,morocco_earthquake_00000307,morocco_earthquake,strictv1__test__morocco_earthquake_00000307,val,morocco_earthquake,True,026427d8b49b899088410d937b49f421d8786066aa4e3fce839a4042b97db959
test,morocco_earthquake_00000316,morocco_earthquake,strictv1__test__morocco_earthquake_00000316,val,morocco_earthquake,True,22b73f639c82cb5e67924a21277f267fffdd0bc57ddb466276fb47ff4b2260c2
test,morocco_earthquake_00000317,morocco_earthquake,strictv1__test__morocco_earthquake_00000317,val,morocco_earthquake,True,4e932aef6641982c08bb707ceb45f99d6e4bf7314ec13ae33035de46bcc70097
test,morocco_earthquake_00000324,morocco_earthquake,strictv1__test__morocco_earthquake_00000324,val,morocco_earthquake,True,4733b8dae623c04e51eb7399ab0016e1aca3474fb14be1a4a3603c24b0d19ab8
test,morocco_earthquake_00000325,morocco_earthquake,strictv1__test__morocco_earthquake_00000325,val,morocco_earthquake,True,a73925becc3c818bac92752586d3f14ba7f9f412f802d2a37d9ae26a61356268
test,morocco_earthquake_00000335,morocco_earthquake,strictv1__test__morocco_earthquake_00000335,val,morocco_earthquake,True,7cc65c9be20d79720f8fbef163f03a6b86f082dbdd7221c4328c312e220b7e77
test,morocco_earthquake_00000345,morocco_earthquake,strictv1__test__morocco_earthquake_00000345,val,morocco_earthquake,True,06287b1776d764f885273f690d15f979a3050ecad78f0459639f6c96781a5903
test,morocco_earthquake_00000346,morocco_earthquake,strictv1__test__morocco_earthquake_00000346,val,morocco_earthquake,True,fc0e3b6ae93bfd8dd60510ba973e741693b8b96925e2cdf91410c8ec656fe85a
test,morocco_earthquake_00000353,morocco_earthquake,strictv1__test__morocco_earthquake_00000353,val,morocco_earthquake,True,d3ca521cada0569c1df0ce48f34ec239251de8d767c82bd5ff61a35cbc0c9f82
test,morocco_earthquake_00000354,morocco_earthquake,strictv1__test__morocco_earthquake_00000354,val,morocco_earthquake,True,1309a1bc682ea95f062986d9098f5a17c92cc5c291d4d603ffa82b7656a81c06
test,morocco_earthquake_00000371,morocco_earthquake,strictv1__test__morocco_earthquake_00000371,val,morocco_earthquake,True,1a234d5cf704b0bb2c76b3f2936883f146961288dc430bbe60acf9d95b36b694
test,morocco_earthquake_00000372,morocco_earthquake,strictv1__test__morocco_earthquake_00000372,val,morocco_earthquake,True,a02e257cf26965e88db349f4d1548abf15fa4f91c1f9055dde972e9c8323c733
test,morocco_earthquake_00000379,morocco_earthquake,strictv1__test__morocco_earthquake_00000379,val,morocco_earthquake,True,200749d4525a4093926e7b0f00cc7fc62fb9b90a86057eaafa98ae18ba68d15f
test,morocco_earthquake_00000388,morocco_earthquake,strictv1__test__morocco_earthquake_00000388,val,morocco_earthquake,True,55729c4b7d647f41da6c8dadc408e8ac373152a7fa478f386935d7bbf8ac21eb
test,morocco_earthquake_00000389,morocco_earthquake,strictv1__test__morocco_earthquake_00000389,val,morocco_earthquake,True,8a1590b41bc9ba7187c3410371149fc3197bfe70a00ecd4ed00d76bd3cf7d9d4
test,morocco_earthquake_00000396,morocco_earthquake,strictv1__test__morocco_earthquake_00000396,val,morocco_earthquake,True,036e8f8a265de6c3cd300035c6ffa54ee9056a3a61b0108b058a20f02c18be62
test,morocco_earthquake_00000397,morocco_earthquake,strictv1__test__morocco_earthquake_00000397,val,morocco_earthquake,True,7a026e22f3d04091f825a718210f97db3fcbed6f9832b20adade94032fd2722c
test,morocco_earthquake_00000406,morocco_earthquake,strictv1__test__morocco_earthquake_00000406,val,morocco_earthquake,True,a79264d9f60aa2464da3e429e15917093d172db0635e3f80abcd19d65a26360e
test,morocco_earthquake_00000407,morocco_earthquake,strictv1__test__morocco_earthquake_00000407,val,morocco_earthquake,True,461c09591a620983b1a461ba64d5abc4083e0011651fe997285a141fed46a454
test,morocco_earthquake_00000433,morocco_earthquake,strictv1__test__morocco_earthquake_00000433,val,morocco_earthquake,True,2f6cbe31d4b98b24b729358e8da95e278a8127dad6e3971b70b4606fc91066fc
test,morocco_earthquake_00000434,morocco_earthquake,strictv1__test__morocco_earthquake_00000434,val,morocco_earthquake,True,462e1998c069605364e717aeb8461cd806224c9f9c6c47c2473ac044d23fc37c
test,morocco_earthquake_00000443,morocco_earthquake,strictv1__test__morocco_earthquake_00000443,val,morocco_earthquake,True,9581f7785128476aaaf1332e8cb43143c73afba7fc0786ec1e6b587375d2c71f
test,morocco_earthquake_00000478,morocco_earthquake,strictv1__test__morocco_earthquake_00000478,val,morocco_earthquake,True,7dafc2db5eb35649a480e198b0ddb14387118647010315498a44770d6f0dcd44
test,morocco_earthquake_00000526,morocco_earthquake,strictv1__test__morocco_earthquake_00000526,val,morocco_earthquake,True,d428cfc89d4deefe13cc58d33a710c5e25adf7f0e558eea5e7ecb8d6b9ab4757
test,morocco_earthquake_00000546,morocco_earthquake,strictv1__test__morocco_earthquake_00000546,val,morocco_earthquake,True,0ccaf8fee9bcd2ba7babc4fff50b81da0bba95bbb8288c23df6341bcc9bb5d55
test,morocco_earthquake_00000554,morocco_earthquake,strictv1__test__morocco_earthquake_00000554,val,morocco_earthquake,True,1e0c6be526a787be419766ff1be6a2532c2014c388c9547b26e626f6d128936b
test,morocco_earthquake_00000555,morocco_earthquake,strictv1__test__morocco_earthquake_00000555,val,morocco_earthquake,True,a1debb39cb9e49dce7d47c1903194e5f2ccbde460d1bf962b9eff3fe890b469e
test,myanmar_hurricane_00000029,myanmar_hurricane,strictv1__test__myanmar_hurricane_00000029,train,myanmar_hurricane,True,3b9dcc3b1c3a4071454ab2e835b84790387524e00689b7431b5062fbe138e99d
test,myanmar_hurricane_00000037,myanmar_hurricane,strictv1__test__myanmar_hurricane_00000037,train,myanmar_hurricane,True,bbf97d6cb4b1ace23463f6380386d05fd1eb671416ab808603a9647890b0fce7
test,myanmar_hurricane_00000046,myanmar_hurricane,strictv1__test__myanmar_hurricane_00000046,train,myanmar_hurricane,True,5ba8ddf1250f7a0b1901ce522e1028fc4fe6bbd95b0aed5e78ed788371a0036b
test,myanmar_hurricane_00000050,myanmar_hurricane,strictv1__test__myanmar_hurricane_00000050,train,myanmar_hurricane,True,255578fe851f904b7aff465933222819f0f776b5910dbea098ab3a191dfbc303
test,myanmar_hurricane_00000058,myanmar_hurricane,strictv1__test__myanmar_hurricane_00000058,train,myanmar_hurricane,True,d0321d6bc35ee887831aec49a55afd1aa67c9eeac277c48f8fc88aa8615c6d57
test,myanmar_hurricane_00000063,myanmar_hurricane,strictv1__test__myanmar_hurricane_00000063,train,myanmar_hurricane,True,33e980ca87c19fa99b26bf30aff025288767977cec424304f1029760b1ff17e9
test,myanmar_hurricane_00000067,myanmar_hurricane,strictv1__test__myanmar_hurricane_00000067,train,myanmar_hurricane,True,23b0efd85959f7fb3df22ebb63133677f829e4e4e11f738055262d306d5fec27
test,myanmar_hurricane_00000071,myanmar_hurricane,strictv1__test__myanmar_hurricane_00000071,train,myanmar_hurricane,True,4730fac3059b0bdc001da353f79f50c2d8e7bc95b6f72bfc28e55b1f0ed557c7
test,myanmar_hurricane_00000075,myanmar_hurricane,strictv1__test__myanmar_hurricane_00000075,train,myanmar_hurricane,True,413b1ce9dc74972f250920601d4e14e7765238baefbecf8bb4ad657e92184999
test,myanmar_hurricane_00000079,myanmar_hurricane,strictv1__test__myanmar_hurricane_00000079,train,myanmar_hurricane,True,6fc2590258765c2695dc3a854c7d822ca32fc6cdbc58717cf7660a454144c69b
test,myanmar_hurricane_00000084,myanmar_hurricane,strictv1__test__myanmar_hurricane_00000084,train,myanmar_hurricane,True,eaef557100fa490b5f99e2befe3eb4032288dab3b7197eddd2f6e4ef978b1618
test,myanmar_hurricane_00000088,myanmar_hurricane,strictv1__test__myanmar_hurricane_00000088,train,myanmar_hurricane,True,e837d57939d648dd8f81ed90ec5360ddcfad0867d141d39f087900d43ec1c107
test,myanmar_hurricane_00000092,myanmar_hurricane,strictv1__test__myanmar_hurricane_00000092,train,myanmar_hurricane,True,7ef7efa800ab06f22024b2b7a4767012bee3ae47799bcf9115f66213fe8d1a59
test,myanmar_hurricane_00000096,myanmar_hurricane,strictv1__test__myanmar_hurricane_00000096,train,myanmar_hurricane,True,58eb27bb7fbd97eb6d4baca82368f5cc4db53c559f40b2b24620d7deda86b7bf
test,myanmar_hurricane_00000100,myanmar_hurricane,strictv1__test__myanmar_hurricane_00000100,train,myanmar_hurricane,True,29b43c69e481316110589f2bc6f1f43cc9f611207ad049c3843ad36b74160c43
test,myanmar_hurricane_00000105,myanmar_hurricane,strictv1__test__myanmar_hurricane_00000105,train,myanmar_hurricane,True,04f74cfe68da063515466009e5c25acfd4b4538270e73ce1e0ea85cd066ee444
test,myanmar_hurricane_00000109,myanmar_hurricane,strictv1__test__myanmar_hurricane_00000109,train,myanmar_hurricane,True,e71d83ab818d341592d11485c597570bc908637165a88eaa0f6d290b279276fb
test,myanmar_hurricane_00000113,myanmar_hurricane,strictv1__test__myanmar_hurricane_00000113,train,myanmar_hurricane,True,d73512464e102e98321af42453e86340f301b0e0118af2c5889a9a2c491bb8dd
test,myanmar_hurricane_00000117,myanmar_hurricane,strictv1__test__myanmar_hurricane_00000117,train,myanmar_hurricane,True,6e11ce9a1b9196a30f4393d487b00371a33db09695ba164404767083978f30f6
test,noto_earthquake_124,noto_earthquake,strictv1__test__noto_earthquake_124,test,noto_earthquake,True,441d715f34a2e65b1425bcdcd7ff2200efe0556450b00bb05665e3c630d35cb3
test,noto_earthquake_126,noto_earthquake,strictv1__test__noto_earthquake_126,test,noto_earthquake,True,56dda2178efb0ca6e96cac5714266a634f49a677d8e79bcfc8a053e8f520eb40
test,noto_earthquake_142,noto_earthquake,strictv1__test__noto_earthquake_142,test,noto_earthquake,True,6061cfe85f992017ee41c27a142a46456bf5e435a3a5d9c667c8795e81f86003
test,noto_earthquake_152,noto_earthquake,strictv1__test__noto_earthquake_152,test,noto_earthquake,True,22e9ad5c1a15768b0ea6c0c7c040be92210cd56f29acbf2e3bd733caa5b08765
test,noto_earthquake_153,noto_earthquake,strictv1__test__noto_earthquake_153,test,noto_earthquake,True,0b1b90cf2df47967e99e67c7aad7b42b74ee59ba2e6378b7754ae25bcdb5eae5
test,noto_earthquake_157,noto_earthquake,strictv1__test__noto_earthquake_157,test,noto_earthquake,True,da035f4f0451b01ff29d2cf2c2cec093ad82963e5b38c2dad39b3db99b49bc6a
test,noto_earthquake_160,noto_earthquake,strictv1__test__noto_earthquake_160,test,noto_earthquake,True,6ce0cf137961380388422280efe48a8c063628385ddfab12346fef846a8167f7
test,noto_earthquake_161,noto_earthquake,strictv1__test__noto_earthquake_161,test,noto_earthquake,True,7459cb2cdceb635664f67c2cdc74a740074fd0f3fed28670715743aaf8e99614
test,noto_earthquake_162,noto_earthquake,strictv1__test__noto_earthquake_162,test,noto_earthquake,True,37efd202802336091c450918726ca9d133f8e48adb7c82e7bbf8c8c273e07ee4
test,noto_earthquake_163,noto_earthquake,strictv1__test__noto_earthquake_163,test,noto_earthquake,True,ec79d68e73b1646ac11b660a756e0e42a6a9fe20934388bf48d8a663e9125eab
test,noto_earthquake_170,noto_earthquake,strictv1__test__noto_earthquake_170,test,noto_earthquake,True,eae8d61b89b1b43d9a37d537116f14e4a6190dbde8767b1c725845fda8accf51
test,noto_earthquake_171,noto_earthquake,strictv1__test__noto_earthquake_171,test,noto_earthquake,True,45140f02c8accca09bb303e7742ddaa2c52aed08d0437cc77980793c92f28891
test,noto_earthquake_172,noto_earthquake,strictv1__test__noto_earthquake_172,test,noto_earthquake,True,3298d8a4fde7d425197aa200b752d46f52873c53274dc5edeae257265ea9640b
test,noto_earthquake_173,noto_earthquake,strictv1__test__noto_earthquake_173,test,noto_earthquake,True,436b025f2fda1978a1d3805d212f9639e90b46dea718fe375fc49d4d4e313cf5
test,noto_earthquake_174,noto_earthquake,strictv1__test__noto_earthquake_174,test,noto_earthquake,True,f9a96102903e5f984eca02392b2d87bea3faae9e77077a9b9a9b76073dc1bfc5
test,noto_earthquake_175,noto_earthquake,strictv1__test__noto_earthquake_175,test,noto_earthquake,True,a3a828c2b0e4de55348df940cd498707b5791ef155aa048cd0cc29ed266b6648
test,noto_earthquake_179,noto_earthquake,strictv1__test__noto_earthquake_179,test,noto_earthquake,True,8d26d3dbf28461a01476e1dd202087f085ab8d96ecc87d18851c48ed861d71b8
test,noto_earthquake_180,noto_earthquake,strictv1__test__noto_earthquake_180,test,noto_earthquake,True,2e12463842ce898e73c597b71186bc21a971c41f7b6d4067f7ff3bbefbacddaf
test,noto_earthquake_181,noto_earthquake,strictv1__test__noto_earthquake_181,test,noto_earthquake,True,c20afa26717a8859dd2cb2429ec0734de5ec7db7270075335bd47b32c7a3837f
test,noto_earthquake_182,noto_earthquake,strictv1__test__noto_earthquake_182,test,noto_earthquake,True,643a677bd75348d07264e6827eb92aef53703c6e8df9743211ce16e6c9edae69
test,noto_earthquake_184,noto_earthquake,strictv1__test__noto_earthquake_184,test,noto_earthquake,True,30ba079dd1064db24ea5cd4b6c64e1d69139211fc4ff75700d55ebbe6c3f9a32
test,noto_earthquake_185,noto_earthquake,strictv1__test__noto_earthquake_185,test,noto_earthquake,True,6489601b2b17e06fbfe66e850db379da501d6d4e2734c94cf7f3cf872df5b5fc
test,noto_earthquake_186,noto_earthquake,strictv1__test__noto_earthquake_186,test,noto_earthquake,True,19aee666ce8252ee717d395689a1e4d501cc5e9470341a7c729faa21935c0d94
test,noto_earthquake_188,noto_earthquake,strictv1__test__noto_earthquake_188,test,noto_earthquake,True,cec75c0d7c87b2b2db8d6d2a92142d9599099cb3335db27d2f45da2c9ee42876
test,noto_earthquake_189,noto_earthquake,strictv1__test__noto_earthquake_189,test,noto_earthquake,True,585235f07593ee992722df4fc9fb75d32b63efb90016295a3cf5cd55e27a5538
test,noto_earthquake_190,noto_earthquake,strictv1__test__noto_earthquake_190,test,noto_earthquake,True,e9e5c16c4cb938b073b673f320cdf19feeb04f2b4534796e6985d8feff161157
test,rwanda_volcano_00000012,rwanda_volcano,strictv1__test__rwanda_volcano_00000012,test,rwanda_volcano,True,a13cd67ecc413b1cda6e8580f0b4541ca48d448dea0f493f280d09a8a0df0eb9
test,rwanda_volcano_00000024,rwanda_volcano,strictv1__test__rwanda_volcano_00000024,test,rwanda_volcano,True,1428f6e4ea9ca9a0e054a81488cbce85deaccb2910bd91f6b38e27883a814df1
test,rwanda_volcano_00000028,rwanda_volcano,strictv1__test__rwanda_volcano_00000028,test,rwanda_volcano,True,c135c5fee1db85a0a390a65bfad9d8491e2c532d0b22c7d3387965a5ec6cc539
test,rwanda_volcano_00000036,rwanda_volcano,strictv1__test__rwanda_volcano_00000036,test,rwanda_volcano,True,e44a63ad51157cea0431d5c8b23084678dd528de251359f68c4606cc873d59ed
test,rwanda_volcano_00000041,rwanda_volcano,strictv1__test__rwanda_volcano_00000041,test,rwanda_volcano,True,a9389f5e1bb2116403d9773140aad98b13a9fcf851ee51b4aab3191531056251
test,rwanda_volcano_00000045,rwanda_volcano,strictv1__test__rwanda_volcano_00000045,test,rwanda_volcano,True,0a10920ff068b62b293f4cf331f745dfaac257e2f83f78811a4cb03407e41200
test,rwanda_volcano_00000049,rwanda_volcano,strictv1__test__rwanda_volcano_00000049,test,rwanda_volcano,True,2fee0b2bb6798beb201d4b8885494e67d8a655f38b507c73880c44ee4310ad13
test,rwanda_volcano_00000053,rwanda_volcano,strictv1__test__rwanda_volcano_00000053,test,rwanda_volcano,True,931d1c7e8abeaa2e36302007b2799f4527a1dc0b804e51210e7553b4c2bb419c
test,rwanda_volcano_00000061,rwanda_volcano,strictv1__test__rwanda_volcano_00000061,test,rwanda_volcano,True,71dead45df8edfeb04df70eeb8d31f66aec8ee2379ce428e4b1630761da5a620
test,rwanda_volcano_00000065,rwanda_volcano,strictv1__test__rwanda_volcano_00000065,test,rwanda_volcano,True,df9275cbf836f8181defb9ebb84ca145bde47b324480f5981c7fb08ff170297e
test,rwanda_volcano_00000069,rwanda_volcano,strictv1__test__rwanda_volcano_00000069,test,rwanda_volcano,True,800bf9676c66913d2462c14bec87b124c79097ff3b36b6b055869851b50ffe4c
test,rwanda_volcano_00000073,rwanda_volcano,strictv1__test__rwanda_volcano_00000073,test,rwanda_volcano,True,4fb461731a7c80c45c8acf3005e93b6ad667327249d85700969eca664b98d7bc
test,rwanda_volcano_00000077,rwanda_volcano,strictv1__test__rwanda_volcano_00000077,test,rwanda_volcano,True,b5e5b350dc321eeadcf00dfe2154b03484526c22a2bb81989c5bfc845ab769c2
test,rwanda_volcano_00000082,rwanda_volcano,strictv1__test__rwanda_volcano_00000082,test,rwanda_volcano,True,4eafe8bcbba596cd93124fa4effcff3e73b69e3feb2f4e836d64bdddbe515eea
test,rwanda_volcano_00000086,rwanda_volcano,strictv1__test__rwanda_volcano_00000086,test,rwanda_volcano,True,1dd08bbe4737cf5fd2ff7120cde64f962238236956059ebef23c58cda23d0d53
test,rwanda_volcano_00000094,rwanda_volcano,strictv1__test__rwanda_volcano_00000094,test,rwanda_volcano,True,692a474709b377df1a8ab31d1be00dc8d313047fa34b72b6a7186f81d312c7fd
test,rwanda_volcano_00000102,rwanda_volcano,strictv1__test__rwanda_volcano_00000102,test,rwanda_volcano,True,d7a4123394ffa47e3a58362f3c1cacac31e7e040ed03b97c8b6c6701656624ef
test,rwanda_volcano_00000106,rwanda_volcano,strictv1__test__rwanda_volcano_00000106,test,rwanda_volcano,True,f3d0a968486044342550dea17b3e67c9cff86be391ef7f337cb7834fd4d06935
test,rwanda_volcano_00000110,rwanda_volcano,strictv1__test__rwanda_volcano_00000110,test,rwanda_volcano,True,6e152eba5ef35e243509df4211a38dbea3a807fa5ca73cb47384878b44062b93
test,rwanda_volcano_00000114,rwanda_volcano,strictv1__test__rwanda_volcano_00000114,test,rwanda_volcano,True,6f2ef0b633e5ce3ddd2e062e3616b69f12bef167d42748b8762d3db8ff6b0d39
test,rwanda_volcano_00000118,rwanda_volcano,strictv1__test__rwanda_volcano_00000118,test,rwanda_volcano,True,35b5e8e1bc1229117af9aa8664d1188501bdc82c89784be6f1a4d0017d4a0e79
test,spain_volcano_00000001,spain_volcano,strictv1__test__la_palma_volcano_00000001,train,spain_la_palma_volcano,False,7baf973b734c26e826a03ed5e82561c233ac19ad562aab8746485d2f26c51ae8
test,spain_volcano_00000031,spain_volcano,strictv1__train__la_palma_volcano_00000031,train,spain_la_palma_volcano,False,f1f3e96d34b8f03977f7f043cb0d48b2f4d45090bc592fffb15127911e67939d
test,spain_volcano_00000062,spain_volcano,strictv1__train__la_palma_volcano_00000062,train,spain_la_palma_volcano,False,a79d4d748c2e53940ea85d7cc34b0b400339a69797a5e8bb8fee80163c629e3a
test,spain_volcano_00000063,spain_volcano,strictv1__train__la_palma_volcano_00000063,train,spain_la_palma_volcano,False,55f454b7cf73c4a33c11fb8ca57c38f28a568f2d9a69da43867e1ed450c0160b
test,spain_volcano_00000093,spain_volcano,strictv1__train__la_palma_volcano_00000093,train,spain_la_palma_volcano,False,1237f382b7a201fe5447e0fef1678bc90249d5de1d2b4f3b8c068889959e7b8a
test,spain_volcano_00000094,spain_volcano,strictv1__train__la_palma_volcano_00000094,train,spain_la_palma_volcano,False,6a3b4cca9109d81f8986f1a7eda2506dcd9c3695fa4864b16eb25164f87bd133
test,spain_volcano_00000124,spain_volcano,strictv1__train__la_palma_volcano_00000124,train,spain_la_palma_volcano,False,b22e684b37011c526031c94f20ae308a5e78209ed98cb3dc995b9dc652f54673
test,spain_volcano_00000125,spain_volcano,strictv1__train__la_palma_volcano_00000125,train,spain_la_palma_volcano,False,9bfb361770ed751fff3cea0abc126b101cc88c3e058eafedfc9caf793ad9d019
test,spain_volcano_00000155,spain_volcano,strictv1__train__la_palma_volcano_00000155,train,spain_la_palma_volcano,False,5a23e6348d2b522bbf1f6c37de388722ed4ebdeddbb3097a5e44e2c1dd8ff310
test,spain_volcano_00000156,spain_volcano,strictv1__train__la_palma_volcano_00000156,train,spain_la_palma_volcano,False,59395fcfb21c97b819782d2a63411ca38fe07ebf043968ba94f3f1f684858aef
test,spain_volcano_00000187,spain_volcano,strictv1__train__la_palma_volcano_00000187,train,spain_la_palma_volcano,False,38aa061f20f1491ad374f50afb902cc644ebd317becb1691eeb7d0ec94de361e
test,spain_volcano_00000217,spain_volcano,strictv1__train__la_palma_volcano_00000217,train,spain_la_palma_volcano,False,01ddc938b7d29a5b943819bcf0bd00b1f2ff2892e13f885bae3161518134c8ad
test,spain_volcano_00000218,spain_volcano,strictv1__train__la_palma_volcano_00000218,train,spain_la_palma_volcano,False,159c49cf5768f14e15d34985cec8ee028c48a3d99a7cf5d19e9e96ce15fd0143
test,spain_volcano_00000248,spain_volcano,strictv1__train__la_palma_volcano_00000248,train,spain_la_palma_volcano,False,2b24d38798ae90577360e20da13d8ac5b345402de5c9efc7b098a1b54f53ef4c
test,spain_volcano_00000249,spain_volcano,strictv1__train__la_palma_volcano_00000249,train,spain_la_palma_volcano,False,7608c2c072dacb713a316a73a050556940aea0f7a55fdb04bbbcf13df19eee4c
test,spain_volcano_00000279,spain_volcano,strictv1__train__la_palma_volcano_00000279,train,spain_la_palma_volcano,False,168e94b1291328a638cc744b9f6fa694288da53d4c2832df3ac96f57c249f02b
test,spain_volcano_00000280,spain_volcano,strictv1__train__la_palma_volcano_00000280,train,spain_la_palma_volcano,False,c26a82a5161a5b0683113e6ca45d8246cb3cc58b44776cb54727d5c0d52c3ef6
test,spain_volcano_00000311,spain_volcano,strictv1__train__la_palma_volcano_00000311,train,spain_la_palma_volcano,False,e60a755afff54a58cac1acc438017a43e65c96640191167293eb975298101d5d
test,spain_volcano_00000312,spain_volcano,strictv1__train__la_palma_volcano_00000312,train,spain_la_palma_volcano,False,e2833ba2c44206f528cfdeb61b6a2ff891f45a47d1a0074ddaddb893f5664d85
test,spain_volcano_00000435,spain_volcano,strictv1__train__la_palma_volcano_00000435,train,spain_la_palma_volcano,False,9f89fc2f75678c5747f76911d148b35e014d9ad91cf944aab6b5afd5e7a5114a
test,spain_volcano_00000466,spain_volcano,strictv1__train__la_palma_volcano_00000466,train,spain_la_palma_volcano,False,abb91216bb4c49652c85b44e58fdf355fa6d975131589ce2920aa82177e9b83c
test,spain_volcano_00000497,spain_volcano,strictv1__train__la_palma_volcano_00000497,train,spain_la_palma_volcano,False,2ec52a02ad7a15cd6dc4c5cd8497759e7599c357dcfe6b0086a0875b88c739e2
test,spain_volcano_00000498,spain_volcano,strictv1__test__la_palma_volcano_00000498,train,spain_la_palma_volcano,False,0bf0cdf2ad69b8f3eedf02eaa2427125d1fdcdd28fffec81a27690d782a454a5
test,spain_volcano_00000528,spain_volcano,strictv1__train__la_palma_volcano_00000528,train,spain_la_palma_volcano,False,82b11e01638190857c55e03fcef2768fef5473861f95dfca73ae28e87f59eed7
test,spain_volcano_00000622,spain_volcano,strictv1__train__la_palma_volcano_00000622,train,spain_la_palma_volcano,False,d4c862af315d722de34239214c4685fb58e7c3899e5ca99c043928236b535743
test,spain_volcano_00000623,spain_volcano,strictv1__train__la_palma_volcano_00000623,train,spain_la_palma_volcano,False,1105dc822723f62674a10fe9e664b5ca01b665142d9426bb1007d95626742fab
test,spain_volcano_00000653,spain_volcano,strictv1__train__la_palma_volcano_00000653,train,spain_la_palma_volcano,False,0a11b588e74cab6e583dc999d25eccded885ca35b225213a6363d067a21c7d25
test,spain_volcano_00000654,spain_volcano,strictv1__train__la_palma_volcano_00000654,train,spain_la_palma_volcano,False,82327d3abe7b8f0925badc004c15c9f070bd4388ca105e5f09f6e3d30b68596e
test,spain_volcano_00000684,spain_volcano,strictv1__train__la_palma_volcano_00000684,train,spain_la_palma_volcano,False,c5142391945aa957939d706cd94b2fdc7c9f488e1e389bc7f22708114b59cce9
test,spain_volcano_00000685,spain_volcano,strictv1__test__la_palma_volcano_00000685,train,spain_la_palma_volcano,False,6e339881f0949f6b0dfcd788c3004431f06f027590b219ef33741109db7a2ef6
test,spain_volcano_00000715,spain_volcano,strictv1__train__la_palma_volcano_00000715,train,spain_la_palma_volcano,False,0d2a3ce4d6f75d9bee04ae40e9635d969581bf4577d530563245935463932e48
test,spain_volcano_00000716,spain_volcano,strictv1__train__la_palma_volcano_00000716,train,spain_la_palma_volcano,False,b495f365ac1d479b8c4edd1eff6232e84136998a3387496076ad13b74dffe2d4
test,spain_volcano_00000746,spain_volcano,strictv1__train__la_palma_volcano_00000746,train,spain_la_palma_volcano,False,237a84ece9242e2059e7ed185ee5589a764e676048fd9563ea976068e0527982
test,spain_volcano_00000747,spain_volcano,strictv1__train__la_palma_volcano_00000747,train,spain_la_palma_volcano,False,f74ed41b7b29027e6fc48516266fdf9a97f131eadaab512d9a2843a085ab7dd8
test,spain_volcano_00000777,spain_volcano,strictv1__train__la_palma_volcano_00000777,train,spain_la_palma_volcano,False,a8ee10979aed421505e8ea97d971d0986f102d6a28902d7b73952c200ffe3912
test,spain_volcano_00000778,spain_volcano,strictv1__train__la_palma_volcano_00000778,train,spain_la_palma_volcano,False,2e586c24cf0db75644dcbf0a821d0c95f7a502e9cd44991b9c5df8de538f97aa
test,spain_volcano_00000808,spain_volcano,strictv1__train__la_palma_volcano_00000808,train,spain_la_palma_volcano,False,48f06a4d10ed6964f23209457961989b7d0acfd7d1af6da21fc7ee2d3455d64c
test,spain_volcano_00000809,spain_volcano,strictv1__train__la_palma_volcano_00000809,train,spain_la_palma_volcano,False,bfbe9f0e96e326132b61e9be79bc3390e2ca143162b4501aaf34bbf7cde4df01
test,spain_volcano_00000839,spain_volcano,strictv1__train__la_palma_volcano_00000839,train,spain_la_palma_volcano,False,b40eef635d8270d85b8b97a6ed5d72afcaf2353c49888b3329412ddc30a4dee9
test,spain_volcano_00000840,spain_volcano,strictv1__train__la_palma_volcano_00000840,train,spain_la_palma_volcano,False,a704f1fc46109a8ddfae4ddec0e1e1b4ad52f0fd220785e9bc52d1da04d7b139
test,turkey_earthquake1_222,turkey_earthquake1,strictv1__test__turkey_earthquake1_222,test,turkey_earthquake1,True,ef37de4c3a722849dee825bb001c5a55dba041d4b6ddd17509fc07688ff46730
test,turkey_earthquake1_224,turkey_earthquake1,strictv1__test__turkey_earthquake1_224,test,turkey_earthquake1,True,4f625cadf7a97e7a84ef5502d02916bdbe834a84a8eb3c59604ec4271414bfa2
test,turkey_earthquake1_236,turkey_earthquake1,strictv1__test__turkey_earthquake1_236,test,turkey_earthquake1,True,bd718c193f5e7689bc72dfe9a5aa073b7e61e0043f164c84e988c6b5591a525e
test,turkey_earthquake1_237,turkey_earthquake1,strictv1__test__turkey_earthquake1_237,test,turkey_earthquake1,True,1250fd7b5ae2c95cec54c7c3cac63ff1f03b2fa443abb15555163335f1ecdb5b
test,turkey_earthquake1_239,turkey_earthquake1,strictv1__test__turkey_earthquake1_239,test,turkey_earthquake1,True,5059e149a641d57e08844b160ff3aecbdce5c57215a891d2c5f9d8d70cf3f66f
test,turkey_earthquake1_240,turkey_earthquake1,strictv1__test__turkey_earthquake1_240,test,turkey_earthquake1,True,e0aa2e5384ec56937ae362ed32525ba84b002e922be59a766d954be031a034d4
test,turkey_earthquake1_241,turkey_earthquake1,strictv1__test__turkey_earthquake1_241,test,turkey_earthquake1,True,2db38d7b3956925b17293675c914520ea69216bfa32c65a74576c1ae2c24b059
test,turkey_earthquake1_242,turkey_earthquake1,strictv1__test__turkey_earthquake1_242,test,turkey_earthquake1,True,4c56813934156e69cca360d44d59e302796ca76173d816523e833f8f3c5c30ae
test,turkey_earthquake1_245,turkey_earthquake1,strictv1__test__turkey_earthquake1_245,test,turkey_earthquake1,True,abb90e911a46001594c1e59d2993f3b7a5266ac804fbb8c2cfb14f0adee9c159
test,turkey_earthquake1_246,turkey_earthquake1,strictv1__test__turkey_earthquake1_246,test,turkey_earthquake1,True,a8deab6476420e9b8745510bde6514785c198faafa57c68ec2bb8fb19f9055fa
test,turkey_earthquake1_247,turkey_earthquake1,strictv1__test__turkey_earthquake1_247,test,turkey_earthquake1,True,7c01275e2906c88a1e4b9278236e17dc0cf8504d744fd4c531815374b351470f
test,turkey_earthquake1_248,turkey_earthquake1,strictv1__test__turkey_earthquake1_248,test,turkey_earthquake1,True,f1e3aac39d9216cc07639fc5d040ab1c0919749b4aca639735d44b2a68ddd5e9
test,turkey_earthquake1_249,turkey_earthquake1,strictv1__test__turkey_earthquake1_249,test,turkey_earthquake1,True,7445fa44b677185acbed0bd69471fefdf8ed4d4bdf3d2478c9e6451d5b40fe58
test,turkey_earthquake1_251,turkey_earthquake1,strictv1__test__turkey_earthquake1_251,test,turkey_earthquake1,True,2a0a8b9bea089ce8852dbbb70731f1625408cb965a951ff5bf6133c5224bffbd
test,turkey_earthquake3_266,turkey_earthquake3,strictv1__test__turkey_earthquake3_266,test,turkey_earthquake3,True,97586b1f9a6d024e8eb13d348ebca1ef974161eb7279772342cc8d6fcecb6b57
test,turkey_earthquake3_269,turkey_earthquake3,strictv1__test__turkey_earthquake3_269,test,turkey_earthquake3,True,9e3e3b67469125cf79533a92c1e13dc585df2ea0aaa94d243e767bbedaa92870
test,turkey_earthquake3_271,turkey_earthquake3,strictv1__test__turkey_earthquake3_271,test,turkey_earthquake3,True,0e8a816be5ab954a7f4da1777cf0633f5a86b6beee088a99c1a9e1d76235fc18
test,turkey_earthquake3_272,turkey_earthquake3,strictv1__test__turkey_earthquake3_272,test,turkey_earthquake3,True,3ed73f4fe162e983a7fbc794bf2e742effb594ed97742c55677d9eb7a6fde3ea
test,turkey_earthquake3_279,turkey_earthquake3,strictv1__test__turkey_earthquake3_279,test,turkey_earthquake3,True,79d9153600e8f569da2a57fd6068257efef6b18eca74b53284cc3298bc0adfcf
test,turkey_earthquake4_282,turkey_earthquake4,strictv1__test__turkey_earthquake4_282,val,turkey_earthquake4,True,39237a7312b453bfc266887d80f9096d8956d6cf95a01b0b0d32c7d49d46c8e8
test,turkey_earthquake4_283,turkey_earthquake4,strictv1__test__turkey_earthquake4_283,val,turkey_earthquake4,True,872a3d1744ad7c85f4946a9eaf1821413e96496da7b633dc9dea5c509bdfb9cc
test,turkey_earthquake4_284,turkey_earthquake4,strictv1__test__turkey_earthquake4_284,val,turkey_earthquake4,True,bbffee44467d231ba47472f42bf5e0149e7d0b00c2ea57c51843635bd41de900
test,turkey_earthquake4_286,turkey_earthquake4,strictv1__test__turkey_earthquake4_286,val,turkey_earthquake4,True,eb4c27f8874b747f974846a90e17ea354f465b47fa5e37f9330fe43ca9ba8fb0
test,turkey_earthquake4_292,turkey_earthquake4,strictv1__test__turkey_earthquake4_292,val,turkey_earthquake4,True,8f56ed927628ddca8398600f391d7d70b8b7608d4f05df1ac87461076e87d5f5
test,turkey_earthquake4_293,turkey_earthquake4,strictv1__test__turkey_earthquake4_293,val,turkey_earthquake4,True,9fb0cccfaf9ab5aa0648812a0570472c751d3d0bb968afcfeaea78d5eebeb24e
test,turkey_earthquake4_297,turkey_earthquake4,strictv1__test__turkey_earthquake4_297,val,turkey_earthquake4,True,6bc3036b3a01f5f6e79663d4e4d815b6a9e41b44f6bfb13df4a09eee3fd68fb8
test,turkey_earthquake4_301,turkey_earthquake4,strictv1__test__turkey_earthquake4_301,val,turkey_earthquake4,True,dcfeb6b86dbfd650457a5e443e0f6bc2e3f086626580860e3517ac591ad42562
test,turkey_earthquake4_302,turkey_earthquake4,strictv1__test__turkey_earthquake4_302,val,turkey_earthquake4,True,983f872340d7c563fdc5ce51e5a668d9351e9868c25da162fb15bef8691d50c9
test,turkey_earthquake4_303,turkey_earthquake4,strictv1__test__turkey_earthquake4_303,val,turkey_earthquake4,True,0f0f9c1a1dafd339b5e36488cf0fd924c1158ed7139a180d0e2947b7d1ddd555
test,turkey_earthquake4_305,turkey_earthquake4,strictv1__test__turkey_earthquake4_305,val,turkey_earthquake4,True,1dae3c596282ac31c0d929a72857aec8e1b80a6d9729689c30341a0add3ab148
test,turkey_earthquake4_306,turkey_earthquake4,strictv1__test__turkey_earthquake4_306,val,turkey_earthquake4,True,7962441637020ff5908332a6cce18eefa4796efaebe4213e72d9ed702899b397
test,turkey_earthquake4_307,turkey_earthquake4,strictv1__test__turkey_earthquake4_307,val,turkey_earthquake4,True,eff8ea6844af92518f0cd646525b93d69ab6fd60a719eb35ddf66e77977a38b4
test,turkey_earthquake4_310,turkey_earthquake4,strictv1__test__turkey_earthquake4_310,val,turkey_earthquake4,True,d4fba8ca9ecfddd005d2b33d7572aa6493199931cf205a517e168e262f2a1899
test,turkey_earthquake4_311,turkey_earthquake4,strictv1__test__turkey_earthquake4_311,val,turkey_earthquake4,True,0e8e3032ed93d2256d0babad3d820df59043f6518844ace760a53fbf3c4df718
test,turkey_earthquake4_312,turkey_earthquake4,strictv1__test__turkey_earthquake4_312,val,turkey_earthquake4,True,01938b567b0c3d948add7ee4fa37e33ab85b86023fc69167eada0b5c120b8837
test,turkey_earthquake4_316,turkey_earthquake4,strictv1__test__turkey_earthquake4_316,val,turkey_earthquake4,True,3f8992f330919d522a31af3be06e0ad33b7c11e51fcf00017f7bcaff1c159a72
test,turkey_earthquake4_317,turkey_earthquake4,strictv1__test__turkey_earthquake4_317,val,turkey_earthquake4,True,018165ca13e8ec0aaf99d1c036d7fc8a83d16658c8ce5aedc1f832356f327a54
test,turkey_earthquake4_318,turkey_earthquake4,strictv1__test__turkey_earthquake4_318,val,turkey_earthquake4,True,0db93fe29fd94e00f4be647ea91eeee587b12a835ccdcaec653b833066cc12e5
test,turkey_earthquake4_321,turkey_earthquake4,strictv1__test__turkey_earthquake4_321,val,turkey_earthquake4,True,a5cb18af91dacb1cd51f22dde29c19e4a9e5e3f04d9a23d5849a89f2e79d3176
test,turkey_earthquake4_322,turkey_earthquake4,strictv1__test__turkey_earthquake4_322,val,turkey_earthquake4,True,3bf969c309ecf8efd86043b4c0993b94f1821f414a064cbd8c2420557ba261fb
test,turkey_earthquake4_323,turkey_earthquake4,strictv1__test__turkey_earthquake4_323,val,turkey_earthquake4,True,0f15fef19c26c6fcf077171f882581c15d038905025649ddfe2780308ff3b870
test,turkey_earthquake4_324,turkey_earthquake4,strictv1__test__turkey_earthquake4_324,val,turkey_earthquake4,True,e0482474db21ee39d2e71545acf53f82bb207bf1a55e1d822ff5346f62b00c62
test,turkey_earthquake4_325,turkey_earthquake4,strictv1__test__turkey_earthquake4_325,val,turkey_earthquake4,True,7f3af6e158f0b576f5ebea93a798773443d9e7c6eb8a5db792c7a3aa1cebbc4b
test,turkey_earthquake4_326,turkey_earthquake4,strictv1__test__turkey_earthquake4_326,val,turkey_earthquake4,True,3513ed52ef7d06973b2e9ce8cfd2f74ec903e849fcd036fba4e8cc8888d631e5
test,turkey_earthquake4_327,turkey_earthquake4,strictv1__test__turkey_earthquake4_327,val,turkey_earthquake4,True,5ebeeab409fd8e70036ba3a634eb00b5d63a21be63dcc9dbff44a2396c61fb70
test,turkey_earthquake4_328,turkey_earthquake4,strictv1__test__turkey_earthquake4_328,val,turkey_earthquake4,True,39a6f7b75d21ce30744aa36abb160a5c139be9c95d83c75ed440ee1bc2cebef6
test,turkey_earthquake4_330,turkey_earthquake4,strictv1__test__turkey_earthquake4_330,val,turkey_earthquake4,True,4b60ad8d94f0c231116365ed91c47aab0961272fac7181c01918e6ecc8297f64
test,turkey_earthquake4_331,turkey_earthquake4,strictv1__test__turkey_earthquake4_331,val,turkey_earthquake4,True,08dd88b03015691c0de2615b597b8dbe5382e0d776a311615a961a96b3fe8bad
test,turkey_earthquake4_332,turkey_earthquake4,strictv1__test__turkey_earthquake4_332,val,turkey_earthquake4,True,ba0702f73b66c36e7bd0e77ff2c5aa725d9a24c6a7d31d1d1cdf5383af776e55
test,turkey_earthquake4_334,turkey_earthquake4,strictv1__test__turkey_earthquake4_334,val,turkey_earthquake4,True,dcd6c9bc3c7e1e18994a6a12fc5343970094dcf0fa1cb99dba5dfb34de6887e1
test,turkey_earthquake4_335,turkey_earthquake4,strictv1__test__turkey_earthquake4_335,val,turkey_earthquake4,True,9c86074885244502bbeaf62f1e3dd78e46a4989c2df4c29ca5eea49d31f6770a
test,turkey_earthquake5_353,turkey_earthquake5,strictv1__test__turkey_earthquake5_353,train,turkey_earthquake5,True,4908f85b6d50c9ce24769bd442ae04d41330ed1a56d1db64568f10675cc00d2e
test,turkey_earthquake5_358,turkey_earthquake5,strictv1__test__turkey_earthquake5_358,train,turkey_earthquake5,True,d68a41752876b28725b0bfd4bdaf00dd9c13b45cb921a3c23d12c88e1236224c
test,turkey_earthquake5_360,turkey_earthquake5,strictv1__test__turkey_earthquake5_360,train,turkey_earthquake5,True,cf378699e6e04e2d94f5d38c238b9ff806dfe4ace0931a398ef6ad3bc37345cd
test,ukraine_conflict_00000000,ukraine_conflict,strictv1__test__ukraine_conflict_00000000,train,ukraine_conflict,True,225a40a3a78f6ae27b60251a9844fa9be0d7c1fc7e818f2e09e1556861e08323
test,ukraine_conflict_00000001,ukraine_conflict,strictv1__test__ukraine_conflict_00000001,train,ukraine_conflict,True,44ce4fd578db5a6ba886e969cfc8783740b0e05746c076d36ffe71f313802397
test,ukraine_conflict_00000008,ukraine_conflict,strictv1__test__ukraine_conflict_00000008,train,ukraine_conflict,True,1def30680cb03ea4c9fe6501173c68f36764e9ca5ac27e89598619e734f0db9b
test,ukraine_conflict_00000012,ukraine_conflict,strictv1__test__ukraine_conflict_00000012,train,ukraine_conflict,True,53064d49af7ba6d57bd2fff7893e37024b646cfd4075c6e00d0354fc2e90ba12
test,ukraine_conflict_00000017,ukraine_conflict,strictv1__test__ukraine_conflict_00000017,train,ukraine_conflict,True,1c362a51cd53ce65d3ed3b649119392045b90fe8b29a66f64022ec30f6b5aff6
test,ukraine_conflict_00000025,ukraine_conflict,strictv1__test__ukraine_conflict_00000025,train,ukraine_conflict,True,faaf5fac7c13d5ab93db20186ba15e29627b592c26b9313426d56b60bc4101a1
test,ukraine_conflict_00000026,ukraine_conflict,strictv1__test__ukraine_conflict_00000026,train,ukraine_conflict,True,d1678d775eaa40b0a497cf7cc2a5c5b4c81baf89e008dfc584a7e9b157b12699
test,ukraine_conflict_00000034,ukraine_conflict,strictv1__test__ukraine_conflict_00000034,train,ukraine_conflict,True,f81ca949c900fc6170c0922ccfc1afe2d3ce5af2242e2612ecb720ecaad0d008
test,ukraine_conflict_00000038,ukraine_conflict,strictv1__test__ukraine_conflict_00000038,train,ukraine_conflict,True,1ea0b4cc66885478a8ac3293a8051a4bc0fa2548dbadd02a304bfe8d62395d87
test,ukraine_conflict_00000043,ukraine_conflict,strictv1__test__ukraine_conflict_00000043,train,ukraine_conflict,True,17fafd1e8e0526ac237547b1051d13733015138ed43ee6ef413c012ae489aa6a
test,ukraine_conflict_00000051,ukraine_conflict,strictv1__test__ukraine_conflict_00000051,train,ukraine_conflict,True,b68f8f4edfe631d8c9c0098e1294e4179603969598dcc9d27b29a9f161be4f6c
test,ukraine_conflict_00000052,ukraine_conflict,strictv1__test__ukraine_conflict_00000052,train,ukraine_conflict,True,876f471027989bb1bc9efe37ba96b466fd07b7406ee2a405ea1aeaed8883f59a
test,ukraine_conflict_00000060,ukraine_conflict,strictv1__test__ukraine_conflict_00000060,train,ukraine_conflict,True,7e1ba24c8e6e0edfc58f3a1210e411f769c23622a1bf64fd178ef00bec680d07
test,ukraine_conflict_00000064,ukraine_conflict,strictv1__test__ukraine_conflict_00000064,train,ukraine_conflict,True,03d6b90378c2ce67cf0708c9fd82a28cc4707cc991b23a327b2ad3c3b444cc8b
test,ukraine_conflict_00000069,ukraine_conflict,strictv1__test__ukraine_conflict_00000069,train,ukraine_conflict,True,99e4a9d5a6e7f860f3c80d248a0f46084be64edf3088519bb1c8a4f1e023a9e5
test,ukraine_conflict_00000076,ukraine_conflict,strictv1__test__ukraine_conflict_00000076,train,ukraine_conflict,True,9ba55872e420215181cfaca33201b79e7da27cc51234c6f56ba06e348a134009
test,ukraine_conflict_00000077,ukraine_conflict,strictv1__test__ukraine_conflict_00000077,train,ukraine_conflict,True,5c1a792538e79c37adaa5009ce05c248498d15ff3aaa637c2d0c02503005db51
test,ukraine_conflict_00000085,ukraine_conflict,strictv1__test__ukraine_conflict_00000085,train,ukraine_conflict,True,cf2753ed209629b4756b2bb7d0aa9e9710b3f7007d88320342b8b9c01062b27c
test,ukraine_conflict_00000089,ukraine_conflict,strictv1__test__ukraine_conflict_00000089,train,ukraine_conflict,True,8118c605c4136f441842d1d79f53ee545b8ae04e72c8831b3bf5018a672f6d79
test,ukraine_conflict_00000094,ukraine_conflict,strictv1__test__ukraine_conflict_00000094,train,ukraine_conflict,True,f39a58be22740a229eba72cc4c5e68426e3d0c6cecc62c7129731f8da43d35b3
test,ukraine_conflict_00000102,ukraine_conflict,strictv1__test__ukraine_conflict_00000102,train,ukraine_conflict,True,70d6f90a066c4fbe544f74e12f33d8d8f56a58f88abc7dceca4e1ca3bc7be80d
test,ukraine_conflict_00000103,ukraine_conflict,strictv1__test__ukraine_conflict_00000103,train,ukraine_conflict,True,d80b0754aeb1af68693456cec63854e157f5ef8c326e534870d62172247fbe9f
test,ukraine_conflict_00000111,ukraine_conflict,strictv1__test__ukraine_conflict_00000111,train,ukraine_conflict,True,628b990c6af1d55b1b1a6cfde7cec3e653f6077c280fb486d6c57776e8f37e4c
test,ukraine_conflict_00000115,ukraine_conflict,strictv1__test__ukraine_conflict_00000115,train,ukraine_conflict,True,130f0b6c7f70c2fdadfc9de4c456862466a30eef6b84fe75c4fff97b7ae2fcd3
test,ukraine_conflict_00000120,ukraine_conflict,strictv1__test__ukraine_conflict_00000120,train,ukraine_conflict,True,779037d46ead0e06588fe8d0000ee50730efb8535fd2f74c8d9ad40beb43457d
test,ukraine_conflict_00000128,ukraine_conflict,strictv1__test__ukraine_conflict_00000128,train,ukraine_conflict,True,6f142ba997d686da87e563aa58babdd20c272e7a1e9343db752e6a0cbc794f82
test,ukraine_conflict_00000129,ukraine_conflict,strictv1__test__ukraine_conflict_00000129,train,ukraine_conflict,True,c9ff689c87d2c50e8a489cf670c2e0e9a3439937914bd376c047711e1e37f4ff
test,ukraine_conflict_00000137,ukraine_conflict,strictv1__test__ukraine_conflict_00000137,train,ukraine_conflict,True,c23e831961461fa22e99851b3d7b314591af06e08d97dfbe742b186a8f9b75f0
test,ukraine_conflict_00000141,ukraine_conflict,strictv1__test__ukraine_conflict_00000141,train,ukraine_conflict,True,9ca7fcd364e998f86aa48fd8650c4c25ad37f21e8a389d9f2a5796eb29feab05
test,ukraine_conflict_00000146,ukraine_conflict,strictv1__test__ukraine_conflict_00000146,train,ukraine_conflict,True,51116e71e52b30c77c095056e0e0afd35fe107ded0b5f4ee8f0630959970ff6a
test,ukraine_conflict_00000153,ukraine_conflict,strictv1__test__ukraine_conflict_00000153,train,ukraine_conflict,True,9d24ceffb80ad21924cc8b6d2641e2069508ecc9b0b8b1fa56b06cbefc9a46a2
test,ukraine_conflict_00000154,ukraine_conflict,strictv1__test__ukraine_conflict_00000154,train,ukraine_conflict,True,1a200c93bc73c43b3cddfb54550359a968f2371615542e0d274aad5ba49592ff
test,ukraine_conflict_00000162,ukraine_conflict,strictv1__test__ukraine_conflict_00000162,train,ukraine_conflict,True,492d7c8bf4253846900d1df1ee1a9308504a310252fda265c4dd83989cb913f6
test,ukraine_conflict_00000166,ukraine_conflict,strictv1__test__ukraine_conflict_00000166,train,ukraine_conflict,True,3a691ade2b8dc65dcc29ac15325257bff8226d2c230b7d964139410660896821
test,ukraine_conflict_00000171,ukraine_conflict,strictv1__test__ukraine_conflict_00000171,train,ukraine_conflict,True,7e72697eae28145fdf6367860bfb8e625fac3af4df5fa5b795cc7def693e792c
test,ukraine_conflict_00000179,ukraine_conflict,strictv1__test__ukraine_conflict_00000179,train,ukraine_conflict,True,16acadbc17199d2032b01e0fdfb81812f5e55891fb956415abd3fd6326dbf4ec
test,ukraine_conflict_00000180,ukraine_conflict,strictv1__test__ukraine_conflict_00000180,train,ukraine_conflict,True,fa7f9971b81acca2c8dc49780580fc631675416dffae460dcbb947ea31b3079a
test,ukraine_conflict_00000188,ukraine_conflict,strictv1__test__ukraine_conflict_00000188,train,ukraine_conflict,True,0315c8d7b2c75427f1a4e4bb57bf5f369e9210b068e4710a03330cfa71af1801
test,ukraine_conflict_00000192,ukraine_conflict,strictv1__test__ukraine_conflict_00000192,train,ukraine_conflict,True,5af660536d0f5ef5aca8c793eebb1f33d6836367792be3caf3b5ba2f089d3041
test,ukraine_conflict_00000197,ukraine_conflict,strictv1__test__ukraine_conflict_00000197,train,ukraine_conflict,True,53339fc319d54373ff588b3d33b35e32e1bd1b7bedd18bf59845d5b7dd4cfa3e
test,ukraine_conflict_00000214,ukraine_conflict,strictv1__test__ukraine_conflict_00000214,train,ukraine_conflict,True,6c757108600c09c1fbb55ca01df1f345c8fed00f4ba33dd533ee1f2ca7551e7c
test,ukraine_conflict_00000218,ukraine_conflict,strictv1__test__ukraine_conflict_00000218,train,ukraine_conflict,True,5ba5b42d2fff6b274b55826472eca1ae5454f9e8c475fe7fa0968956409d6521
test,ukraine_conflict_00000222,ukraine_conflict,strictv1__test__ukraine_conflict_00000222,train,ukraine_conflict,True,ad5655f66972fcb28c63dcc8793341d747972d2781943088e89253b86d9c742b
test,ukraine_conflict_00000230,ukraine_conflict,strictv1__test__ukraine_conflict_00000230,train,ukraine_conflict,True,dd748723fb8c8422181cdf2f05519833f5ea6e580052286c83c1d5d9268c6055
test,ukraine_conflict_00000239,ukraine_conflict,strictv1__test__ukraine_conflict_00000239,train,ukraine_conflict,True,38324e6812c505ad387e5e81cfaa836333af96f74c895464aeb52b0c0f91e2aa
test,ukraine_conflict_00000243,ukraine_conflict,strictv1__test__ukraine_conflict_00000243,train,ukraine_conflict,True,af3cdce452516061a8c1fad0743a002c998d0489a29ccc843cb248d94184785b
test,ukraine_conflict_00000248,ukraine_conflict,strictv1__test__ukraine_conflict_00000248,train,ukraine_conflict,True,0fbe8937fca6b5e522ec68c2406d8231d5d14e132d74448bd0f3150e69b3f290
test,ukraine_conflict_00000256,ukraine_conflict,strictv1__test__ukraine_conflict_00000256,train,ukraine_conflict,True,ef9eee5863cc8f9d19f4a5ab90989600c1f0a789b42e363c7ff29f67db585a95
test,ukraine_conflict_00000257,ukraine_conflict,strictv1__test__ukraine_conflict_00000257,train,ukraine_conflict,True,bbf84c324897014431aea7b678419ac341b89f0a99e1fa656dbb5df8a133019d
test,ukraine_conflict_00000269,ukraine_conflict,strictv1__test__ukraine_conflict_00000269,train,ukraine_conflict,True,bcdb5eb29734c7ef492555963c57b0778b3f6515639c20991a7326a9cb11c90e
test,ukraine_conflict_00000274,ukraine_conflict,strictv1__test__ukraine_conflict_00000274,train,ukraine_conflict,True,d80bcec0a4f71203da3e474db15cb1f0056e020ff311c7b4445a9fc307880cfb
test,ukraine_conflict_00000291,ukraine_conflict,strictv1__test__ukraine_conflict_00000291,train,ukraine_conflict,True,26db4f7a4c76d17f4c2da7b314ed0b9a30ef5aaead4c9a80446878102f59f1e9
test,ukraine_conflict_00000294,ukraine_conflict,strictv1__test__ukraine_conflict_00000294,train,ukraine_conflict,True,adce4ccf630a59f226e0ce827502857da9b45bd8d43d91e316d1ca4dc6feacf8
test,ukraine_conflict_00000299,ukraine_conflict,strictv1__test__ukraine_conflict_00000299,train,ukraine_conflict,True,a80863d432f97260004ce3d2ba23d82c1cd66272af00fbe9592f74d8f4679f9e
test,ukraine_conflict_00000307,ukraine_conflict,strictv1__test__ukraine_conflict_00000307,train,ukraine_conflict,True,11403d435b132d91469c12ae9ea016bd0d237f81c803d7849a4f73b9d9b2855d
test,ukraine_conflict_00000308,ukraine_conflict,strictv1__test__ukraine_conflict_00000308,train,ukraine_conflict,True,e55be6c4da7e4f62e016521fcd1b3f192ad66ce38d5f9360fb1ee2ec6e4be82f
test,ukraine_conflict_00000316,ukraine_conflict,strictv1__test__ukraine_conflict_00000316,train,ukraine_conflict,True,1e8b9026b4e2b16c92f3f8a27ef7f27eb4cd90ce88e70f3d5bed1cd7ef50b573
test,ukraine_conflict_00000320,ukraine_conflict,strictv1__test__ukraine_conflict_00000320,train,ukraine_conflict,True,f4dfa61a25d891141ef546351765697483222855a8b9916706a13d68cbbff37c
test,ukraine_conflict_00000325,ukraine_conflict,strictv1__test__ukraine_conflict_00000325,train,ukraine_conflict,True,0ef4c51501ee769f7917e3a75256e2659a3b5d9f8954b8478b52e679e6977510
test,ukraine_conflict_00000333,ukraine_conflict,strictv1__test__ukraine_conflict_00000333,train,ukraine_conflict,True,48910df99f66762f67556c19bfa56eb3ebc13bd263022243bef8513804ef9b14
test,ukraine_conflict_00000334,ukraine_conflict,strictv1__test__ukraine_conflict_00000334,train,ukraine_conflict,True,a622e3869760f86780acb1ad509752f03d61876a5444f537a28429abffc412db
test,ukraine_conflict_00000342,ukraine_conflict,strictv1__test__ukraine_conflict_00000342,train,ukraine_conflict,True,01e6e9e3681f50954d0113a1d89466c680dc9dc386547ffdbd7a1afe72fdfaa5
test,ukraine_conflict_00000346,ukraine_conflict,strictv1__test__ukraine_conflict_00000346,train,ukraine_conflict,True,2bbcd8ccd04e309ae4102cb57a0b1f849d35b6be33a78fd87f2c71ddc6dca2c8
test,ukraine_conflict_00000351,ukraine_conflict,strictv1__test__ukraine_conflict_00000351,train,ukraine_conflict,True,035becabcca0062b0e2f580271c53c5601dc993a0169f96489c76b0f41d447a6
test,ukraine_conflict_00000359,ukraine_conflict,strictv1__test__ukraine_conflict_00000359,train,ukraine_conflict,True,643ae07d8ee50820218c9a107e084c00ee34c163c542b79ed4009748181f1c0e
test,ukraine_conflict_00000360,ukraine_conflict,strictv1__test__ukraine_conflict_00000360,train,ukraine_conflict,True,d68127615ee4c43c0c265e4a70dab488d4d436ae9a29de15d5c7644bde8c49ac
test,ukraine_conflict_00000367,ukraine_conflict,strictv1__test__ukraine_conflict_00000367,train,ukraine_conflict,True,da996edb60800f2813538a903c157185db5ca5d5170b251b34e151ced6b8405a
test,ukraine_conflict_00000371,ukraine_conflict,strictv1__test__ukraine_conflict_00000371,train,ukraine_conflict,True,2ed4928c5e09b5da8acc97a7d010fa99f3fa41a9c8d9ec27cab5e6bd5b459e51
test,ukraine_conflict_00000376,ukraine_conflict,strictv1__test__ukraine_conflict_00000376,train,ukraine_conflict,True,9e54c0e0b25c520a12a5c786265cb1b64b4c2bd90738c945765e515934562ee1
test,ukraine_conflict_00000393,ukraine_conflict,strictv1__test__ukraine_conflict_00000393,train,ukraine_conflict,True,db0ff738f4545471af3ae76952c5967e2d5f8614484ffdb41e890a48695aa8c7
test,ukraine_conflict_00000397,ukraine_conflict,strictv1__test__ukraine_conflict_00000397,train,ukraine_conflict,True,13201f991af56091b6c998398d7e33d5f43d903105f00379c3a4b143607ca611
test,ukraine_conflict_00000402,ukraine_conflict,strictv1__test__ukraine_conflict_00000402,train,ukraine_conflict,True,0f8ea1a7b65fda60d1453a978677c59b11193418dd445e9addcf53d3fc9522d2
test,ukraine_conflict_00000410,ukraine_conflict,strictv1__test__ukraine_conflict_00000410,train,ukraine_conflict,True,b7876a329586c568e52f02534c7cab4fbac846f137feae4f5c56bd87b2bd470d
test,ukraine_conflict_00000411,ukraine_conflict,strictv1__test__ukraine_conflict_00000411,train,ukraine_conflict,True,ef3b83822f28f498075e62a29f7feefb58f6e5374a66ee3f1f4bdc0a8b49ee30
test,ukraine_conflict_00000419,ukraine_conflict,strictv1__test__ukraine_conflict_00000419,train,ukraine_conflict,True,ff0c1cbaf12369c9bd08073992f037049011e0109723215fc0e6b29bc6448c12
test,ukraine_conflict_00000423,ukraine_conflict,strictv1__test__ukraine_conflict_00000423,train,ukraine_conflict,True,6be66cd0a8dfdb3fbab00df9605b391434838a27d8453c0ad0b0f60a307f0774
test,ukraine_conflict_00000436,ukraine_conflict,strictv1__test__ukraine_conflict_00000436,train,ukraine_conflict,True,857012b01c00d5d0b905755737640b3ee4d012e9e3dc95c5f37006b6c18934c2
test,ukraine_conflict_00000437,ukraine_conflict,strictv1__test__ukraine_conflict_00000437,train,ukraine_conflict,True,83f1baf7e1946e4a27b851c6f98a0faee68b6c718561c7942ba9973e60464263
test,ukraine_conflict_00000444,ukraine_conflict,strictv1__test__ukraine_conflict_00000444,train,ukraine_conflict,True,ec35bc407e1ad71246afa5393ed9220f466d472a26971a5de82fc4396d499eee
test,ukraine_conflict_00000448,ukraine_conflict,strictv1__test__ukraine_conflict_00000448,train,ukraine_conflict,True,876554f12aac2bc251c814801e6697376b9fcf46bd9cbe788a324d5b5d67c688
test,ukraine_conflict_00000453,ukraine_conflict,strictv1__test__ukraine_conflict_00000453,train,ukraine_conflict,True,078af22e4e21530c69550365df0bd32d968357c1fedcc3f0a54ba9f08a45e336
test,ukraine_conflict_00000461,ukraine_conflict,strictv1__test__ukraine_conflict_00000461,train,ukraine_conflict,True,a71a6051815a1627ebca674eef90a6e5febe75fb97fca6522691fecbc9e50e31
test,ukraine_conflict_00000462,ukraine_conflict,strictv1__test__ukraine_conflict_00000462,train,ukraine_conflict,True,c13b987b390733f6e833b1a66fca4624c5d822a4ae4a8ae1b0c79ddeb46eb9cb
test,ukraine_conflict_00000470,ukraine_conflict,strictv1__test__ukraine_conflict_00000470,train,ukraine_conflict,True,474b915bec140100aeaa11c2616eb577fe2cd191e80a19758e8e59f4a14f653c
test,ukraine_conflict_00000474,ukraine_conflict,strictv1__test__ukraine_conflict_00000474,train,ukraine_conflict,True,e63cbf1a69cb9851353b20f8796d27442f6f3259037a9fa5d8762f9d88de6742
test,ukraine_conflict_00000479,ukraine_conflict,strictv1__test__ukraine_conflict_00000479,train,ukraine_conflict,True,0b6a6fbe2343bb9eb45631114b6ea6aa25939c7edbffa12c0e7d26c429ee94ae
train,beriut_explosion_31,beriut_explosion,strictv1__train__beriut_explosion_31,train,beriut_explosion,True,33de3cb0107bc25116394c400d2f694ee6524b89a80c36fd3aa24decb0b0da31
train,beriut_explosion_34,beriut_explosion,strictv1__train__beriut_explosion_34,train,beriut_explosion,True,c8275b89c7684ef1cd6088b4f0b7da3ab420b9467fe191430a51ba36c842a9a0
train,haiti_earthquake_00000010,haiti_earthquake,strictv1__train__haiti_earthquake_00000010,val,haiti_earthquake,True,0e86288eae520a299eaf29b3894e9a5d5aa8099c087fd3988fa881fa77aee08b
train,haiti_earthquake_00000020,haiti_earthquake,strictv1__train__haiti_earthquake_00000020,val,haiti_earthquake,True,b456536089417a6d965e81662f20dde6fd696a72e655932d1d8583475a30571f
train,haiti_earthquake_00000029,haiti_earthquake,strictv1__train__haiti_earthquake_00000029,val,haiti_earthquake,True,bb93242ac99921b17dbc8caa0b18ccb3329d30abb7c68f8429ffaba7a8d2ac6c
train,haiti_earthquake_00000037,haiti_earthquake,strictv1__train__haiti_earthquake_00000037,val,haiti_earthquake,True,6a8b22ac7031b2868bf5f811ffb5153049fc2b5dcf841c4f36082804a47ccf8b
train,haiti_earthquake_00000054,haiti_earthquake,strictv1__train__haiti_earthquake_00000054,val,haiti_earthquake,True,3913256c6725c8987201cec4c17c00d0a7670c547b2b04e21bd2c36e6c07f71e
train,haiti_earthquake_00000063,haiti_earthquake,strictv1__train__haiti_earthquake_00000063,val,haiti_earthquake,True,44e3b00dd82f59960a2d29dabb0ad08aa0c6339ab7bd08e2f170c4eb1e8e39c0
train,haiti_earthquake_00000071,haiti_earthquake,strictv1__train__haiti_earthquake_00000071,val,haiti_earthquake,True,7b68a2be93780d8ca8e6e15b5fcd4c6e58df152e5a5303f9265a54066287a0fd
train,hawaii_wildfire_985,hawaii_wildfire,strictv1__train__hawaii_wildfire_985,train,hawaii_wildfire,True,1d8f367237e91082f58abe0de3e10dc9ef16fdf1fa6e22b78e36ede17dbdbba0
train,hawaii_wildfire_991,hawaii_wildfire,strictv1__train__hawaii_wildfire_991,train,hawaii_wildfire,True,56419606705f532e0429d724da3d8830c327811adc0927d915520fe0e7426f6a
train,la_palma_volcano_00000002,la_palma_volcano,strictv1__train__la_palma_volcano_00000002,train,spain_la_palma_volcano,True,ce9b4f279d9230e5a4779f532178106bcfc864adc31720d0fbadf3921f8aedac
train,la_palma_volcano_00000003,la_palma_volcano,strictv1__train__la_palma_volcano_00000003,train,spain_la_palma_volcano,True,f02b0c0d4a9453b17c3992b5fa5f26b6af0bf52e981658f62ab2616be4071657
train,la_palma_volcano_00000004,la_palma_volcano,strictv1__train__la_palma_volcano_00000004,train,spain_la_palma_volcano,True,ecf12c92e26f07afe5f71eb37813ddbd412a705534ec5c7fca1d2ba98b2cd560
train,la_palma_volcano_00000005,la_palma_volcano,strictv1__train__la_palma_volcano_00000005,train,spain_la_palma_volcano,True,bde796d1a2bba51806428b66db98e8d641ab60f817d77096bb62f265f73b308f
train,la_palma_volcano_00000006,la_palma_volcano,strictv1__train__la_palma_volcano_00000006,train,spain_la_palma_volcano,True,5d310b22f941f79c78dd94ab3fcf3731bec618690d32510792d1f9338c0edf7c
train,la_palma_volcano_00000007,la_palma_volcano,strictv1__train__la_palma_volcano_00000007,train,spain_la_palma_volcano,True,c0d81497c67062dc32da5d61ef3ce3e079fb398f6afa8d394cf96c4b87d2b2cc
train,la_palma_volcano_00000008,la_palma_volcano,strictv1__train__la_palma_volcano_00000008,train,spain_la_palma_volcano,True,2e8c396fa434aa65f3920df5d9a1f08c0308c89b69958f6c53fd6af3a11fa02d
train,la_palma_volcano_00000012,la_palma_volcano,strictv1__train__la_palma_volcano_00000012,train,spain_la_palma_volcano,True,2f3b599afaa5d9e29900e926f3e75f98fb8a16d3a64ac7934977c79139d5bf2f
train,la_palma_volcano_00000013,la_palma_volcano,strictv1__train__la_palma_volcano_00000013,train,spain_la_palma_volcano,True,83d2f899a0b6fac6a9a67b8fa34a1ce5124980d7ccf75595e4ddb0527041528e
train,la_palma_volcano_00000014,la_palma_volcano,strictv1__train__la_palma_volcano_00000014,train,spain_la_palma_volcano,True,04a570744b1a88109d9cea17d9a3b6913604cd80773cbb71e122bbc4785621c8
train,la_palma_volcano_00000015,la_palma_volcano,strictv1__train__la_palma_volcano_00000015,train,spain_la_palma_volcano,True,4c2a6ea9ef5273863e2c7189eb84d7cfb9ebc4450064a2eb411fcc320538c8c1
train,la_palma_volcano_00000016,la_palma_volcano,strictv1__train__la_palma_volcano_00000016,train,spain_la_palma_volcano,True,d963d95d3cd2324f8f05bdc0f44777e73e06062a439c203525f7c99a2615c4de
train,la_palma_volcano_00000017,la_palma_volcano,strictv1__train__la_palma_volcano_00000017,train,spain_la_palma_volcano,True,6810440b77a9126cddb2f3c9c54130a33c1b22a4b5a7d10e1985172189765b72
train,la_palma_volcano_00000018,la_palma_volcano,strictv1__train__la_palma_volcano_00000018,train,spain_la_palma_volcano,True,1cf9513f234f2a30025faf50a10bc25d7b2a5e63a5a52165375f3dea038084a8
train,la_palma_volcano_00000019,la_palma_volcano,strictv1__train__la_palma_volcano_00000019,train,spain_la_palma_volcano,True,96d669043085fd4d69fc228488e6a8483a9cecd6b3fd5763517ad9b01259f2d5
train,la_palma_volcano_00000021,la_palma_volcano,strictv1__train__la_palma_volcano_00000021,train,spain_la_palma_volcano,True,a67d9a616ca9f608e9fda55cf3256e0fa7a28860bc7b2d721d918cd2d4c37821
train,la_palma_volcano_00000022,la_palma_volcano,strictv1__train__la_palma_volcano_00000022,train,spain_la_palma_volcano,True,20861e07ea34fa0a8ce54ea7ea962ed7150473590229ca6111e588c89f71b2ea
train,la_palma_volcano_00000023,la_palma_volcano,strictv1__train__la_palma_volcano_00000023,train,spain_la_palma_volcano,True,e1fad53758583db274da0f36cba60544e2d00d43335d9f023f7965ae17d0630c
train,la_palma_volcano_00000024,la_palma_volcano,strictv1__train__la_palma_volcano_00000024,train,spain_la_palma_volcano,True,420e35cf5373ccec29bd809e2c2fdbfc25120cf71857905ed906f7eb7d16288c
train,la_palma_volcano_00000025,la_palma_volcano,strictv1__train__la_palma_volcano_00000025,train,spain_la_palma_volcano,True,137f705d51754f3c6b97c6808e3e27d7b0f55e5159d0d03ed9593dceed6eafc4
train,la_palma_volcano_00000026,la_palma_volcano,strictv1__train__la_palma_volcano_00000026,train,spain_la_palma_volcano,True,f2a19328f60b9defbfdd0a7234139ee51b0b377cad25806a58bf6fe2ef54925e
train,la_palma_volcano_00000027,la_palma_volcano,strictv1__train__la_palma_volcano_00000027,train,spain_la_palma_volcano,True,984ccf71ea7066f55a84505723d2efb2fd67d49ece3a68e252f07c35c2c5cfbe
train,la_palma_volcano_00000028,la_palma_volcano,strictv1__train__la_palma_volcano_00000028,train,spain_la_palma_volcano,True,40bfc371290e4a65df8361c0402bdfc64c235cd53790c3ca4c8ef7400bc5eb91
train,la_palma_volcano_00000030,la_palma_volcano,strictv1__train__la_palma_volcano_00000030,train,spain_la_palma_volcano,True,4f4442ad6ae0b284024852d544514b9af6f77a826fab2af38c81703c6ef25753
train,la_palma_volcano_00000031,la_palma_volcano,strictv1__train__la_palma_volcano_00000031,train,spain_la_palma_volcano,True,f1f3e96d34b8f03977f7f043cb0d48b2f4d45090bc592fffb15127911e67939d
train,la_palma_volcano_00000035,la_palma_volcano,strictv1__train__la_palma_volcano_00000035,train,spain_la_palma_volcano,True,2a3d008ce9c14bf28214694fad51e5a01937dbcaee1fd3237615b5a17892b794
train,la_palma_volcano_00000038,la_palma_volcano,strictv1__train__la_palma_volcano_00000038,train,spain_la_palma_volcano,True,c60f177a313d4dcf026dac48029f52ec0335bcbe9d34eff5d1c6b71627018fb9
train,la_palma_volcano_00000040,la_palma_volcano,strictv1__train__la_palma_volcano_00000040,train,spain_la_palma_volcano,True,63ee3caa7c8b42fee0bcc0951f92544be25b471eb87a8427cb8d5b780181dd29
train,la_palma_volcano_00000041,la_palma_volcano,strictv1__train__la_palma_volcano_00000041,train,spain_la_palma_volcano,True,221ab5e0b31235578ae8917345b17e3e00db9b135440c3f0b4ee1f83f5d98771
train,la_palma_volcano_00000042,la_palma_volcano,strictv1__train__la_palma_volcano_00000042,train,spain_la_palma_volcano,True,beac05c058a9592efd65cfc52e48fced1c9312644baf2d6a026490ef94f4c289
train,la_palma_volcano_00000043,la_palma_volcano,strictv1__train__la_palma_volcano_00000043,train,spain_la_palma_volcano,True,11cac1a6a827752118a1e89eeb224547e9cb182ef4b05d3e3ec11b333ab9a839
train,la_palma_volcano_00000044,la_palma_volcano,strictv1__train__la_palma_volcano_00000044,train,spain_la_palma_volcano,True,dff5a78299d77cd4885fe05c6bb947bec693983a89046bb2c582a14d442e1b93
train,la_palma_volcano_00000045,la_palma_volcano,strictv1__train__la_palma_volcano_00000045,train,spain_la_palma_volcano,True,893838e8ced1ba7fac781e31667b5cb65f409135c9cb3b37efbb730e605765b3
train,la_palma_volcano_00000046,la_palma_volcano,strictv1__train__la_palma_volcano_00000046,train,spain_la_palma_volcano,True,a2e1aad437fa981fb58a8d4cb457f8c07ee3407d87d7477e1135372c2fdb410c
train,la_palma_volcano_00000048,la_palma_volcano,strictv1__train__la_palma_volcano_00000048,train,spain_la_palma_volcano,True,f88f7c6f2d8028a8dc05151f6aee03f5dcff6d5098f95df6b8c5fb2c9da0e1d7
train,la_palma_volcano_00000049,la_palma_volcano,strictv1__train__la_palma_volcano_00000049,train,spain_la_palma_volcano,True,97fc24625e6e6336f098391c145771e54a4862e51d9572759be2e7119c40f17d
train,la_palma_volcano_00000050,la_palma_volcano,strictv1__train__la_palma_volcano_00000050,train,spain_la_palma_volcano,True,70b31352ece59218de5dc06ec9095142a9e4e8d5aa020411b8733d392cc2cb8b
train,la_palma_volcano_00000051,la_palma_volcano,strictv1__train__la_palma_volcano_00000051,train,spain_la_palma_volcano,True,cbb25441db05ff4894d69684c49be5e8c869d7aba89ad2c0ed28ed1d227c7782
train,la_palma_volcano_00000052,la_palma_volcano,strictv1__train__la_palma_volcano_00000052,train,spain_la_palma_volcano,True,9ed3db8bd640c5d8e68b0a06e9a74d1639cb8f86943e6306419b71cb96e537dd
train,la_palma_volcano_00000053,la_palma_volcano,strictv1__train__la_palma_volcano_00000053,train,spain_la_palma_volcano,True,e34ddff6f43ea1f123aabb71ed4b62d663bc4af077ffcd19fdea91a7c643f74b
train,la_palma_volcano_00000054,la_palma_volcano,strictv1__train__la_palma_volcano_00000054,train,spain_la_palma_volcano,True,d81ee522ee64e16e09d70b4aed74ee41b0f631beaac03fa45c4e19fe807c331a
train,la_palma_volcano_00000055,la_palma_volcano,strictv1__train__la_palma_volcano_00000055,train,spain_la_palma_volcano,True,edac02c46a033bc597f6ff6841bf7b206e305f65497431d797b1fdbb5783e8b9
train,la_palma_volcano_00000057,la_palma_volcano,strictv1__train__la_palma_volcano_00000057,train,spain_la_palma_volcano,True,0b5d3f48743eb2395c7021777ae3619a700a2b83783118dd9f485cb655f2b357
train,la_palma_volcano_00000058,la_palma_volcano,strictv1__train__la_palma_volcano_00000058,train,spain_la_palma_volcano,True,a56bb5e4a1efebac06d88e6cf57217e6bf52b33fb0f36687db41d0347eed3007
train,la_palma_volcano_00000059,la_palma_volcano,strictv1__train__la_palma_volcano_00000059,train,spain_la_palma_volcano,True,104f1299e238eae671941d905af7d63092c4626bb1f3abb00e69707a34d803a2
train,la_palma_volcano_00000060,la_palma_volcano,strictv1__train__la_palma_volcano_00000060,train,spain_la_palma_volcano,True,469edffd9ef5659430553d79dcd7d9c86fc81737594f4033759e3bcd3059789a
train,la_palma_volcano_00000061,la_palma_volcano,strictv1__train__la_palma_volcano_00000061,train,spain_la_palma_volcano,True,06c2654272cc637556c59bfe5d33fd928c312039fb2097e4e2e123df4deef6f0
train,la_palma_volcano_00000062,la_palma_volcano,strictv1__train__la_palma_volcano_00000062,train,spain_la_palma_volcano,True,a79d4d748c2e53940ea85d7cc34b0b400339a69797a5e8bb8fee80163c629e3a
train,la_palma_volcano_00000063,la_palma_volcano,strictv1__train__la_palma_volcano_00000063,train,spain_la_palma_volcano,True,55f454b7cf73c4a33c11fb8ca57c38f28a568f2d9a69da43867e1ed450c0160b
train,la_palma_volcano_00000064,la_palma_volcano,strictv1__train__la_palma_volcano_00000064,train,spain_la_palma_volcano,True,db1fa325760827718d52a0711df6f3aedba5be64141e6b05a4c3c099a94ab231
train,la_palma_volcano_00000066,la_palma_volcano,strictv1__train__la_palma_volcano_00000066,train,spain_la_palma_volcano,True,2b92cb2e00a4172226e25112ce2c1e781873892dcc2c6b0c4e11045b6394adc3
train,la_palma_volcano_00000067,la_palma_volcano,strictv1__train__la_palma_volcano_00000067,train,spain_la_palma_volcano,True,3939a6fb1d6c80d84482b3d3220a030ac8bc21c5e20e4af6914d431a13c8980d
train,la_palma_volcano_00000068,la_palma_volcano,strictv1__train__la_palma_volcano_00000068,train,spain_la_palma_volcano,True,ec6b6b3f5e11bbbb9ef4379b59070a04c4a8f7b825c705406549fcb9c0cc02d5
train,la_palma_volcano_00000069,la_palma_volcano,strictv1__train__la_palma_volcano_00000069,train,spain_la_palma_volcano,True,fd2709489c1fbca2131fc82e0bc26bc038fc49d1346661f6a4bdfa27b2763ed3
train,la_palma_volcano_00000071,la_palma_volcano,strictv1__train__la_palma_volcano_00000071,train,spain_la_palma_volcano,True,4fe6924f805744d1336603dd2190b249c95ccf1f80fac19f59cfcbd263df7d65
train,la_palma_volcano_00000072,la_palma_volcano,strictv1__train__la_palma_volcano_00000072,train,spain_la_palma_volcano,True,40ee18c27417b977b607e2b7bc93c39b0792ae7da180aefc00aff01fe3af47b2
train,la_palma_volcano_00000076,la_palma_volcano,strictv1__train__la_palma_volcano_00000076,train,spain_la_palma_volcano,True,92f75ad9eb75a372cd6fdfdec159cd71bf6b4ce87768c1a22e1fd47912ad397e
train,la_palma_volcano_00000077,la_palma_volcano,strictv1__train__la_palma_volcano_00000077,train,spain_la_palma_volcano,True,21456f42991646b9652ae5d661a00f47c77bd0273de55961e156d831a6b480e6
train,la_palma_volcano_00000078,la_palma_volcano,strictv1__train__la_palma_volcano_00000078,train,spain_la_palma_volcano,True,7101a8cbde0b856d52c6e000362fb1dfb47ed5ad143af85f217f7cff9c15f0a9
train,la_palma_volcano_00000079,la_palma_volcano,strictv1__train__la_palma_volcano_00000079,train,spain_la_palma_volcano,True,c45179b470ab16c9323a67b7a68bd0243d57c26555d215f8def632224bb8d13b
train,la_palma_volcano_00000080,la_palma_volcano,strictv1__train__la_palma_volcano_00000080,train,spain_la_palma_volcano,True,896b8deb085b6b4e5050c0a29432b0ced6c65278fa4f81526bccdec0fab6778d
train,la_palma_volcano_00000081,la_palma_volcano,strictv1__train__la_palma_volcano_00000081,train,spain_la_palma_volcano,True,e943531fbc4a1cce8b3c1df43019cb22958ced2af94640ede1fe2a9d46a1adf0
train,la_palma_volcano_00000082,la_palma_volcano,strictv1__train__la_palma_volcano_00000082,train,spain_la_palma_volcano,True,e086863998ab2ab6da92e58c54715b3946dee50b831b8e2407143da69d06cda9
train,la_palma_volcano_00000084,la_palma_volcano,strictv1__train__la_palma_volcano_00000084,train,spain_la_palma_volcano,True,dcbf87e08c65966a9aa881988440d88a71e441938a4e42cb24c2383fc111aaaf
train,la_palma_volcano_00000085,la_palma_volcano,strictv1__train__la_palma_volcano_00000085,train,spain_la_palma_volcano,True,8427f81e2961ceefa00e15215fe9d358c39c99d925bbd364a8c45382cfbcb17c
train,la_palma_volcano_00000086,la_palma_volcano,strictv1__train__la_palma_volcano_00000086,train,spain_la_palma_volcano,True,cb3d65d5e9a1bd96392ecc62c9e72d3829df075d290b5ea4059b0019e06dd904
train,la_palma_volcano_00000087,la_palma_volcano,strictv1__train__la_palma_volcano_00000087,train,spain_la_palma_volcano,True,5d1f9f63372546dcbb79d653271166bf48a08e3e588c652ca85008ae14414ad0
train,la_palma_volcano_00000088,la_palma_volcano,strictv1__train__la_palma_volcano_00000088,train,spain_la_palma_volcano,True,b4b6c25d1c0629be9d39bcc45ee04e277904d367188e904e14eb66d9f29cd79a
train,la_palma_volcano_00000089,la_palma_volcano,strictv1__train__la_palma_volcano_00000089,train,spain_la_palma_volcano,True,273f923bcdc888827fa39d4f9e83215ba36b9ad8f6729a854b226759a872ad75
train,la_palma_volcano_00000090,la_palma_volcano,strictv1__train__la_palma_volcano_00000090,train,spain_la_palma_volcano,True,fc819ac6ee7a3b68fb30e424ddb63392edb82e8b42dee364898f7b1464c42f55
train,la_palma_volcano_00000092,la_palma_volcano,strictv1__train__la_palma_volcano_00000092,train,spain_la_palma_volcano,True,0df7ca2f6de19f306ef1130b4617b8f23561c1b13c24ce3e03fc0c4a94a6b399
train,la_palma_volcano_00000093,la_palma_volcano,strictv1__train__la_palma_volcano_00000093,train,spain_la_palma_volcano,True,1237f382b7a201fe5447e0fef1678bc90249d5de1d2b4f3b8c068889959e7b8a
train,la_palma_volcano_00000094,la_palma_volcano,strictv1__train__la_palma_volcano_00000094,train,spain_la_palma_volcano,True,6a3b4cca9109d81f8986f1a7eda2506dcd9c3695fa4864b16eb25164f87bd133
train,la_palma_volcano_00000095,la_palma_volcano,strictv1__train__la_palma_volcano_00000095,train,spain_la_palma_volcano,True,323c6f8ef114b32316bad69c1bf32142d66cbc960d8f9ffecab4aaf5acb28b7b
train,la_palma_volcano_00000096,la_palma_volcano,strictv1__train__la_palma_volcano_00000096,train,spain_la_palma_volcano,True,2ef635570bac072dc1b34354b64a2b5783082e19cc45acaffd2daabe7d00dc18
train,la_palma_volcano_00000097,la_palma_volcano,strictv1__train__la_palma_volcano_00000097,train,spain_la_palma_volcano,True,0004377a65726769f2ed739972f36d8523656dc12f7b86b5631a2fef39c6e850
train,la_palma_volcano_00000098,la_palma_volcano,strictv1__train__la_palma_volcano_00000098,train,spain_la_palma_volcano,True,b57a051679dc7c73061165e9cc0aea6ca729bcfadf55b1f5af669d7a0f9444be
train,la_palma_volcano_00000099,la_palma_volcano,strictv1__train__la_palma_volcano_00000099,train,spain_la_palma_volcano,True,552c62ada695887500a2eed33ca18c2b76de02a108d9d000023b6150b79dd133
train,la_palma_volcano_00000101,la_palma_volcano,strictv1__train__la_palma_volcano_00000101,train,spain_la_palma_volcano,True,d118ed8e5e1a05857a62ed8c4083e132ff8ec833f989f3db645e061ac850d0f8
train,la_palma_volcano_00000102,la_palma_volcano,strictv1__train__la_palma_volcano_00000102,train,spain_la_palma_volcano,True,65d994070f2d303b4fbd050dd3c0645330923652c11b12e3409afb1b38b73b94
train,la_palma_volcano_00000103,la_palma_volcano,strictv1__train__la_palma_volcano_00000103,train,spain_la_palma_volcano,True,65beafd58b747b1dc2c7b1b4b509cf806dac2fa1893a3f444bea6de59a178adb
train,la_palma_volcano_00000104,la_palma_volcano,strictv1__train__la_palma_volcano_00000104,train,spain_la_palma_volcano,True,ff38bb087e35a513916f595f158ae53835566cb8d1d34a00c452e5771e76c412
train,la_palma_volcano_00000105,la_palma_volcano,strictv1__train__la_palma_volcano_00000105,train,spain_la_palma_volcano,True,c61e0dfbee0c7549120ff8915a7726fc202c87f05944ab2dc3423f0bc7143108
train,la_palma_volcano_00000106,la_palma_volcano,strictv1__train__la_palma_volcano_00000106,train,spain_la_palma_volcano,True,5dd9024706d06028bbc13722dc19a440265f8b3cef377736bbc103d3bca1410c
train,la_palma_volcano_00000108,la_palma_volcano,strictv1__train__la_palma_volcano_00000108,train,spain_la_palma_volcano,True,a9100db43926e4437794e78081eed1ae2d722f74b6dc146f6a918891283de6e4
train,la_palma_volcano_00000111,la_palma_volcano,strictv1__train__la_palma_volcano_00000111,train,spain_la_palma_volcano,True,33ee4c84309fcfefa99676760186782eb93e2bfdbd5c1de75c9c15d43a755a7e
train,la_palma_volcano_00000115,la_palma_volcano,strictv1__train__la_palma_volcano_00000115,train,spain_la_palma_volcano,True,d637763460f70ef3ce486186fa06a3941a31c51128937c177b72bcafaacc6597
train,la_palma_volcano_00000116,la_palma_volcano,strictv1__train__la_palma_volcano_00000116,train,spain_la_palma_volcano,True,df62fe8bbcc94c6352d7c6003e31e97e340a1e1a7d4eeeed5143b539b539a71d
train,la_palma_volcano_00000117,la_palma_volcano,strictv1__train__la_palma_volcano_00000117,train,spain_la_palma_volcano,True,fa9360b947e50b96fc98dc75b1388af5d3b56a1be41656af96378057dd997251
train,la_palma_volcano_00000119,la_palma_volcano,strictv1__train__la_palma_volcano_00000119,train,spain_la_palma_volcano,True,eb6db19218717d0384641198582dfa49b8ad7de19c8ac13319c69366e767ba4a
train,la_palma_volcano_00000120,la_palma_volcano,strictv1__train__la_palma_volcano_00000120,train,spain_la_palma_volcano,True,b0547d573ec48a2df1849767321583cd8b0967227b172e9d5183e2727ba99acd
train,la_palma_volcano_00000121,la_palma_volcano,strictv1__train__la_palma_volcano_00000121,train,spain_la_palma_volcano,True,3d3db6001fa585c5baa4d133cb4320e2b3e3388f96b1cc7bb31be0f1cbeced89
train,la_palma_volcano_00000122,la_palma_volcano,strictv1__train__la_palma_volcano_00000122,train,spain_la_palma_volcano,True,3e4c7a845fb31d99bfed0fb893ebf445d3c34d34a4d5949bbe4aff3d55929215
train,la_palma_volcano_00000123,la_palma_volcano,strictv1__train__la_palma_volcano_00000123,train,spain_la_palma_volcano,True,13ebed859b1c6071cb5cb55801a2eec05187be66b529bca6357668abdb240e82
train,la_palma_volcano_00000124,la_palma_volcano,strictv1__train__la_palma_volcano_00000124,train,spain_la_palma_volcano,True,b22e684b37011c526031c94f20ae308a5e78209ed98cb3dc995b9dc652f54673
train,la_palma_volcano_00000125,la_palma_volcano,strictv1__train__la_palma_volcano_00000125,train,spain_la_palma_volcano,True,9bfb361770ed751fff3cea0abc126b101cc88c3e058eafedfc9caf793ad9d019
train,la_palma_volcano_00000126,la_palma_volcano,strictv1__train__la_palma_volcano_00000126,train,spain_la_palma_volcano,True,1602e0e4e0a90e2c6d5d1d74f49f60272e5d6e3b33ab453d1a211d069ee0226c
train,la_palma_volcano_00000128,la_palma_volcano,strictv1__train__la_palma_volcano_00000128,train,spain_la_palma_volcano,True,82fbb59f0bca4ba1c06621e84a918d0dc3b7f5d72f68c1793ae5350d96a72d5b
train,la_palma_volcano_00000129,la_palma_volcano,strictv1__train__la_palma_volcano_00000129,train,spain_la_palma_volcano,True,79921a465933b16a8db6e7e9291819e9f4fcbde2719f866b7cb5beddd1fe44b1
train,la_palma_volcano_00000130,la_palma_volcano,strictv1__train__la_palma_volcano_00000130,train,spain_la_palma_volcano,True,505ef832f34f3602542eaa8ce7bebb3432a8ebf07f0ec907f0238fb019bfe853
train,la_palma_volcano_00000131,la_palma_volcano,strictv1__train__la_palma_volcano_00000131,train,spain_la_palma_volcano,True,914c8c97e522c93f9ce97aedc71f030f27d46383709c51968dbc79f0bb16748d
train,la_palma_volcano_00000132,la_palma_volcano,strictv1__train__la_palma_volcano_00000132,train,spain_la_palma_volcano,True,3a7acf0249542e80f27b7281d4b3f0ca1916c8c66ee4222b4795feabd5c4a788
train,la_palma_volcano_00000133,la_palma_volcano,strictv1__train__la_palma_volcano_00000133,train,spain_la_palma_volcano,True,124412f67216eb45fba6b0f3a83cf1175774be807f3eace33373e32bc0f06d7c
train,la_palma_volcano_00000134,la_palma_volcano,strictv1__train__la_palma_volcano_00000134,train,spain_la_palma_volcano,True,20fdb603ed38e635fdd2e1c5eb0e5b827e3ffa55db017388be9725e8d731a5e3
train,la_palma_volcano_00000136,la_palma_volcano,strictv1__train__la_palma_volcano_00000136,train,spain_la_palma_volcano,True,e08f76979337e9b962126153632756166713fab53ebe6726ac1d5d73bdde39e9
train,la_palma_volcano_00000137,la_palma_volcano,strictv1__train__la_palma_volcano_00000137,train,spain_la_palma_volcano,True,cd1d511222ca55b0573612681bcf01775ec896b33536c3219614ea5f9c72c9d2
train,la_palma_volcano_00000138,la_palma_volcano,strictv1__train__la_palma_volcano_00000138,train,spain_la_palma_volcano,True,6757a1daa54985ce38f1781fedefe658cfe9230e5b5ed452eb02f42a02a136cc
train,la_palma_volcano_00000139,la_palma_volcano,strictv1__train__la_palma_volcano_00000139,train,spain_la_palma_volcano,True,cadbfd82af852ba9f26959361142bef7296ad8efd037f267120f9462629b47cd
train,la_palma_volcano_00000140,la_palma_volcano,strictv1__train__la_palma_volcano_00000140,train,spain_la_palma_volcano,True,80ca27bf55a68de7c122b473e9f9b13cffc447b2c0db3d83de8a6ba3b9d82852
train,la_palma_volcano_00000141,la_palma_volcano,strictv1__train__la_palma_volcano_00000141,train,spain_la_palma_volcano,True,5d9b2ad496811a81cd23a92d5c5cc4f46e9359632d9d1d2928137fee2d8602b1
train,la_palma_volcano_00000142,la_palma_volcano,strictv1__train__la_palma_volcano_00000142,train,spain_la_palma_volcano,True,c343d6736f05b64dde4db2edbf68dc4f1174b5c5b6156492e24436802520df59
train,la_palma_volcano_00000143,la_palma_volcano,strictv1__train__la_palma_volcano_00000143,train,spain_la_palma_volcano,True,dd4fd1cbfb0a23dbb3996c3b8ba2897d38803338ce95c0482af0dd38fffd4fa9
train,la_palma_volcano_00000147,la_palma_volcano,strictv1__train__la_palma_volcano_00000147,train,spain_la_palma_volcano,True,ac84e8dba9e311db3cae264788ee681425a1a8a3b6c2a7745290aea06c4aa3b5
train,la_palma_volcano_00000148,la_palma_volcano,strictv1__train__la_palma_volcano_00000148,train,spain_la_palma_volcano,True,416050efd88ae0d6467c0b3176fdc1ebc7afcb0f5cd5d7849822c953a7057d59
train,la_palma_volcano_00000149,la_palma_volcano,strictv1__train__la_palma_volcano_00000149,train,spain_la_palma_volcano,True,3838d71f8eca0febe489eceb078c8eb12947e5068ff0aa383780b4a8d1a2280b
train,la_palma_volcano_00000152,la_palma_volcano,strictv1__train__la_palma_volcano_00000152,train,spain_la_palma_volcano,True,d968e5bfd1e8099538c9442bf2056718bf5973212a51ed8bee8b091f3f85b259
train,la_palma_volcano_00000154,la_palma_volcano,strictv1__train__la_palma_volcano_00000154,train,spain_la_palma_volcano,True,40fe2ef27e9ff437bec377cef72e86306820f94a188f11ee06d3dc24f1178e79
train,la_palma_volcano_00000155,la_palma_volcano,strictv1__train__la_palma_volcano_00000155,train,spain_la_palma_volcano,True,5a23e6348d2b522bbf1f6c37de388722ed4ebdeddbb3097a5e44e2c1dd8ff310
train,la_palma_volcano_00000156,la_palma_volcano,strictv1__train__la_palma_volcano_00000156,train,spain_la_palma_volcano,True,59395fcfb21c97b819782d2a63411ca38fe07ebf043968ba94f3f1f684858aef
train,la_palma_volcano_00000157,la_palma_volcano,strictv1__train__la_palma_volcano_00000157,train,spain_la_palma_volcano,True,b65e65a7670bb77ecdb1343c436039b4c1bf0b89ee392abcce6e819d8c787b41
train,la_palma_volcano_00000158,la_palma_volcano,strictv1__train__la_palma_volcano_00000158,train,spain_la_palma_volcano,True,9c9c2bc3052b0f712f1d2ae1db2dc0bd7a091ce2b06da0ebc61ed4b16dae9bf4
train,la_palma_volcano_00000159,la_palma_volcano,strictv1__train__la_palma_volcano_00000159,train,spain_la_palma_volcano,True,784d2d214b9f8cfb291b5059352d1ecad8a2e4552912d4a40d1c507f95bb1efc
train,la_palma_volcano_00000160,la_palma_volcano,strictv1__train__la_palma_volcano_00000160,train,spain_la_palma_volcano,True,5012a02ff599c6c3ee92fd633e62bcf47c7ff34261dcb84d4c9dbb78a35b7b35
train,la_palma_volcano_00000161,la_palma_volcano,strictv1__train__la_palma_volcano_00000161,train,spain_la_palma_volcano,True,fa1672ea28d96c7975d2781520445f576c0b96586ba65fde0f7022c4a1b1d545
train,la_palma_volcano_00000163,la_palma_volcano,strictv1__train__la_palma_volcano_00000163,train,spain_la_palma_volcano,True,3f703e8b6b3fdcaaae47ee27de27cadcd091be66e0c850afa7cc95ae6e37c806
train,la_palma_volcano_00000164,la_palma_volcano,strictv1__train__la_palma_volcano_00000164,train,spain_la_palma_volcano,True,87470691281b3ad6fc141988a4c8d84a7aa335637cf5217865f1513e97f9d095
train,la_palma_volcano_00000165,la_palma_volcano,strictv1__train__la_palma_volcano_00000165,train,spain_la_palma_volcano,True,94c7595fbbd86fd26c5520e6728fbd29942e4245995a913dddadff7e09a4618d
train,la_palma_volcano_00000166,la_palma_volcano,strictv1__train__la_palma_volcano_00000166,train,spain_la_palma_volcano,True,afdbeec5d046c1a60658262eaefdf26d10457ea2cf7ecaa52e0f5646e749ede6
train,la_palma_volcano_00000167,la_palma_volcano,strictv1__train__la_palma_volcano_00000167,train,spain_la_palma_volcano,True,6a30745d34e0af00db6063b5bf8fbfd75b5ddfae0731c3fd51fe3617d688e259
train,la_palma_volcano_00000168,la_palma_volcano,strictv1__train__la_palma_volcano_00000168,train,spain_la_palma_volcano,True,628e8be20158ce153749299e92e55335d35cd84864748d7d6a91f7321796c24a
train,la_palma_volcano_00000169,la_palma_volcano,strictv1__train__la_palma_volcano_00000169,train,spain_la_palma_volcano,True,2ba7d13285635302a5760b27b30a78ee58893527487d810832f3e53c70799bc2
train,la_palma_volcano_00000170,la_palma_volcano,strictv1__train__la_palma_volcano_00000170,train,spain_la_palma_volcano,True,354523c93bf2fb5e7d9cfc0bb813f8ba63a96d7be38ae890b312ffbacad5966f
train,la_palma_volcano_00000172,la_palma_volcano,strictv1__train__la_palma_volcano_00000172,train,spain_la_palma_volcano,True,248e3d5ce08bbc9cebf2f6d1194e41b999994b7ccd92539da730f1f64a2fd9ee
train,la_palma_volcano_00000173,la_palma_volcano,strictv1__train__la_palma_volcano_00000173,train,spain_la_palma_volcano,True,b5275b64303e2c121fae1c61ce59c06933c11153aac85dca4051d149bd8b0a98
train,la_palma_volcano_00000174,la_palma_volcano,strictv1__train__la_palma_volcano_00000174,train,spain_la_palma_volcano,True,cc8f85b3f19fd74e7807c3872878aeb14d4f327db376ae8ef685283603095a30
train,la_palma_volcano_00000175,la_palma_volcano,strictv1__train__la_palma_volcano_00000175,train,spain_la_palma_volcano,True,09ee84763174a17c57f1fe55e8af46d224d19b0ef71c7ab61bc3c40aad5a3c86
train,la_palma_volcano_00000176,la_palma_volcano,strictv1__train__la_palma_volcano_00000176,train,spain_la_palma_volcano,True,bd4af644b6ccb91e07b8de495f582be0c19c917e4bd4b5638fbccea140bbef9d
train,la_palma_volcano_00000177,la_palma_volcano,strictv1__train__la_palma_volcano_00000177,train,spain_la_palma_volcano,True,a0a21cf72883d8c25cf0c6f8220fc55b735da8433f929da37547a4f5601b4f34
train,la_palma_volcano_00000178,la_palma_volcano,strictv1__train__la_palma_volcano_00000178,train,spain_la_palma_volcano,True,6622e3d82bb1f15b47309fbe9aa13d8f1cf04557800e0476a58b46674df01936
train,la_palma_volcano_00000180,la_palma_volcano,strictv1__train__la_palma_volcano_00000180,train,spain_la_palma_volcano,True,f98ba4276e932ea8ec9b40ecaa3a1c61b60ab47e408c852a3652d820c978f7a9
train,la_palma_volcano_00000181,la_palma_volcano,strictv1__train__la_palma_volcano_00000181,train,spain_la_palma_volcano,True,b3acd22d5ceefeb553feb6a736a1811c41face611ab1cbf21e4a25e24b8816bc
train,la_palma_volcano_00000182,la_palma_volcano,strictv1__train__la_palma_volcano_00000182,train,spain_la_palma_volcano,True,ed15e6d5b5ffba7adc3a1db52751a275bca95b4a3bc594ba38bcd78c1ac06ed5
train,la_palma_volcano_00000183,la_palma_volcano,strictv1__train__la_palma_volcano_00000183,train,spain_la_palma_volcano,True,70bca3534cc85f9cb7d6205d2101c21b3f42bd1154f2b183bf5f6641c1cebfcf
train,la_palma_volcano_00000184,la_palma_volcano,strictv1__train__la_palma_volcano_00000184,train,spain_la_palma_volcano,True,e218c51596b914ed9e3259f77af6b4efc30c378a5e1af765d96fa170edf21f56
train,la_palma_volcano_00000187,la_palma_volcano,strictv1__train__la_palma_volcano_00000187,train,spain_la_palma_volcano,True,38aa061f20f1491ad374f50afb902cc644ebd317becb1691eeb7d0ec94de361e
train,la_palma_volcano_00000191,la_palma_volcano,strictv1__train__la_palma_volcano_00000191,train,spain_la_palma_volcano,True,15c0c14d2b687e81ab8d251cb81b11a4d91b68eb558d3a69aedc5474b76ad5c2
train,la_palma_volcano_00000192,la_palma_volcano,strictv1__train__la_palma_volcano_00000192,train,spain_la_palma_volcano,True,4601374d80554926dbd2747aab24c6174632a841871ded2b2e398f080bc4d8fa
train,la_palma_volcano_00000193,la_palma_volcano,strictv1__train__la_palma_volcano_00000193,train,spain_la_palma_volcano,True,09603170dd512b9957f822e3482003923e16bb199bf8f7fad8cecc61ed31f111
train,la_palma_volcano_00000194,la_palma_volcano,strictv1__train__la_palma_volcano_00000194,train,spain_la_palma_volcano,True,4afad1f16be367f367cc752646c3b21a887e1a5af0cb60b541f42355dacecea9
train,la_palma_volcano_00000195,la_palma_volcano,strictv1__train__la_palma_volcano_00000195,train,spain_la_palma_volcano,True,ae547582b5ce69c636cfe7e31949dd263df5d00675bc9cee6b8d8ce560f8db90
train,la_palma_volcano_00000196,la_palma_volcano,strictv1__train__la_palma_volcano_00000196,train,spain_la_palma_volcano,True,d79aaf85254ed1c93f3a82b0b0a548dafeb93f1627128c0e5d9924984e5dbb54
train,la_palma_volcano_00000198,la_palma_volcano,strictv1__train__la_palma_volcano_00000198,train,spain_la_palma_volcano,True,f2d20b078b422614dd1db877b10dbf8e900b0e79f78c59d29af74a255a7fd515
train,la_palma_volcano_00000199,la_palma_volcano,strictv1__train__la_palma_volcano_00000199,train,spain_la_palma_volcano,True,2d496e5d87126ff641aba1ab742cb9ccc09b08d58c187079088d7aeb3ae1d454
train,la_palma_volcano_00000200,la_palma_volcano,strictv1__train__la_palma_volcano_00000200,train,spain_la_palma_volcano,True,1c066055276645ea3be8f7c87ee1d920b24915aea8b9c45f1b997518fcde1ce9
train,la_palma_volcano_00000201,la_palma_volcano,strictv1__train__la_palma_volcano_00000201,train,spain_la_palma_volcano,True,3cf28fd76682e9140844f7576b500e9214f770b6ecdbe741dee7a5dfbed4ace9
train,la_palma_volcano_00000202,la_palma_volcano,strictv1__train__la_palma_volcano_00000202,train,spain_la_palma_volcano,True,27faf742e87a415eb6b8a095b9497070dca15167890447320e65a75c44970116
train,la_palma_volcano_00000203,la_palma_volcano,strictv1__train__la_palma_volcano_00000203,train,spain_la_palma_volcano,True,ee4ee869694683e2aad44b4f2320320297f19efe0010cd0c3172aae0273cbb41
train,la_palma_volcano_00000204,la_palma_volcano,strictv1__train__la_palma_volcano_00000204,train,spain_la_palma_volcano,True,798d3d72e3dbb614e5070d957fb342d3c9890610c9809f0a13130c4ac43dd071
train,la_palma_volcano_00000205,la_palma_volcano,strictv1__train__la_palma_volcano_00000205,train,spain_la_palma_volcano,True,dcc6670e418adb00c9dfc04e25a74d0247c3f12dc6906ebd8cb15150675664de
train,la_palma_volcano_00000207,la_palma_volcano,strictv1__train__la_palma_volcano_00000207,train,spain_la_palma_volcano,True,cce4e79260b1fa5b4ec19657030b9e9d64938bad103cfe9ec6c6c6bebfad55cb
train,la_palma_volcano_00000208,la_palma_volcano,strictv1__train__la_palma_volcano_00000208,train,spain_la_palma_volcano,True,deac838982dd0e5c871460db66f125e2885468bf931011eb1ae8ca38ee1b9f33
train,la_palma_volcano_00000209,la_palma_volcano,strictv1__train__la_palma_volcano_00000209,train,spain_la_palma_volcano,True,a556c71f3d2df88d26f4eb880177fb5d3f0466ff58b23700021bde5a22660aed
train,la_palma_volcano_00000210,la_palma_volcano,strictv1__train__la_palma_volcano_00000210,train,spain_la_palma_volcano,True,ec0b4754546effa0b1bf38aa8d4e9e17b891e1f58bbfbfbb605732fec7bb4f1a
train,la_palma_volcano_00000211,la_palma_volcano,strictv1__train__la_palma_volcano_00000211,train,spain_la_palma_volcano,True,3bae13f4b1804dc5dd4ba712689edfc8b811b49035b32b53215135d2da87dbaf
train,la_palma_volcano_00000212,la_palma_volcano,strictv1__train__la_palma_volcano_00000212,train,spain_la_palma_volcano,True,1a50c5d6f1e3011a865e7d2acf37fbd586a71801cad366705222a32a03b06a18
train,la_palma_volcano_00000213,la_palma_volcano,strictv1__train__la_palma_volcano_00000213,train,spain_la_palma_volcano,True,f3f52bd4a4e64bc4d9adde2db7160312e3f51d60f9aeb7b7f6c78b5a5a41e6bc
train,la_palma_volcano_00000215,la_palma_volcano,strictv1__train__la_palma_volcano_00000215,train,spain_la_palma_volcano,True,3a3f4488271f940e880a7df3628b1bfbb09ca4feb289df34f694118f0ecf1ec4
train,la_palma_volcano_00000216,la_palma_volcano,strictv1__train__la_palma_volcano_00000216,train,spain_la_palma_volcano,True,77d902b7cc62c4374ddd55b74314579569dd8763c50d07ffed1dbb2f8236d84b
train,la_palma_volcano_00000217,la_palma_volcano,strictv1__train__la_palma_volcano_00000217,train,spain_la_palma_volcano,True,01ddc938b7d29a5b943819bcf0bd00b1f2ff2892e13f885bae3161518134c8ad
train,la_palma_volcano_00000218,la_palma_volcano,strictv1__train__la_palma_volcano_00000218,train,spain_la_palma_volcano,True,159c49cf5768f14e15d34985cec8ee028c48a3d99a7cf5d19e9e96ce15fd0143
train,la_palma_volcano_00000219,la_palma_volcano,strictv1__train__la_palma_volcano_00000219,train,spain_la_palma_volcano,True,57740aedef701efed08a69051d75a65b0e4b8a0949a3ea022b11d8da7cd17a5c
train,la_palma_volcano_00000220,la_palma_volcano,strictv1__train__la_palma_volcano_00000220,train,spain_la_palma_volcano,True,5329b1b95c595d751bbfae9056ec92bb33507ddb656ec2621f0f1f3e1ef9fe88
train,la_palma_volcano_00000221,la_palma_volcano,strictv1__train__la_palma_volcano_00000221,train,spain_la_palma_volcano,True,4f0451b0f9207215134e59366215bc0bc4df129c3b36561ed2e109d5a9c2c931
train,la_palma_volcano_00000224,la_palma_volcano,strictv1__train__la_palma_volcano_00000224,train,spain_la_palma_volcano,True,529ff66bbb968bd32414dd90db815ddd858f458dcc8619414853e6fd01f6fb65
train,la_palma_volcano_00000228,la_palma_volcano,strictv1__train__la_palma_volcano_00000228,train,spain_la_palma_volcano,True,82d2f865a568b82081e40cf1820f33599c30489b2e04b941b079df16017adf0d
train,la_palma_volcano_00000231,la_palma_volcano,strictv1__train__la_palma_volcano_00000231,train,spain_la_palma_volcano,True,d0469acc5ba1197e276e0c913bdc23b3376a4d849e97b8823aab4189e800eb3c
train,la_palma_volcano_00000233,la_palma_volcano,strictv1__train__la_palma_volcano_00000233,train,spain_la_palma_volcano,True,78df6758d8b52c0b6bef1fb50199d3bf3f5163c4d5fa6507d2d0ec8cc08381ee
train,la_palma_volcano_00000234,la_palma_volcano,strictv1__train__la_palma_volcano_00000234,train,spain_la_palma_volcano,True,76655644bd89bc2aa503fafe0507652ab51dd3f2bc90a337bb87fd27a5a1a1ac
train,la_palma_volcano_00000235,la_palma_volcano,strictv1__train__la_palma_volcano_00000235,train,spain_la_palma_volcano,True,33225da14b0d20e19d2368affbe948c2bf462dde00a661f873b30225a1498a71
train,la_palma_volcano_00000236,la_palma_volcano,strictv1__train__la_palma_volcano_00000236,train,spain_la_palma_volcano,True,b45776c9e0593f1137a67a867efa0bbc9129d42de72bd6354bd51270eb8b1073
train,la_palma_volcano_00000237,la_palma_volcano,strictv1__train__la_palma_volcano_00000237,train,spain_la_palma_volcano,True,26bf6fb9b8f292aef06949cdd6773eabb2877a4e60c17361692fe075375d5fc9
train,la_palma_volcano_00000238,la_palma_volcano,strictv1__train__la_palma_volcano_00000238,train,spain_la_palma_volcano,True,8d82bc4ba2d728183c371f8b6195f86a9fcefac72ac8f710e0f6a4d4a248ae43
train,la_palma_volcano_00000239,la_palma_volcano,strictv1__train__la_palma_volcano_00000239,train,spain_la_palma_volcano,True,5caee38db16b1ad22f11239cbd95f840a20d44319ca8b5f3aa315988f1b238de
train,la_palma_volcano_00000240,la_palma_volcano,strictv1__train__la_palma_volcano_00000240,train,spain_la_palma_volcano,True,4549f585a6f269084350e3f7f9b4373ecc24f01f89e8cc62eb77bd4d9d1a3835
train,la_palma_volcano_00000242,la_palma_volcano,strictv1__train__la_palma_volcano_00000242,train,spain_la_palma_volcano,True,f30abe34f10cd7ecb29fbac02f8929d9358090c23742bd2fe438c329c6103c21
train,la_palma_volcano_00000243,la_palma_volcano,strictv1__train__la_palma_volcano_00000243,train,spain_la_palma_volcano,True,dc591650e313c4e5f1933bc9574b59cc6d777052f2a4857e83e53c59b0843653
train,la_palma_volcano_00000244,la_palma_volcano,strictv1__train__la_palma_volcano_00000244,train,spain_la_palma_volcano,True,0c00d151a1cc24e432dc39526b0c4f6909dc2076691482562592a22fc0665274
train,la_palma_volcano_00000245,la_palma_volcano,strictv1__train__la_palma_volcano_00000245,train,spain_la_palma_volcano,True,089ffd3e4b9db7ed96eb0da9f43d04602e52bffddb5216e9f1fe3f3c75420c90
train,la_palma_volcano_00000246,la_palma_volcano,strictv1__train__la_palma_volcano_00000246,train,spain_la_palma_volcano,True,d5f750c022b3f70982172a0f03ae57a6227d4b0aa3200e04ae834c4078708665
train,la_palma_volcano_00000247,la_palma_volcano,strictv1__train__la_palma_volcano_00000247,train,spain_la_palma_volcano,True,3cfad86b7e7001ed3ae56ba228424996857f75e58c7eff6feda033a8848b1509
train,la_palma_volcano_00000248,la_palma_volcano,strictv1__train__la_palma_volcano_00000248,train,spain_la_palma_volcano,True,2b24d38798ae90577360e20da13d8ac5b345402de5c9efc7b098a1b54f53ef4c
train,la_palma_volcano_00000249,la_palma_volcano,strictv1__train__la_palma_volcano_00000249,train,spain_la_palma_volcano,True,7608c2c072dacb713a316a73a050556940aea0f7a55fdb04bbbcf13df19eee4c
train,la_palma_volcano_00000251,la_palma_volcano,strictv1__train__la_palma_volcano_00000251,train,spain_la_palma_volcano,True,11925ffaee47b9eb8cf14aa0dbb0a1ede9637537d3789b059abb04af40cad741
train,la_palma_volcano_00000252,la_palma_volcano,strictv1__train__la_palma_volcano_00000252,train,spain_la_palma_volcano,True,babe0680e695b2ec89c759575357acf80fe0d272f48cf70541b82555246056d0
train,la_palma_volcano_00000253,la_palma_volcano,strictv1__train__la_palma_volcano_00000253,train,spain_la_palma_volcano,True,f5ebae7deda1a813595d0ecdb971e546af2435e4f5dda6e101fc43c0f39c43ff
train,la_palma_volcano_00000254,la_palma_volcano,strictv1__train__la_palma_volcano_00000254,train,spain_la_palma_volcano,True,3656699f109150df35f34cb0a6bdbad16c34d89a761cae39586997dc42cb43d7
train,la_palma_volcano_00000255,la_palma_volcano,strictv1__train__la_palma_volcano_00000255,train,spain_la_palma_volcano,True,d03b78cd57717a1ac3b383ea6b94385f88ff975c70a9f537e799d91ef4fe274f
train,la_palma_volcano_00000256,la_palma_volcano,strictv1__train__la_palma_volcano_00000256,train,spain_la_palma_volcano,True,5c5ce49f3dbb52b99e61eec5ab3718654792b3a4075a666886e2c0006a20ade6
train,la_palma_volcano_00000257,la_palma_volcano,strictv1__train__la_palma_volcano_00000257,train,spain_la_palma_volcano,True,1ebab116c7bc9810c74f5cd2b2011e1b3c9d5fcc85ba8155f6ddec0db4bb3e61
train,la_palma_volcano_00000259,la_palma_volcano,strictv1__train__la_palma_volcano_00000259,train,spain_la_palma_volcano,True,f6cf9305b134aa3dcf4075b0c14b6987f7201e7fe76634e1de6c24d28df16921
train,la_palma_volcano_00000260,la_palma_volcano,strictv1__train__la_palma_volcano_00000260,train,spain_la_palma_volcano,True,c831678e4b76ca8b4088c56ff5afe3136a054eb9f270626c3709f72d023ce914
train,la_palma_volcano_00000269,la_palma_volcano,strictv1__train__la_palma_volcano_00000269,train,spain_la_palma_volcano,True,b375fe29bf76e7c7218acc4303834ecfd2aa7be770ef0945e37d5fbaff22d61f
train,la_palma_volcano_00000270,la_palma_volcano,strictv1__train__la_palma_volcano_00000270,train,spain_la_palma_volcano,True,5addf4b5c52bf81e9cdc487dbfbda7ad0743c1cc424fa177fbe28aa3554f5c77
train,la_palma_volcano_00000271,la_palma_volcano,strictv1__train__la_palma_volcano_00000271,train,spain_la_palma_volcano,True,04dacef8d200a150b4b8b2c7046267257e6f866ba571efbf6c78f1c62481d36c
train,la_palma_volcano_00000272,la_palma_volcano,strictv1__train__la_palma_volcano_00000272,train,spain_la_palma_volcano,True,5f91c4b0c4463bfc5d190b0ed367b8a5b5c7193d89c954f8ac67caff131f6a55
train,la_palma_volcano_00000273,la_palma_volcano,strictv1__train__la_palma_volcano_00000273,train,spain_la_palma_volcano,True,84279ea6b0cb0fd7754f1d0c788464be58c1e393265acb66b003dda0f13706a9
train,la_palma_volcano_00000274,la_palma_volcano,strictv1__train__la_palma_volcano_00000274,train,spain_la_palma_volcano,True,11db96d7cfd8966087ce2acfa045c9b864ed60085614474e858c60bc1d6d4535
train,la_palma_volcano_00000275,la_palma_volcano,strictv1__train__la_palma_volcano_00000275,train,spain_la_palma_volcano,True,37370624b97ece5f11b7d5d5852d9d1d4e9d0c3afec009ebe883c4379252da0d
train,la_palma_volcano_00000277,la_palma_volcano,strictv1__train__la_palma_volcano_00000277,train,spain_la_palma_volcano,True,41d54cfd6c80a0e0a68b54d50d3fcb3637d00244897bed959203d79e7cbe0667
train,la_palma_volcano_00000278,la_palma_volcano,strictv1__train__la_palma_volcano_00000278,train,spain_la_palma_volcano,True,2b4626756691e6e8635db5e4fa8e9480fd27a68eb761c7bbfb1fbf16266e4e29
train,la_palma_volcano_00000279,la_palma_volcano,strictv1__train__la_palma_volcano_00000279,train,spain_la_palma_volcano,True,168e94b1291328a638cc744b9f6fa694288da53d4c2832df3ac96f57c249f02b
train,la_palma_volcano_00000280,la_palma_volcano,strictv1__train__la_palma_volcano_00000280,train,spain_la_palma_volcano,True,c26a82a5161a5b0683113e6ca45d8246cb3cc58b44776cb54727d5c0d52c3ef6
train,la_palma_volcano_00000281,la_palma_volcano,strictv1__train__la_palma_volcano_00000281,train,spain_la_palma_volcano,True,4a268abcfd98cf917e5938e8a6534c70631681075159551ff9de6bb46686c7d0
train,la_palma_volcano_00000282,la_palma_volcano,strictv1__train__la_palma_volcano_00000282,train,spain_la_palma_volcano,True,c17a87a009af4da9c15935befcf12a86d26fa2ba96a9c6a2fc5467943fb994e2
train,la_palma_volcano_00000283,la_palma_volcano,strictv1__train__la_palma_volcano_00000283,train,spain_la_palma_volcano,True,dfbec84f45511ee2e027723f30b1600cfb1ae2af66526d932dcfef324c9c1de2
train,la_palma_volcano_00000284,la_palma_volcano,strictv1__train__la_palma_volcano_00000284,train,spain_la_palma_volcano,True,d542e153ba9776e63963d60eef9865742e26aaefb560caee34c57eee05831121
train,la_palma_volcano_00000286,la_palma_volcano,strictv1__train__la_palma_volcano_00000286,train,spain_la_palma_volcano,True,610d44d41b8bda4193ba7e66f0b4257b50f20bab52c9818bbbb09f29e89beb94
train,la_palma_volcano_00000287,la_palma_volcano,strictv1__train__la_palma_volcano_00000287,train,spain_la_palma_volcano,True,4b7d04988cc1e5590404f1bc2c44aad0044086f9a2ef0b947ca5ee8bed77bc29
train,la_palma_volcano_00000288,la_palma_volcano,strictv1__train__la_palma_volcano_00000288,train,spain_la_palma_volcano,True,3b36c26ff7cc0b9c7c07f30e1ee147415c2feb795271ac88f9e624ceeb2d5768
train,la_palma_volcano_00000289,la_palma_volcano,strictv1__train__la_palma_volcano_00000289,train,spain_la_palma_volcano,True,f33b30eb556234e65e16e3b9759245bbc27e230d967b1d6ebc1921d58cb2081a
train,la_palma_volcano_00000290,la_palma_volcano,strictv1__train__la_palma_volcano_00000290,train,spain_la_palma_volcano,True,6e8ec9e9a137b2cc593d42223365c6424c5f5f6177591ac243bc5ed96d7302d0
train,la_palma_volcano_00000291,la_palma_volcano,strictv1__train__la_palma_volcano_00000291,train,spain_la_palma_volcano,True,f4668d5565ac17b32ff548c288e295dceb54ca9736edb0d8da1dedfaa7964a5f
train,la_palma_volcano_00000292,la_palma_volcano,strictv1__train__la_palma_volcano_00000292,train,spain_la_palma_volcano,True,f4cd0d59739c59234baf5d5226fa41681895cb11b5a4fb4a842fc9c7c3b624d4
train,la_palma_volcano_00000293,la_palma_volcano,strictv1__train__la_palma_volcano_00000293,train,spain_la_palma_volcano,True,a17a91e03597b0d4e5d78cc7d96c60cf4fb332b8c45b8f9017ab40dd6551717f
train,la_palma_volcano_00000295,la_palma_volcano,strictv1__train__la_palma_volcano_00000295,train,spain_la_palma_volcano,True,5e3580a23690c02c588c9df26c731e9038c00ea2b778b59dab349f31483acfff
train,la_palma_volcano_00000297,la_palma_volcano,strictv1__train__la_palma_volcano_00000297,train,spain_la_palma_volcano,True,1304fe54d5d22b4028cb8aa684f91a869f1de3e921bbcbec27cd3365180a1971
train,la_palma_volcano_00000298,la_palma_volcano,strictv1__train__la_palma_volcano_00000298,train,spain_la_palma_volcano,True,81cd038c12a9186d89ecb79d69d02bb14347de946536cd10a1898ac5eee0353a
train,la_palma_volcano_00000307,la_palma_volcano,strictv1__train__la_palma_volcano_00000307,train,spain_la_palma_volcano,True,e253814efd5e53616720713d2e4ebc31fb41b416eaa4b2abd97b9faaf50d5b09
train,la_palma_volcano_00000308,la_palma_volcano,strictv1__train__la_palma_volcano_00000308,train,spain_la_palma_volcano,True,308953c4d352c63db145897141b7750ab21333d74c705f6a870457f701cf2091
train,la_palma_volcano_00000309,la_palma_volcano,strictv1__train__la_palma_volcano_00000309,train,spain_la_palma_volcano,True,fd1e370edcf58c6883d9c0024ee05b22fe155693b68c0b2a8a1eb10cc2ad4448
train,la_palma_volcano_00000310,la_palma_volcano,strictv1__train__la_palma_volcano_00000310,train,spain_la_palma_volcano,True,2423663a84a30cc53ce8865e502c5ce3b7b87b6f6a44ea589750d9277109febf
train,la_palma_volcano_00000311,la_palma_volcano,strictv1__train__la_palma_volcano_00000311,train,spain_la_palma_volcano,True,e60a755afff54a58cac1acc438017a43e65c96640191167293eb975298101d5d
train,la_palma_volcano_00000312,la_palma_volcano,strictv1__train__la_palma_volcano_00000312,train,spain_la_palma_volcano,True,e2833ba2c44206f528cfdeb61b6a2ff891f45a47d1a0074ddaddb893f5664d85
train,la_palma_volcano_00000313,la_palma_volcano,strictv1__train__la_palma_volcano_00000313,train,spain_la_palma_volcano,True,5b9c6a7798b740156985c9eafd456c1cd6946cefa8d8cd46c7b8b8b821d7fadf
train,la_palma_volcano_00000314,la_palma_volcano,strictv1__train__la_palma_volcano_00000314,train,spain_la_palma_volcano,True,f5636c0d8dca6834fdc3818cac5619270f7bfe1beaf6796f08f7128757c63b80
train,la_palma_volcano_00000316,la_palma_volcano,strictv1__train__la_palma_volcano_00000316,train,spain_la_palma_volcano,True,bf41587c0c15af73d2e2191f9dcde829b5d9cf86067c2c7b140e29cfcb17a3c5
train,la_palma_volcano_00000317,la_palma_volcano,strictv1__train__la_palma_volcano_00000317,train,spain_la_palma_volcano,True,b6fb11a8898bf3dc1b823c485e0c8609abdb77cab1aadabb06eb9c1f3609fa51
train,la_palma_volcano_00000318,la_palma_volcano,strictv1__train__la_palma_volcano_00000318,train,spain_la_palma_volcano,True,83647de9056ec03eafb54d8159bc4bf2590a9b1df7b67255b562ce8c9d776e0a
train,la_palma_volcano_00000319,la_palma_volcano,strictv1__train__la_palma_volcano_00000319,train,spain_la_palma_volcano,True,3cce4fcf055b09b3daa6727c34cb31b7c1f986d50bee5c7ffe33997d3a1febb4
train,la_palma_volcano_00000320,la_palma_volcano,strictv1__train__la_palma_volcano_00000320,train,spain_la_palma_volcano,True,a7e4c4ce1309d13205ed88d4ab849a0866e55841e5595a83ed8836490b8fe352
train,la_palma_volcano_00000321,la_palma_volcano,strictv1__train__la_palma_volcano_00000321,train,spain_la_palma_volcano,True,b7ea844aac5d8ad81fdb120ff1993ef0d83aa5ab9afd2f1e49a2ff6ddf8c24f9
train,la_palma_volcano_00000322,la_palma_volcano,strictv1__train__la_palma_volcano_00000322,train,spain_la_palma_volcano,True,6e44ef202adb9d9fbd25d39b38839fd34211213935f50408c227248c86790b7f
train,la_palma_volcano_00000323,la_palma_volcano,strictv1__train__la_palma_volcano_00000323,train,spain_la_palma_volcano,True,69b07b8cdf315da1124a52ad5adf6b49eb21debe530e66e640332ac2c05cdb82
train,la_palma_volcano_00000325,la_palma_volcano,strictv1__train__la_palma_volcano_00000325,train,spain_la_palma_volcano,True,c89f379c68fb3ed3315c513c5357f8b2a1e1f50711c714d0fcacb406fbbd43a5
train,la_palma_volcano_00000326,la_palma_volcano,strictv1__train__la_palma_volcano_00000326,train,spain_la_palma_volcano,True,2b70035b47bbf53019786f001dd32719f594d3ce43dd116255eb9abfcd4a64d8
train,la_palma_volcano_00000327,la_palma_volcano,strictv1__train__la_palma_volcano_00000327,train,spain_la_palma_volcano,True,64e5ece28047da52f3709219364901a5d0a06bad8bd3b4d2a8c150c94b38113f
train,la_palma_volcano_00000330,la_palma_volcano,strictv1__train__la_palma_volcano_00000330,train,spain_la_palma_volcano,True,289999c46f73d72059a7d1f1d15149c51bb627796656e9c2e6c6e981332c0303
train,la_palma_volcano_00000334,la_palma_volcano,strictv1__train__la_palma_volcano_00000334,train,spain_la_palma_volcano,True,798b611af60b1124b83b63a5564113f4ae952b43e7550de9f9c4a060288ab12f
train,la_palma_volcano_00000346,la_palma_volcano,strictv1__train__la_palma_volcano_00000346,train,spain_la_palma_volcano,True,848a633a878dc94a2155103a28af7ed9f28bedf7ede12df9bd3c88ef1558a5a3
train,la_palma_volcano_00000348,la_palma_volcano,strictv1__train__la_palma_volcano_00000348,train,spain_la_palma_volcano,True,5602ba47456a8594561f3313143d97d0511109ab33492e8583c0dc608ce95148
train,la_palma_volcano_00000349,la_palma_volcano,strictv1__train__la_palma_volcano_00000349,train,spain_la_palma_volcano,True,8b1f9664a845eb88d080485682c009113555978c0256a77d70136483c6f1912a
train,la_palma_volcano_00000350,la_palma_volcano,strictv1__train__la_palma_volcano_00000350,train,spain_la_palma_volcano,True,933e5b19549e9fa2d2075a469b7c9ab6e384dcac8f8f1415221b848ff5bdcc27
train,la_palma_volcano_00000351,la_palma_volcano,strictv1__train__la_palma_volcano_00000351,train,spain_la_palma_volcano,True,4e3eb5e98e9db3d59aefe93ccdd0a7516e11f9de0f673357e3bc5a54ce71db44
train,la_palma_volcano_00000352,la_palma_volcano,strictv1__train__la_palma_volcano_00000352,train,spain_la_palma_volcano,True,9cf7264e05d28c60aee9f80bd93d537762a14f91319fb3bfb8b5bbe91f1a16de
train,la_palma_volcano_00000353,la_palma_volcano,strictv1__train__la_palma_volcano_00000353,train,spain_la_palma_volcano,True,211ad809b38b7e6ff92e4b0b2e3b7e3c1794a9a3b09f45938f1d83009ee64e07
train,la_palma_volcano_00000354,la_palma_volcano,strictv1__train__la_palma_volcano_00000354,train,spain_la_palma_volcano,True,c65febde8b475b7d7816de00853b9e44b482b44c24c003775754c04487cb80e4
train,la_palma_volcano_00000356,la_palma_volcano,strictv1__train__la_palma_volcano_00000356,train,spain_la_palma_volcano,True,b9e90af3db79ba50c04e3a124ef4a28236c0a32c24fd6f55a0cbbd2250a04599
train,la_palma_volcano_00000357,la_palma_volcano,strictv1__train__la_palma_volcano_00000357,train,spain_la_palma_volcano,True,0d27ab5e86efa0eebd41443744143078f4980766a1fe3fda82b4871cc86b7f30
train,la_palma_volcano_00000358,la_palma_volcano,strictv1__train__la_palma_volcano_00000358,train,spain_la_palma_volcano,True,20c8a0f4d4bb5a40ff73e1d0692bbc6a7540d6057eff40713f612dedb4097cd1
train,la_palma_volcano_00000359,la_palma_volcano,strictv1__train__la_palma_volcano_00000359,train,spain_la_palma_volcano,True,34123dad95998291bc118e9f2b0e452a7854df4607fe16a2e0f3341e0030c921
train,la_palma_volcano_00000360,la_palma_volcano,strictv1__train__la_palma_volcano_00000360,train,spain_la_palma_volcano,True,7929bcccf72bd8954e45ca188e135f444b6329135a1d97e5c07d6965a6fa9e12
train,la_palma_volcano_00000361,la_palma_volcano,strictv1__train__la_palma_volcano_00000361,train,spain_la_palma_volcano,True,614158f492601785eab1b6b5fa11542524844a7e35f73cc4b38ebb201a098443
train,la_palma_volcano_00000362,la_palma_volcano,strictv1__train__la_palma_volcano_00000362,train,spain_la_palma_volcano,True,4341b4e2c67aa199df03392f97e88acdb6c46b6124dd20f1d7ef914c9f34f4a5
train,la_palma_volcano_00000363,la_palma_volcano,strictv1__train__la_palma_volcano_00000363,train,spain_la_palma_volcano,True,0b68838e2fe9d13d04dadfecf37e0df5f78b7df99c16dad79c49528437679b17
train,la_palma_volcano_00000365,la_palma_volcano,strictv1__train__la_palma_volcano_00000365,train,spain_la_palma_volcano,True,79416f101253849ccca055aa913f1e98bf140f1332451f3118d34b90d59a0444
train,la_palma_volcano_00000366,la_palma_volcano,strictv1__train__la_palma_volcano_00000366,train,spain_la_palma_volcano,True,a166ae8680ba790dc86106d40d7e37d4af94dfb3449fa4aa81d4d845c9e428e8
train,la_palma_volcano_00000384,la_palma_volcano,strictv1__train__la_palma_volcano_00000384,train,spain_la_palma_volcano,True,dcf3ecdd6ceea398783dbc5604ee0557287e6b3163bcb19cd2dc483ef8d708e5
train,la_palma_volcano_00000385,la_palma_volcano,strictv1__train__la_palma_volcano_00000385,train,spain_la_palma_volcano,True,db1c1681fc26cb183371f1d8e4994b0aa47084e74363bad0598e42817458e0c7
train,la_palma_volcano_00000386,la_palma_volcano,strictv1__train__la_palma_volcano_00000386,train,spain_la_palma_volcano,True,97e58ca960c72d76053f6e9f28516b7ed96027659317abdcb408e0bb28d80a9f
train,la_palma_volcano_00000387,la_palma_volcano,strictv1__train__la_palma_volcano_00000387,train,spain_la_palma_volcano,True,9c9c54bc53e19b1b5be80b30cf1d327009466cb519476cb9a2a2ab9d0d0ccc39
train,la_palma_volcano_00000388,la_palma_volcano,strictv1__train__la_palma_volcano_00000388,train,spain_la_palma_volcano,True,da323dc05fd02528fcae1cc4ef180c3a88dd32a8678d80aa2b924d4150d45757
train,la_palma_volcano_00000389,la_palma_volcano,strictv1__train__la_palma_volcano_00000389,train,spain_la_palma_volcano,True,816c63ea1b3a64259db7450f279f1b58702a94bc5cc7bd2ddba6a80322f730ab
train,la_palma_volcano_00000390,la_palma_volcano,strictv1__train__la_palma_volcano_00000390,train,spain_la_palma_volcano,True,292ef5d67eeedac9dff36fa5c59b2d8307cf55063a2d154ee528b15f04754173
train,la_palma_volcano_00000392,la_palma_volcano,strictv1__train__la_palma_volcano_00000392,train,spain_la_palma_volcano,True,f22b8e48104eea02e494ab39f3f7c303ed6ce8083bdff8dfe7c24941fcc42ccc
train,la_palma_volcano_00000393,la_palma_volcano,strictv1__train__la_palma_volcano_00000393,train,spain_la_palma_volcano,True,dea11215cf91aa08bda3a5010a4d3647eb47bf9fe3845a7261c50efa383f0071
train,la_palma_volcano_00000394,la_palma_volcano,strictv1__train__la_palma_volcano_00000394,train,spain_la_palma_volcano,True,a5141b4d97584bff7ee8292621b53d177f97e8e1b73b6c43f8d3cb7ae11de847
train,la_palma_volcano_00000395,la_palma_volcano,strictv1__train__la_palma_volcano_00000395,train,spain_la_palma_volcano,True,e759c5e20d34cff538b2d1f1406d66022986f08ea09ff10600d0ac3bd3240370
train,la_palma_volcano_00000396,la_palma_volcano,strictv1__train__la_palma_volcano_00000396,train,spain_la_palma_volcano,True,06409c4debf36ac424888d9ea148dc90587025478c6fb6442e7c2a724e198cec
train,la_palma_volcano_00000397,la_palma_volcano,strictv1__train__la_palma_volcano_00000397,train,spain_la_palma_volcano,True,bc07b3ad295836e027567cc7e58cbad53063ad5770271747310b945e2a2096f2
train,la_palma_volcano_00000398,la_palma_volcano,strictv1__train__la_palma_volcano_00000398,train,spain_la_palma_volcano,True,368b30030f735f867d452472c9957dacd32e2fff264c1611f9007ff421d8062b
train,la_palma_volcano_00000401,la_palma_volcano,strictv1__train__la_palma_volcano_00000401,train,spain_la_palma_volcano,True,be0bada37c1d845b79a07f51b11a021dcd91c0b50330e7a7ee51967837d30625
train,la_palma_volcano_00000402,la_palma_volcano,strictv1__train__la_palma_volcano_00000402,train,spain_la_palma_volcano,True,7a4a20fb5b1d94ad78f79d13f241c92010dc47bdd1a5a7a2ba728ef0891e4b47
train,la_palma_volcano_00000403,la_palma_volcano,strictv1__train__la_palma_volcano_00000403,train,spain_la_palma_volcano,True,572f98c5a4e008fece7f9291960b4a1e7dbb9301d3c17e56ad6108a81e09573c
train,la_palma_volcano_00000415,la_palma_volcano,strictv1__train__la_palma_volcano_00000415,train,spain_la_palma_volcano,True,63fa64b550f054f65b5f44f2a9e8e18eeaa0ad953716b3dde43058e0ea23a6a8
train,la_palma_volcano_00000416,la_palma_volcano,strictv1__train__la_palma_volcano_00000416,train,spain_la_palma_volcano,True,75f9791ef04fbc80714be4a44ffdcbaf02d7e7f16e5c8d33b6a4d9a2e285087c
train,la_palma_volcano_00000417,la_palma_volcano,strictv1__train__la_palma_volcano_00000417,train,spain_la_palma_volcano,True,54d9f84fd4d785a66294c91358a7b2e5455ea094425f5d4832d601a4dabb9f71
train,la_palma_volcano_00000418,la_palma_volcano,strictv1__train__la_palma_volcano_00000418,train,spain_la_palma_volcano,True,66205cdb1764256ee7dae007afe8deb820afe842b4ba568fade4d3c30d163b88
train,la_palma_volcano_00000420,la_palma_volcano,strictv1__train__la_palma_volcano_00000420,train,spain_la_palma_volcano,True,8e9ecf8ab496c82d71e5ab913890033971e01b39b032664e31f7348da828747f
train,la_palma_volcano_00000421,la_palma_volcano,strictv1__train__la_palma_volcano_00000421,train,spain_la_palma_volcano,True,f792bc53c46e42ba99a1661e7eff1ec82c3d48ec4135994fc04cf4d2702f86d2
train,la_palma_volcano_00000422,la_palma_volcano,strictv1__train__la_palma_volcano_00000422,train,spain_la_palma_volcano,True,4f7789da818ed63bf3d6c5a6b9d7471f84f516c37b57e133b6c7a31ff124e4d5
train,la_palma_volcano_00000423,la_palma_volcano,strictv1__train__la_palma_volcano_00000423,train,spain_la_palma_volcano,True,0f2fb29e0c29caf2872f8bfba1ce3630bfba3a681a7952c2018046ccbe60d2c9
train,la_palma_volcano_00000424,la_palma_volcano,strictv1__train__la_palma_volcano_00000424,train,spain_la_palma_volcano,True,8f7d4b8c5eaa1fe8bdc2aaa2fbd20ee52c2bf2ca85931dca914302c1036ab917
train,la_palma_volcano_00000425,la_palma_volcano,strictv1__train__la_palma_volcano_00000425,train,spain_la_palma_volcano,True,4f4bf7d88b245d4525d80979c304e763910376447d5e22b96dad780c034e6832
train,la_palma_volcano_00000426,la_palma_volcano,strictv1__train__la_palma_volcano_00000426,train,spain_la_palma_volcano,True,5c714ba0d6a7177743bdc9c706d2f04780fdf50b66e6763c16b57c946e313d7a
train,la_palma_volcano_00000427,la_palma_volcano,strictv1__train__la_palma_volcano_00000427,train,spain_la_palma_volcano,True,a539f15e2773df163374c82f84f190d2165aac8416ae73269e2039ba5631fa8f
train,la_palma_volcano_00000429,la_palma_volcano,strictv1__train__la_palma_volcano_00000429,train,spain_la_palma_volcano,True,ca309d0a644a4fb4e53d1c733102957540cbc791a83fc6fc3474df12de97ad1d
train,la_palma_volcano_00000430,la_palma_volcano,strictv1__train__la_palma_volcano_00000430,train,spain_la_palma_volcano,True,c7d77a022d623c69443bf9be5c7a2b4af4e13ff3f3a0e45b7497a4db680680d9
train,la_palma_volcano_00000431,la_palma_volcano,strictv1__train__la_palma_volcano_00000431,train,spain_la_palma_volcano,True,be23f8bb56e2087faad692bc18846d7be120ced0c7c98e8348d4b42c1a73e1c8
train,la_palma_volcano_00000432,la_palma_volcano,strictv1__train__la_palma_volcano_00000432,train,spain_la_palma_volcano,True,0bc3257bf87629ee20f5166526e470f2745c534c1a3a6367a65f62f850ebbfaa
train,la_palma_volcano_00000433,la_palma_volcano,strictv1__train__la_palma_volcano_00000433,train,spain_la_palma_volcano,True,747d2944d683234f95fd2baa2bb30c0aabf64c3a863b9fa3ae224b2010318a4a
train,la_palma_volcano_00000434,la_palma_volcano,strictv1__train__la_palma_volcano_00000434,train,spain_la_palma_volcano,True,6ac67dbe5e7180d3209f43a24e376782313cfefb740c1c5905d3625adfbde896
train,la_palma_volcano_00000435,la_palma_volcano,strictv1__train__la_palma_volcano_00000435,train,spain_la_palma_volcano,True,9f89fc2f75678c5747f76911d148b35e014d9ad91cf944aab6b5afd5e7a5114a
train,la_palma_volcano_00000442,la_palma_volcano,strictv1__train__la_palma_volcano_00000442,train,spain_la_palma_volcano,True,4a704c8900657cd9dfc95d46e49c46a6c49c693a29e923fb68dd7f7c3c6e33e5
train,la_palma_volcano_00000447,la_palma_volcano,strictv1__train__la_palma_volcano_00000447,train,spain_la_palma_volcano,True,56436ccb03e45deac5569fcda753bc604584a52b2c0c162f3a5ddd8db8736820
train,la_palma_volcano_00000448,la_palma_volcano,strictv1__train__la_palma_volcano_00000448,train,spain_la_palma_volcano,True,b753472c272daf59208c02e296f007b7b726b7a89d6950082769571431a3871f
train,la_palma_volcano_00000449,la_palma_volcano,strictv1__train__la_palma_volcano_00000449,train,spain_la_palma_volcano,True,ac50f86c0912b009cc60b1975b72c322b3f1d74c27b04f4245705f62dfeb08c8
train,la_palma_volcano_00000450,la_palma_volcano,strictv1__train__la_palma_volcano_00000450,train,spain_la_palma_volcano,True,57409f7e71b6a1c5ced5f8925c829637f5c95aebcac8c0ca0ab7c9fc2652df37
train,la_palma_volcano_00000451,la_palma_volcano,strictv1__train__la_palma_volcano_00000451,train,spain_la_palma_volcano,True,c43031f03ea708adcc4563f8a9677c66fc38e2eb9048a42aa4efbf18da78eb13
train,la_palma_volcano_00000452,la_palma_volcano,strictv1__train__la_palma_volcano_00000452,train,spain_la_palma_volcano,True,cfb4fc02588dff40ac9fc93e8033f8d2912bdd889244a1389eb873ef8209a1e2
train,la_palma_volcano_00000453,la_palma_volcano,strictv1__train__la_palma_volcano_00000453,train,spain_la_palma_volcano,True,02605c3a6e0cd5f7cb02fdd59d9bad82c50785248d91c72978cfce3234ac0fae
train,la_palma_volcano_00000455,la_palma_volcano,strictv1__train__la_palma_volcano_00000455,train,spain_la_palma_volcano,True,59c710c7914888016944e939acf120a4739cdacfed4fb2b0bf5c0c681ab5156d
train,la_palma_volcano_00000456,la_palma_volcano,strictv1__train__la_palma_volcano_00000456,train,spain_la_palma_volcano,True,b70751dfed3eadf8d8f2c3d00acd6a7270cb5a6a11b6b4e89a36f484495968bc
train,la_palma_volcano_00000457,la_palma_volcano,strictv1__train__la_palma_volcano_00000457,train,spain_la_palma_volcano,True,1bfd10e40bbd0ca05ac5e16d5ae429577bb99f34a2ed55e6f049e54f19ff54f4
train,la_palma_volcano_00000458,la_palma_volcano,strictv1__train__la_palma_volcano_00000458,train,spain_la_palma_volcano,True,c7ee4593848e4c35f322ccf5f2a28f20a5c9285cbbfc0fc37bdbbd4fb6aefe47
train,la_palma_volcano_00000459,la_palma_volcano,strictv1__train__la_palma_volcano_00000459,train,spain_la_palma_volcano,True,eb86ac1f06005c3b6f1daad49924a180cb903b7178124f2dfee8368bb796cd80
train,la_palma_volcano_00000460,la_palma_volcano,strictv1__train__la_palma_volcano_00000460,train,spain_la_palma_volcano,True,a6fc5375e22550e8805c1f6ee4b4a7bd91f7d9ef015545f61ace7614efc1efb3
train,la_palma_volcano_00000461,la_palma_volcano,strictv1__train__la_palma_volcano_00000461,train,spain_la_palma_volcano,True,65a39dd30be1f94cab45858913a84b3d079bb73148243d276f774a5fdbfea3e5
train,la_palma_volcano_00000462,la_palma_volcano,strictv1__train__la_palma_volcano_00000462,train,spain_la_palma_volcano,True,6c3a9ed8a4ad39783ef70184b1fe50f780e1266f52c6a30db7536d6c46f6f8c2
train,la_palma_volcano_00000464,la_palma_volcano,strictv1__train__la_palma_volcano_00000464,train,spain_la_palma_volcano,True,1b1d14328bab8301c809200de42a8ec34a2fae5b50f6084ab75f945e614ae6b5
train,la_palma_volcano_00000465,la_palma_volcano,strictv1__train__la_palma_volcano_00000465,train,spain_la_palma_volcano,True,e78cde3f95bc02502fce9b909456aded405a3e6ffa44fc1c66264dfc6cbf782d
train,la_palma_volcano_00000466,la_palma_volcano,strictv1__train__la_palma_volcano_00000466,train,spain_la_palma_volcano,True,abb91216bb4c49652c85b44e58fdf355fa6d975131589ce2920aa82177e9b83c
train,la_palma_volcano_00000478,la_palma_volcano,strictv1__train__la_palma_volcano_00000478,train,spain_la_palma_volcano,True,c509375ebcdafab27d9f3aa4373d91cc12cb7cf0474a46edece082acf4fe5111
train,la_palma_volcano_00000479,la_palma_volcano,strictv1__train__la_palma_volcano_00000479,train,spain_la_palma_volcano,True,5b802d42c6790bc10b6973e613b4f63cf772d26b19c7e01246471a8e3e787bab
train,la_palma_volcano_00000481,la_palma_volcano,strictv1__train__la_palma_volcano_00000481,train,spain_la_palma_volcano,True,d41d2e22f5e70a75b856cd54224d515464947221dd26a7ac471857efb17518ba
train,la_palma_volcano_00000482,la_palma_volcano,strictv1__train__la_palma_volcano_00000482,train,spain_la_palma_volcano,True,40557a29bfc52abfa2bf577fef8f51ecb3a32178e4ae40cf6ec779d7697e7c11
train,la_palma_volcano_00000483,la_palma_volcano,strictv1__train__la_palma_volcano_00000483,train,spain_la_palma_volcano,True,9f22f304ccf530c52fa145010678193d9caae1e1e2f9990d81778c37c67025ca
train,la_palma_volcano_00000484,la_palma_volcano,strictv1__train__la_palma_volcano_00000484,train,spain_la_palma_volcano,True,2bcb57974a1c7e06857aca5aac222f2a49f239346a682d01322686f742a82d8e
train,la_palma_volcano_00000485,la_palma_volcano,strictv1__train__la_palma_volcano_00000485,train,spain_la_palma_volcano,True,cf00be27ce6e7c4a1d7edf7d485c16fdb88c7196482f932c180b05b9b591dc86
train,la_palma_volcano_00000486,la_palma_volcano,strictv1__train__la_palma_volcano_00000486,train,spain_la_palma_volcano,True,78ff8d2d777091f39370672f43979919c619aeb871e73111f4779d67fd3533dd
train,la_palma_volcano_00000487,la_palma_volcano,strictv1__train__la_palma_volcano_00000487,train,spain_la_palma_volcano,True,4704a037ae0c90e2e19aa74ab7392578704d8e9c5dbe3144d273b110f901a008
train,la_palma_volcano_00000488,la_palma_volcano,strictv1__train__la_palma_volcano_00000488,train,spain_la_palma_volcano,True,7aa1ef972dd4884df5ff8e6e02f0f7fef29c5c68e6d4e17a2514eaf9c193fea5
train,la_palma_volcano_00000490,la_palma_volcano,strictv1__train__la_palma_volcano_00000490,train,spain_la_palma_volcano,True,93fb5d333a4109e2314ba023132de8d4f94eadd3d5ef142e231e726f99e72171
train,la_palma_volcano_00000491,la_palma_volcano,strictv1__train__la_palma_volcano_00000491,train,spain_la_palma_volcano,True,43e5bbb82daa1bf2ffdcdec33697c0d4b5b78dd0ac1edd4bbb9bf3b48453931f
train,la_palma_volcano_00000492,la_palma_volcano,strictv1__train__la_palma_volcano_00000492,train,spain_la_palma_volcano,True,87821aab271243b32c1e64bffa6736d4852858c791fde9b7ad4a220f388481f0
train,la_palma_volcano_00000493,la_palma_volcano,strictv1__train__la_palma_volcano_00000493,train,spain_la_palma_volcano,True,68c0987cf16e125278ea1d6863a4acc4894a3ee9ab61df731201ee28162e4eb3
train,la_palma_volcano_00000494,la_palma_volcano,strictv1__train__la_palma_volcano_00000494,train,spain_la_palma_volcano,True,2edd02a872d274018145355701e52c28733a28eca4c65b0dcfd702d7c966d8d9
train,la_palma_volcano_00000495,la_palma_volcano,strictv1__train__la_palma_volcano_00000495,train,spain_la_palma_volcano,True,23f6bc8a30b5ddb8af4e65d3045192d9e35b0a7f96b8d5110b80d2a86ae236b9
train,la_palma_volcano_00000496,la_palma_volcano,strictv1__train__la_palma_volcano_00000496,train,spain_la_palma_volcano,True,4cdc53b12ee6337bc6e3ab1a7b25a3dc13cf005e2ca2c9297898891871428e95
train,la_palma_volcano_00000497,la_palma_volcano,strictv1__train__la_palma_volcano_00000497,train,spain_la_palma_volcano,True,2ec52a02ad7a15cd6dc4c5cd8497759e7599c357dcfe6b0086a0875b88c739e2
train,la_palma_volcano_00000508,la_palma_volcano,strictv1__train__la_palma_volcano_00000508,train,spain_la_palma_volcano,True,52baed0cfc31573c40575c99ff8e4f82c461562903058e995e6595e7ade461b3
train,la_palma_volcano_00000509,la_palma_volcano,strictv1__train__la_palma_volcano_00000509,train,spain_la_palma_volcano,True,c0ee9f8ed94c5b45c73949b9adf99c1bb765513603a7a46d510f5ce595ec0d77
train,la_palma_volcano_00000510,la_palma_volcano,strictv1__train__la_palma_volcano_00000510,train,spain_la_palma_volcano,True,c71751fed21c11ac9b98f6057d4626f6c7179778ec61e364f6731a89ddc458af
train,la_palma_volcano_00000511,la_palma_volcano,strictv1__train__la_palma_volcano_00000511,train,spain_la_palma_volcano,True,f753468ff78174a3e28441396ae897be4d03dd2468297fe38d3507fb6b7cc956
train,la_palma_volcano_00000512,la_palma_volcano,strictv1__train__la_palma_volcano_00000512,train,spain_la_palma_volcano,True,d836684ca5d0d8e3c8f1f6ac8a63e8a202ffd4983875d427075dd6537a264b90
train,la_palma_volcano_00000513,la_palma_volcano,strictv1__train__la_palma_volcano_00000513,train,spain_la_palma_volcano,True,ec3683969c7f020e4750a0214299a440607efe90a5f92dcc9ac39c2782b78294
train,la_palma_volcano_00000514,la_palma_volcano,strictv1__train__la_palma_volcano_00000514,train,spain_la_palma_volcano,True,1fd99209e6fb9b1b690d1154e4973e4167cecfd26180aec11fdf08f23cd648fa
train,la_palma_volcano_00000515,la_palma_volcano,strictv1__train__la_palma_volcano_00000515,train,spain_la_palma_volcano,True,2088760fe922368a378234d38e52b5514a9495713863d143e2452ff0d1272289
train,la_palma_volcano_00000517,la_palma_volcano,strictv1__train__la_palma_volcano_00000517,train,spain_la_palma_volcano,True,0a1c23fb312a6205994bb55ed246e63a9c8673182170fa23907d8c667c6aa4b8
train,la_palma_volcano_00000518,la_palma_volcano,strictv1__train__la_palma_volcano_00000518,train,spain_la_palma_volcano,True,620970a6123aec5adca22adc79c4a2ddb4a469d3b277a74e32a74c8087801b20
train,la_palma_volcano_00000519,la_palma_volcano,strictv1__train__la_palma_volcano_00000519,train,spain_la_palma_volcano,True,2de5bf34509c2908d828f038a871a1d672c37187dc6285f1110485b1ef58f371
train,la_palma_volcano_00000520,la_palma_volcano,strictv1__train__la_palma_volcano_00000520,train,spain_la_palma_volcano,True,f6ba8c0c9f2c75e5b39cbafcf4c96e3003ef4af7d7ac617b9207d9068d4565ee
train,la_palma_volcano_00000521,la_palma_volcano,strictv1__train__la_palma_volcano_00000521,train,spain_la_palma_volcano,True,6b44eac0fae5f7af7c236dc431bf5cc59d472a6c52ea6d7fe5fccb82af651503
train,la_palma_volcano_00000522,la_palma_volcano,strictv1__train__la_palma_volcano_00000522,train,spain_la_palma_volcano,True,47deb45b3194c209d3149d868d90516a5c5b0306c74aa72801a8fd7fb5d8413f
train,la_palma_volcano_00000523,la_palma_volcano,strictv1__train__la_palma_volcano_00000523,train,spain_la_palma_volcano,True,2287aa8f0052dfd66a93c288742347edc75914b7bcecc74ac938cae32a29bd34
train,la_palma_volcano_00000525,la_palma_volcano,strictv1__train__la_palma_volcano_00000525,train,spain_la_palma_volcano,True,12823e876ae2b9f82ad85b044a4709fd0749fe8db90acad15b1facfaefea3959
train,la_palma_volcano_00000526,la_palma_volcano,strictv1__train__la_palma_volcano_00000526,train,spain_la_palma_volcano,True,39e2424f7d7aad5fc98f386caab450757236f2aa65490444c7e11ef4decb1b79
train,la_palma_volcano_00000527,la_palma_volcano,strictv1__train__la_palma_volcano_00000527,train,spain_la_palma_volcano,True,12832e3798887ed07dc025bc5bc2cbd3611163f6f92ca43e25055677296303bb
train,la_palma_volcano_00000528,la_palma_volcano,strictv1__train__la_palma_volcano_00000528,train,spain_la_palma_volcano,True,82b11e01638190857c55e03fcef2768fef5473861f95dfca73ae28e87f59eed7
train,la_palma_volcano_00000530,la_palma_volcano,strictv1__train__la_palma_volcano_00000530,train,spain_la_palma_volcano,True,d0cfa93c2702297d67854468fd040a2435a0ab7cf746cd3315c944f2f4975cf8
train,la_palma_volcano_00000537,la_palma_volcano,strictv1__train__la_palma_volcano_00000537,train,spain_la_palma_volcano,True,73d2bc8a0c9355f7d4b57b88eccc9a59b401185b46acae731e12fb80aa458c64
train,la_palma_volcano_00000538,la_palma_volcano,strictv1__train__la_palma_volcano_00000538,train,spain_la_palma_volcano,True,844c673cb0459f305108a3aa587f4ab3be0b842668ec80285edcedccd755e7e1
train,la_palma_volcano_00000539,la_palma_volcano,strictv1__train__la_palma_volcano_00000539,train,spain_la_palma_volcano,True,afb522aaf15ef8ddad861d5deed95b415aebbba4f714c8be68df066e63d94c85
train,la_palma_volcano_00000540,la_palma_volcano,strictv1__train__la_palma_volcano_00000540,train,spain_la_palma_volcano,True,991167de8ee16a2aca6c585c5456af4ffc31bf9204a25879a7ffcf60cabcf284
train,la_palma_volcano_00000541,la_palma_volcano,strictv1__train__la_palma_volcano_00000541,train,spain_la_palma_volcano,True,9f6a3bb242742a77893df57c56a70a796ecbdc73cfe32ed2336e939ebc9463fa
train,la_palma_volcano_00000542,la_palma_volcano,strictv1__train__la_palma_volcano_00000542,train,spain_la_palma_volcano,True,bd24bfb91a4fbd7bc43e6e0aa49edb7fb4fddddb0162b5b9a1dafa7f25dc6a55
train,la_palma_volcano_00000544,la_palma_volcano,strictv1__train__la_palma_volcano_00000544,train,spain_la_palma_volcano,True,bc1ecf38d67c151cd30a54319610d0a7e5e8c7c1ba401df0d7ed419bb50d76d2
train,la_palma_volcano_00000545,la_palma_volcano,strictv1__train__la_palma_volcano_00000545,train,spain_la_palma_volcano,True,f9b4c70c14686c89d2ed169138e20d5b706964bb1f8b69d5361749093bb51b8f
train,la_palma_volcano_00000546,la_palma_volcano,strictv1__train__la_palma_volcano_00000546,train,spain_la_palma_volcano,True,6075e575eee4105695a2e784e56c7250a2cba896bdbd832e98eb05a63d20cd10
train,la_palma_volcano_00000547,la_palma_volcano,strictv1__train__la_palma_volcano_00000547,train,spain_la_palma_volcano,True,abc44b0a0549517ca7656b9da9c63981d6bc128a6a7032fdec4c9d9d09213436
train,la_palma_volcano_00000548,la_palma_volcano,strictv1__train__la_palma_volcano_00000548,train,spain_la_palma_volcano,True,8e8ba9f1d5b142c65791d3012324487e8b79516846634298f7da63895c1b89c5
train,la_palma_volcano_00000549,la_palma_volcano,strictv1__train__la_palma_volcano_00000549,train,spain_la_palma_volcano,True,d615e6a0db69f79c556ca9f497bad933de7e7fbd9e1e81dad147f12ba4f1b91e
train,la_palma_volcano_00000550,la_palma_volcano,strictv1__train__la_palma_volcano_00000550,train,spain_la_palma_volcano,True,cf2d2a8efdb4956ccb46d86757dc0fda5224b3881fe91e752a04224a911b2023
train,la_palma_volcano_00000551,la_palma_volcano,strictv1__train__la_palma_volcano_00000551,train,spain_la_palma_volcano,True,52e6da3ad1e0e73bedae41b8271bbedc5b5cfffd4e4bef2cea0fd850c9c6ef3f
train,la_palma_volcano_00000555,la_palma_volcano,strictv1__train__la_palma_volcano_00000555,train,spain_la_palma_volcano,True,11381bbeb3764325e473e5bacad00553fba3fb1641958aa5ac812dfe8f1dec10
train,la_palma_volcano_00000556,la_palma_volcano,strictv1__train__la_palma_volcano_00000556,train,spain_la_palma_volcano,True,6b1dc0f768198c4e530617131865481392b04a642ac4f0d32662d2d9be6aa417
train,la_palma_volcano_00000557,la_palma_volcano,strictv1__train__la_palma_volcano_00000557,train,spain_la_palma_volcano,True,5799539ddd46cacc7ed1556bacfe255b2b33d68877005ca383a59e5d85669290
train,la_palma_volcano_00000558,la_palma_volcano,strictv1__train__la_palma_volcano_00000558,train,spain_la_palma_volcano,True,186f7ef1fc79366642007d5fa789fa04f8e6e23b39261f09c55dff1d5c9c8d93
train,la_palma_volcano_00000565,la_palma_volcano,strictv1__train__la_palma_volcano_00000565,train,spain_la_palma_volcano,True,b17dc397e4f40e01ac556bd9b20a93a7a6d8e1b39b25e314aee83268e8b3bd00
train,la_palma_volcano_00000566,la_palma_volcano,strictv1__train__la_palma_volcano_00000566,train,spain_la_palma_volcano,True,600ed1bc74de38b9d6a02a259a70b6a83ca658c990312bf3d8df142b4de36909
train,la_palma_volcano_00000567,la_palma_volcano,strictv1__train__la_palma_volcano_00000567,train,spain_la_palma_volcano,True,4a5051b4111216ca854989ec23d44966b1a011465a9cfd739ef88ca38c2db975
train,la_palma_volcano_00000568,la_palma_volcano,strictv1__train__la_palma_volcano_00000568,train,spain_la_palma_volcano,True,2394c77cbbdbdfe2e61575cd9d808f6f5d1c88f16e977db064e1695f05b983fa
train,la_palma_volcano_00000569,la_palma_volcano,strictv1__train__la_palma_volcano_00000569,train,spain_la_palma_volcano,True,e5c2247937fc5c74191c29c807ccfd0911ab9223742da2af72cdfc074ffe9db2
train,la_palma_volcano_00000571,la_palma_volcano,strictv1__train__la_palma_volcano_00000571,train,spain_la_palma_volcano,True,f184ea92ce0fb792df9a644158a4b5bcffab2acfa531cee07cba5199afe2d7be
train,la_palma_volcano_00000572,la_palma_volcano,strictv1__train__la_palma_volcano_00000572,train,spain_la_palma_volcano,True,cd9e44fb9c4555d4d3ecc5f91e0554002dc1297bc8bfe8c091209c24d30b72d7
train,la_palma_volcano_00000573,la_palma_volcano,strictv1__train__la_palma_volcano_00000573,train,spain_la_palma_volcano,True,c6c422584a6cd751ddc699008f985b7855cd7014ce8f62d6cfa508783be87aa6
train,la_palma_volcano_00000574,la_palma_volcano,strictv1__train__la_palma_volcano_00000574,train,spain_la_palma_volcano,True,921edf49ecaa02b5e1849246208d27482d3bdcd413ac4cff3a86bab3ad6a0e49
train,la_palma_volcano_00000575,la_palma_volcano,strictv1__train__la_palma_volcano_00000575,train,spain_la_palma_volcano,True,64891a7cb1b9f66aa4a051fa01ea4ec7dafd29ccb1fca2e9f196e342064ed2de
train,la_palma_volcano_00000576,la_palma_volcano,strictv1__train__la_palma_volcano_00000576,train,spain_la_palma_volcano,True,867745ee8549ce80c8b23b227a8f922a90bc43f0c9e2b7543f950427119002a6
train,la_palma_volcano_00000577,la_palma_volcano,strictv1__train__la_palma_volcano_00000577,train,spain_la_palma_volcano,True,72405558c4e56214a082075e18630ea4c0f2971b3e73fcc55f2137ea6d55f629
train,la_palma_volcano_00000578,la_palma_volcano,strictv1__train__la_palma_volcano_00000578,train,spain_la_palma_volcano,True,c9ff29f217162346560893803719fc10e6762073c393b78af229381433c82235
train,la_palma_volcano_00000580,la_palma_volcano,strictv1__train__la_palma_volcano_00000580,train,spain_la_palma_volcano,True,85aa7c66cc12b247ee602ae1a2d46a43417d6fc2f1c4de781184db49a7fafbd6
train,la_palma_volcano_00000581,la_palma_volcano,strictv1__train__la_palma_volcano_00000581,train,spain_la_palma_volcano,True,44e27a71df788df44ec8e9ae04f24b99133d6a5e4460b39b52a6f9d25365105c
train,la_palma_volcano_00000582,la_palma_volcano,strictv1__train__la_palma_volcano_00000582,train,spain_la_palma_volcano,True,032f3f6ca43ef6734ebb47f992fa9b73ab6700875227ce98fd75bcee68fba4a9
train,la_palma_volcano_00000585,la_palma_volcano,strictv1__train__la_palma_volcano_00000585,train,spain_la_palma_volcano,True,8776be4212ccd6c9d6faf559cbaa4795c9e66dd1a203d38f62ea921fe4d37716
train,la_palma_volcano_00000594,la_palma_volcano,strictv1__train__la_palma_volcano_00000594,train,spain_la_palma_volcano,True,2b7b14d40bbae522a8e0a01454955bc98e1367feef21f673fc240e6aaa7985ab
train,la_palma_volcano_00000595,la_palma_volcano,strictv1__train__la_palma_volcano_00000595,train,spain_la_palma_volcano,True,8758870472c7341a01ef5c4aa5f1da817d8a12366b79bf847c94cc34f49ee2c6
train,la_palma_volcano_00000596,la_palma_volcano,strictv1__train__la_palma_volcano_00000596,train,spain_la_palma_volcano,True,49a588e07057e9d8a8db6458ea3cde1fd6a219175a28590bae006b688ed61571
train,la_palma_volcano_00000597,la_palma_volcano,strictv1__train__la_palma_volcano_00000597,train,spain_la_palma_volcano,True,df894e41bac16abfa87b53e805f2a7136e75dae9465a9b0a6dcadbd5f098e3fc
train,la_palma_volcano_00000598,la_palma_volcano,strictv1__train__la_palma_volcano_00000598,train,spain_la_palma_volcano,True,ffb12c1a0693d529c0a09289822f94ea84cc59738272ce4dc47363faf677610e
train,la_palma_volcano_00000599,la_palma_volcano,strictv1__train__la_palma_volcano_00000599,train,spain_la_palma_volcano,True,0aaca205130b946350d10a4142cf45f38528c9c5f436651a40c6d4da87453682
train,la_palma_volcano_00000600,la_palma_volcano,strictv1__train__la_palma_volcano_00000600,train,spain_la_palma_volcano,True,01201000366305f9b3b28374e9b9300c701943217c649cfddf8b7d5d01c665e7
train,la_palma_volcano_00000601,la_palma_volcano,strictv1__train__la_palma_volcano_00000601,train,spain_la_palma_volcano,True,bc154bfcfb636a49c30be39e76562b20a72b41cf7efcf6d071f732eae01ac261
train,la_palma_volcano_00000603,la_palma_volcano,strictv1__train__la_palma_volcano_00000603,train,spain_la_palma_volcano,True,99f006317b3aadfa9d070db5c6f616da5451aa8ffab644ea6258dff72577be06
train,la_palma_volcano_00000604,la_palma_volcano,strictv1__train__la_palma_volcano_00000604,train,spain_la_palma_volcano,True,e6e49610d93a828c1800e92d81c1afbedc7256086decb18b2bd566e91a434aa3
train,la_palma_volcano_00000605,la_palma_volcano,strictv1__train__la_palma_volcano_00000605,train,spain_la_palma_volcano,True,4539125ef4334354f61f8b682ff9fc30164d5ca6f3a88171ee52a31689e7314c
train,la_palma_volcano_00000606,la_palma_volcano,strictv1__train__la_palma_volcano_00000606,train,spain_la_palma_volcano,True,9f31a21a9c8dcf60b22f493a3a0cb6695b8e9136ee82713f543751a9f5e1ca5e
train,la_palma_volcano_00000607,la_palma_volcano,strictv1__train__la_palma_volcano_00000607,train,spain_la_palma_volcano,True,c1545b0bd732b53da35f3357df4925bee2f11b08c9a22a5e6121d115f0a163e6
train,la_palma_volcano_00000608,la_palma_volcano,strictv1__train__la_palma_volcano_00000608,train,spain_la_palma_volcano,True,6a7b92532891d3ea195efe14b2cc1a4ae7939fb3af65f6ff0983ab16ec543f67
train,la_palma_volcano_00000609,la_palma_volcano,strictv1__train__la_palma_volcano_00000609,train,spain_la_palma_volcano,True,ff35187a9f7baae8126f18aaefd30009dd9c3cbcb287e3d7f71812430604376a
train,la_palma_volcano_00000614,la_palma_volcano,strictv1__train__la_palma_volcano_00000614,train,spain_la_palma_volcano,True,321bc1293e7c502e4593a43368bbda16d26c7c36085a8cb2871a15c28ac99b50
train,la_palma_volcano_00000615,la_palma_volcano,strictv1__train__la_palma_volcano_00000615,train,spain_la_palma_volcano,True,386029493211c14dcf81f39ea595ff87e8da5c166d9c70ab8d68cb3b3e3ec447
train,la_palma_volcano_00000616,la_palma_volcano,strictv1__train__la_palma_volcano_00000616,train,spain_la_palma_volcano,True,38ba261e929362e49cd6d7476a023f2394771cf0a1002211aeae4c69f0442148
train,la_palma_volcano_00000617,la_palma_volcano,strictv1__train__la_palma_volcano_00000617,train,spain_la_palma_volcano,True,a130913c65ea78d2a7b854f4c4bb6e6c1dfa0509577fb6ffa531492f412c1377
train,la_palma_volcano_00000618,la_palma_volcano,strictv1__train__la_palma_volcano_00000618,train,spain_la_palma_volcano,True,df21e33aec9bb735f0c815a4e01bfe8db6a6449978096f42206e5c0759f9670e
train,la_palma_volcano_00000619,la_palma_volcano,strictv1__train__la_palma_volcano_00000619,train,spain_la_palma_volcano,True,30b5678c813a3219724c1405563189804f8d52013ed826ff8b4e577ad86ee21f
train,la_palma_volcano_00000621,la_palma_volcano,strictv1__train__la_palma_volcano_00000621,train,spain_la_palma_volcano,True,e2b759a72b44a52dfee826e62549b6278003253b2e82bc0a6ced4494d2ccd533
train,la_palma_volcano_00000622,la_palma_volcano,strictv1__train__la_palma_volcano_00000622,train,spain_la_palma_volcano,True,d4c862af315d722de34239214c4685fb58e7c3899e5ca99c043928236b535743
train,la_palma_volcano_00000623,la_palma_volcano,strictv1__train__la_palma_volcano_00000623,train,spain_la_palma_volcano,True,1105dc822723f62674a10fe9e664b5ca01b665142d9426bb1007d95626742fab
train,la_palma_volcano_00000624,la_palma_volcano,strictv1__train__la_palma_volcano_00000624,train,spain_la_palma_volcano,True,1604d15b400a9dadf16543fcf5146d56c1d47722adb561293314d961c6bcbc7a
train,la_palma_volcano_00000625,la_palma_volcano,strictv1__train__la_palma_volcano_00000625,train,spain_la_palma_volcano,True,bfcffc390562bfcf50a1805220efa0ca9c50104314c18e8fbd98e23e19a7d111
train,la_palma_volcano_00000626,la_palma_volcano,strictv1__train__la_palma_volcano_00000626,train,spain_la_palma_volcano,True,bba0745fea6dd537330a2e4c41361fa3f9baef7722ecf6cf94fbb6ef3a0ab028
train,la_palma_volcano_00000627,la_palma_volcano,strictv1__train__la_palma_volcano_00000627,train,spain_la_palma_volcano,True,fe50aa7e988daa3d837bff722010f7db627a44d1274677045daac8983b72cdfb
train,la_palma_volcano_00000628,la_palma_volcano,strictv1__train__la_palma_volcano_00000628,train,spain_la_palma_volcano,True,a69afa85250732192efb7b48a5526d72efe2a8ef8f5074e90e905bd84e928832
train,la_palma_volcano_00000630,la_palma_volcano,strictv1__train__la_palma_volcano_00000630,train,spain_la_palma_volcano,True,90e2766b75a0d1fd9a9c49497940066d0bba9c8325e0bb1898761ad260eaba4d
train,la_palma_volcano_00000634,la_palma_volcano,strictv1__train__la_palma_volcano_00000634,train,spain_la_palma_volcano,True,73679ca12b54a473504d4b12f1eeb0c08b7f48a7927bfceddecda161b36c63ed
train,la_palma_volcano_00000635,la_palma_volcano,strictv1__train__la_palma_volcano_00000635,train,spain_la_palma_volcano,True,d0d900766423c713d83d793158eabbcbce28650756f7d721ff1fb12ef7e8d7bc
train,la_palma_volcano_00000636,la_palma_volcano,strictv1__train__la_palma_volcano_00000636,train,spain_la_palma_volcano,True,498dd9fe21835e0d07ff84c21bf20a83e4223ce6b125b81484de5c714e9fae0e
train,la_palma_volcano_00000637,la_palma_volcano,strictv1__train__la_palma_volcano_00000637,train,spain_la_palma_volcano,True,74ab9da61e03f69de1c0657ffa1fdc00df3ea548359a52bc1e4dccf42012bb59
train,la_palma_volcano_00000639,la_palma_volcano,strictv1__train__la_palma_volcano_00000639,train,spain_la_palma_volcano,True,13843c4e5fe8be1e4d7cf23dfa4581a4854d46402df10a06eef86e67e7af9933
train,la_palma_volcano_00000640,la_palma_volcano,strictv1__train__la_palma_volcano_00000640,train,spain_la_palma_volcano,True,72096e93a3df41769a9d9a5dd08bb264c6b9c8ff1abcfa99b7206b58b9d9443c
train,la_palma_volcano_00000641,la_palma_volcano,strictv1__train__la_palma_volcano_00000641,train,spain_la_palma_volcano,True,55e5d4f8570ebe1d426b238348b5b3f8b48330fca696681f00164ea7ceb0faee
train,la_palma_volcano_00000642,la_palma_volcano,strictv1__train__la_palma_volcano_00000642,train,spain_la_palma_volcano,True,550de51c1677123d36e49c6d34942e7002b336105f4a2d7c9f5d630aa0c03378
train,la_palma_volcano_00000643,la_palma_volcano,strictv1__train__la_palma_volcano_00000643,train,spain_la_palma_volcano,True,aa8be550918ee4c2b35524fb7edd10cdbb6000ba572cd2dc15ba24b9db0cb7cb
train,la_palma_volcano_00000644,la_palma_volcano,strictv1__train__la_palma_volcano_00000644,train,spain_la_palma_volcano,True,ef9c2b2d70c83d8a5512da521bf876dd0c9038e00e0e3966bf9091dd400b9fb6
train,la_palma_volcano_00000645,la_palma_volcano,strictv1__train__la_palma_volcano_00000645,train,spain_la_palma_volcano,True,39a80c9bd9f2226c2910a7c920c748677a969b80073e02555baa2c19a0adde19
train,la_palma_volcano_00000646,la_palma_volcano,strictv1__train__la_palma_volcano_00000646,train,spain_la_palma_volcano,True,3d3e427ca5a4ee952369682ac90a2167ef4ae8ac8cd93aba358e1e828f20b701
train,la_palma_volcano_00000648,la_palma_volcano,strictv1__train__la_palma_volcano_00000648,train,spain_la_palma_volcano,True,f4da484ae8e0b6254c0166ec0f8868a7e81d80db9a9ff0c3e9696f5627cae37a
train,la_palma_volcano_00000649,la_palma_volcano,strictv1__train__la_palma_volcano_00000649,train,spain_la_palma_volcano,True,4d4b956058f22f7505c2c17fad6394fac074c8e76984d0325b5fbfccfdb4360a
train,la_palma_volcano_00000651,la_palma_volcano,strictv1__train__la_palma_volcano_00000651,train,spain_la_palma_volcano,True,b9eb1e24c3b97ff8c6ffda220a490bf14666c95795465c87e886d9320d19fb60
train,la_palma_volcano_00000653,la_palma_volcano,strictv1__train__la_palma_volcano_00000653,train,spain_la_palma_volcano,True,0a11b588e74cab6e583dc999d25eccded885ca35b225213a6363d067a21c7d25
train,la_palma_volcano_00000654,la_palma_volcano,strictv1__train__la_palma_volcano_00000654,train,spain_la_palma_volcano,True,82327d3abe7b8f0925badc004c15c9f070bd4388ca105e5f09f6e3d30b68596e
train,la_palma_volcano_00000655,la_palma_volcano,strictv1__train__la_palma_volcano_00000655,train,spain_la_palma_volcano,True,c069ca62f765dafe6cbb92a26c218b9663c88c50b546ebbafe3aecb45772d026
train,la_palma_volcano_00000657,la_palma_volcano,strictv1__train__la_palma_volcano_00000657,train,spain_la_palma_volcano,True,fff9a5e65cd36923c6766c60ee42e0917385b1b55e41310ab224af421fa6609d
train,la_palma_volcano_00000658,la_palma_volcano,strictv1__train__la_palma_volcano_00000658,train,spain_la_palma_volcano,True,4861606f1796af6322a381b5577d936a8302ccbd8bd45d3cf1a8273e09e3c657
train,la_palma_volcano_00000659,la_palma_volcano,strictv1__train__la_palma_volcano_00000659,train,spain_la_palma_volcano,True,bdb94d6d9abf2f1dd87258e2e3c2b33024e51ecec86180f444cde73ee18f314c
train,la_palma_volcano_00000661,la_palma_volcano,strictv1__train__la_palma_volcano_00000661,train,spain_la_palma_volcano,True,abb06f3fc7dc5514a9e5be965056288ab652866a4399463e0e3a780a2cd4e185
train,la_palma_volcano_00000662,la_palma_volcano,strictv1__train__la_palma_volcano_00000662,train,spain_la_palma_volcano,True,dea022da155b21a98b6c8c9bb15dd7d36cdab4c4c8d8cebcc448d6c0e3ae3191
train,la_palma_volcano_00000663,la_palma_volcano,strictv1__train__la_palma_volcano_00000663,train,spain_la_palma_volcano,True,27059bcc539f25ce2b1fd1b1070678cc9dc74b43597410f2ab5535c308d37071
train,la_palma_volcano_00000664,la_palma_volcano,strictv1__train__la_palma_volcano_00000664,train,spain_la_palma_volcano,True,742caeaf0f1523242e365d860872e65e0b4aaff7548aa829315e5da5670e08d2
train,la_palma_volcano_00000666,la_palma_volcano,strictv1__train__la_palma_volcano_00000666,train,spain_la_palma_volcano,True,4f415b65c78edca8f26428f4d21d9f1832687982bed99988f56fa1679ea26217
train,la_palma_volcano_00000667,la_palma_volcano,strictv1__train__la_palma_volcano_00000667,train,spain_la_palma_volcano,True,106c4cf99dbef82508fd374d48b36b30be3c8b4a526bcd0d74b2207f89aff4ff
train,la_palma_volcano_00000668,la_palma_volcano,strictv1__train__la_palma_volcano_00000668,train,spain_la_palma_volcano,True,1aef9ade215f03b7a918135ff283d7d51cca2860715a0267b1aabdc703badb02
train,la_palma_volcano_00000669,la_palma_volcano,strictv1__train__la_palma_volcano_00000669,train,spain_la_palma_volcano,True,640340874a34e91a60e53983b6274b79401a9e73119d8ccc97b3a5356a65500d
train,la_palma_volcano_00000670,la_palma_volcano,strictv1__train__la_palma_volcano_00000670,train,spain_la_palma_volcano,True,43f606c6bea2926e082fa98d0e5a5254d5f576ed7a66fff639ed19d81684d100
train,la_palma_volcano_00000673,la_palma_volcano,strictv1__train__la_palma_volcano_00000673,train,spain_la_palma_volcano,True,13b520a747dc8fca65deee6582f1c77eff69a9b0acfea58cc49ad52ed097c169
train,la_palma_volcano_00000674,la_palma_volcano,strictv1__train__la_palma_volcano_00000674,train,spain_la_palma_volcano,True,a640bb311dc1d649edd8ff5b46f93b255c37398e48075956a63f0707cd8789c4
train,la_palma_volcano_00000675,la_palma_volcano,strictv1__train__la_palma_volcano_00000675,train,spain_la_palma_volcano,True,4a0583d2c39dd4db1d77736688356d3d4ce56aea5f42fb04d805e69b626e0e7f
train,la_palma_volcano_00000677,la_palma_volcano,strictv1__train__la_palma_volcano_00000677,train,spain_la_palma_volcano,True,37fab3b5deec8904d7b2fdb9c2fbe3868945ab95d75c24f05f1935a0d10c7a6c
train,la_palma_volcano_00000678,la_palma_volcano,strictv1__train__la_palma_volcano_00000678,train,spain_la_palma_volcano,True,5f9b9080e6586473c26f446614bce4c7c423da298e2948fd6c88ee7799ea2967
train,la_palma_volcano_00000679,la_palma_volcano,strictv1__train__la_palma_volcano_00000679,train,spain_la_palma_volcano,True,65d518c3fc91dcc110ee9bc20d998ca558205dc347a56e8fd0e2f68646e05ad5
train,la_palma_volcano_00000680,la_palma_volcano,strictv1__train__la_palma_volcano_00000680,train,spain_la_palma_volcano,True,86a52048b006488cbd9246d4c1fa0506f371f4c90f6e7585850e0ff7673255ef
train,la_palma_volcano_00000681,la_palma_volcano,strictv1__train__la_palma_volcano_00000681,train,spain_la_palma_volcano,True,a8c98a1a05206747009c8392f2c2c6bbb522916c8fe52a25b7505072fdfa3015
train,la_palma_volcano_00000682,la_palma_volcano,strictv1__train__la_palma_volcano_00000682,train,spain_la_palma_volcano,True,849a1b1e9cd2843ee4118284110a1c8ceb48cb5e7f9058431a5b133ef6ee4936
train,la_palma_volcano_00000683,la_palma_volcano,strictv1__train__la_palma_volcano_00000683,train,spain_la_palma_volcano,True,3332417df60281ea0a723c9f885c34fc06d93c06f1aafab57524c9eb9d286f66
train,la_palma_volcano_00000684,la_palma_volcano,strictv1__train__la_palma_volcano_00000684,train,spain_la_palma_volcano,True,c5142391945aa957939d706cd94b2fdc7c9f488e1e389bc7f22708114b59cce9
train,la_palma_volcano_00000686,la_palma_volcano,strictv1__train__la_palma_volcano_00000686,train,spain_la_palma_volcano,True,429366ab4686e18c9d25d004b0fb4af14ddf6c09cb15d2ff21e93cf804f6fb39
train,la_palma_volcano_00000687,la_palma_volcano,strictv1__train__la_palma_volcano_00000687,train,spain_la_palma_volcano,True,b23ff384d0cad052e2405b7de742bed40e08f2daafaa5ce8bbb98b28622b076a
train,la_palma_volcano_00000688,la_palma_volcano,strictv1__train__la_palma_volcano_00000688,train,spain_la_palma_volcano,True,a7351c487f092ee559d4681332084cc1efeb8cf156baab8612bb89824e0f3639
train,la_palma_volcano_00000689,la_palma_volcano,strictv1__train__la_palma_volcano_00000689,train,spain_la_palma_volcano,True,6669f53d63ad5758ba84642d24bcb34a08ef64f2e42daab37c2b0ea486ff1eee
train,la_palma_volcano_00000694,la_palma_volcano,strictv1__train__la_palma_volcano_00000694,train,spain_la_palma_volcano,True,d093289038f7169ac8baaa9a1727ec7d21b320b64227394e333fc9900e6875f0
train,la_palma_volcano_00000695,la_palma_volcano,strictv1__train__la_palma_volcano_00000695,train,spain_la_palma_volcano,True,be6940712ae5799c0ceb4758477ff73e2c73e1308007baf1ffa2b76c9906ee8f
train,la_palma_volcano_00000697,la_palma_volcano,strictv1__train__la_palma_volcano_00000697,train,spain_la_palma_volcano,True,d25b3786fe7ba3cc667f99f39d978ff97ffb0f995a4106487f9e4d1a69d3fdba
train,la_palma_volcano_00000698,la_palma_volcano,strictv1__train__la_palma_volcano_00000698,train,spain_la_palma_volcano,True,8d52aa773ab4f85226541e79847547330b1a92f9e108ec759d83a8e619524e60
train,la_palma_volcano_00000699,la_palma_volcano,strictv1__train__la_palma_volcano_00000699,train,spain_la_palma_volcano,True,9a53997fffcd23370e4f12b7ccc4c06f1603920dcb5b869c620119ddc1d83580
train,la_palma_volcano_00000700,la_palma_volcano,strictv1__train__la_palma_volcano_00000700,train,spain_la_palma_volcano,True,98c2f41b4bb964cd75ad73dfa8385eb703a50b760d4b0bc01620a1c655ab4177
train,la_palma_volcano_00000701,la_palma_volcano,strictv1__train__la_palma_volcano_00000701,train,spain_la_palma_volcano,True,1593ef2ff7a27f0b65b9b00c3031576c5017764433db84c9929154d38b174d15
train,la_palma_volcano_00000702,la_palma_volcano,strictv1__train__la_palma_volcano_00000702,train,spain_la_palma_volcano,True,3158fd23a38e42adbe33fe98cc5fc6f5c9763985759165634fb41da03a49d44e
train,la_palma_volcano_00000703,la_palma_volcano,strictv1__train__la_palma_volcano_00000703,train,spain_la_palma_volcano,True,357a9563d01c727690d7d8606039b700fd8a5d580ff99380715ba16d9f0fc2b6
train,la_palma_volcano_00000705,la_palma_volcano,strictv1__train__la_palma_volcano_00000705,train,spain_la_palma_volcano,True,7155e59ce839a194cc0d477a97b4c3fcc8b82d2597b8cb668fe187fd7ce68e72
train,la_palma_volcano_00000706,la_palma_volcano,strictv1__train__la_palma_volcano_00000706,train,spain_la_palma_volcano,True,1a889ecdae24daf60313557f621a0a87037351af486e5e0e54f58baaed206b4b
train,la_palma_volcano_00000707,la_palma_volcano,strictv1__train__la_palma_volcano_00000707,train,spain_la_palma_volcano,True,3bbda8cfd3168c0aaeb4fae0f53d463dd9d9747fc665060a696c213ca2a628a0
train,la_palma_volcano_00000708,la_palma_volcano,strictv1__train__la_palma_volcano_00000708,train,spain_la_palma_volcano,True,940e241ff017b1cbfdce126af1c20007d4b193d2b03e4d5869b89a12e55be143
train,la_palma_volcano_00000709,la_palma_volcano,strictv1__train__la_palma_volcano_00000709,train,spain_la_palma_volcano,True,9e2354cc52533959c12165446e3c9230324d10a037f95329e8e89b879dbc0c80
train,la_palma_volcano_00000710,la_palma_volcano,strictv1__train__la_palma_volcano_00000710,train,spain_la_palma_volcano,True,d7f3cea28acb53cfd017cc0360852acd2af3474cb0a88ae96a5a7fd71c9f27a5
train,la_palma_volcano_00000712,la_palma_volcano,strictv1__train__la_palma_volcano_00000712,train,spain_la_palma_volcano,True,211b8b946a8583794cf36f1203816a3bc66f9f3e10c5951d21a24ec5ae567955
train,la_palma_volcano_00000715,la_palma_volcano,strictv1__train__la_palma_volcano_00000715,train,spain_la_palma_volcano,True,0d2a3ce4d6f75d9bee04ae40e9635d969581bf4577d530563245935463932e48
train,la_palma_volcano_00000716,la_palma_volcano,strictv1__train__la_palma_volcano_00000716,train,spain_la_palma_volcano,True,b495f365ac1d479b8c4edd1eff6232e84136998a3387496076ad13b74dffe2d4
train,la_palma_volcano_00000717,la_palma_volcano,strictv1__train__la_palma_volcano_00000717,train,spain_la_palma_volcano,True,0e6bbe275cee4b31d2d6a8167303f7aef2871cea4f5f5ffa598c54e3321840b2
train,la_palma_volcano_00000718,la_palma_volcano,strictv1__train__la_palma_volcano_00000718,train,spain_la_palma_volcano,True,5fd275d7d4a6c54046d85a48f909303283ddb075c8c71e23dd04ec4ad17efc13
train,la_palma_volcano_00000719,la_palma_volcano,strictv1__train__la_palma_volcano_00000719,train,spain_la_palma_volcano,True,e2aa323ee4c7786c7f4dc0e5d3cb214c88a09b1cdfddc84eed2079f3859f66c4
train,la_palma_volcano_00000720,la_palma_volcano,strictv1__train__la_palma_volcano_00000720,train,spain_la_palma_volcano,True,ae23a08e747f059162a48d5f85e7eea1f09b6514a85276fc94c2df05f75f77eb
train,la_palma_volcano_00000721,la_palma_volcano,strictv1__train__la_palma_volcano_00000721,train,spain_la_palma_volcano,True,71e10b414a51a8ecf53d52b9e0ad89b262201a0b1497ef8a452ddd613a7b5425
train,la_palma_volcano_00000722,la_palma_volcano,strictv1__train__la_palma_volcano_00000722,train,spain_la_palma_volcano,True,253d4f50680f408f3468e2af4d7e8db6a7f7a13ae1bff03e6f468c949ac3175a
train,la_palma_volcano_00000724,la_palma_volcano,strictv1__train__la_palma_volcano_00000724,train,spain_la_palma_volcano,True,f31e60ceda098572114f54104b5e1c86762309b907abd3dd41b89affc9ece2c0
train,la_palma_volcano_00000725,la_palma_volcano,strictv1__train__la_palma_volcano_00000725,train,spain_la_palma_volcano,True,9e29386d3287947d10cf38d1b0dde94943cf5078164c9fb6752125e231b43b22
train,la_palma_volcano_00000726,la_palma_volcano,strictv1__train__la_palma_volcano_00000726,train,spain_la_palma_volcano,True,43b7ce9e002a68e3e6c46762f5773df1e0cad49fa95fe1ae4d783055ce53679c
train,la_palma_volcano_00000727,la_palma_volcano,strictv1__train__la_palma_volcano_00000727,train,spain_la_palma_volcano,True,73c9b24294969a093e149ab87c10a9e51e45723e3f8f26ae652107dd7bedcd08
train,la_palma_volcano_00000728,la_palma_volcano,strictv1__train__la_palma_volcano_00000728,train,spain_la_palma_volcano,True,032091e9ab2ba4c5070f8ba26a11a74c950ced6e2f938e7a303f46d730d891f9
train,la_palma_volcano_00000729,la_palma_volcano,strictv1__train__la_palma_volcano_00000729,train,spain_la_palma_volcano,True,721d90a9ddb1e8ca8af3249a9d0399e17ddb88031809af987866ae3f1aa7aff8
train,la_palma_volcano_00000730,la_palma_volcano,strictv1__train__la_palma_volcano_00000730,train,spain_la_palma_volcano,True,c5d9d71129aa6dc6fa51a3d15aa1d347d7ff83b193c42114d89f8e745cc7bfbd
train,la_palma_volcano_00000735,la_palma_volcano,strictv1__train__la_palma_volcano_00000735,train,spain_la_palma_volcano,True,3618e7a2b9c01cfa840c9fb8933b230c365ea52d8435ef45d739b2045abc207b
train,la_palma_volcano_00000736,la_palma_volcano,strictv1__train__la_palma_volcano_00000736,train,spain_la_palma_volcano,True,02a39e57e11c61affe3ffe88a686ea65aa29edbc12f97b5825d9937c30473ffb
train,la_palma_volcano_00000737,la_palma_volcano,strictv1__train__la_palma_volcano_00000737,train,spain_la_palma_volcano,True,41544244ad59dfb5e4ea06da6e1f715a74100f4cae6f7d00e90ce540e28fa2e8
train,la_palma_volcano_00000738,la_palma_volcano,strictv1__train__la_palma_volcano_00000738,train,spain_la_palma_volcano,True,d7ed737bc170a6a5c3fef5b3c57e77d1d8c2de4028865123185818c2b14ebf6f
train,la_palma_volcano_00000739,la_palma_volcano,strictv1__train__la_palma_volcano_00000739,train,spain_la_palma_volcano,True,b758cc2e569f72f57270c243ce0bceb8e6c468198e099e58e2ab3837a6a495c5
train,la_palma_volcano_00000740,la_palma_volcano,strictv1__train__la_palma_volcano_00000740,train,spain_la_palma_volcano,True,3e4c95bd25841cf1b89bb557e16fa57aa3e976c2f94d0dc73613cc6fe78f03ee
train,la_palma_volcano_00000741,la_palma_volcano,strictv1__train__la_palma_volcano_00000741,train,spain_la_palma_volcano,True,cfee8c634daa9863e1a8494b3378f15a6cc40128cbbd5e36c66230e7b21bc439
train,la_palma_volcano_00000743,la_palma_volcano,strictv1__train__la_palma_volcano_00000743,train,spain_la_palma_volcano,True,f97ce3061ea286c4efff90658ada3515eb7e5c1fe48345b53eacf2328a3c05a2
train,la_palma_volcano_00000744,la_palma_volcano,strictv1__train__la_palma_volcano_00000744,train,spain_la_palma_volcano,True,47380e27df1d257443a5895c47fcfa10999832226184b6c8c84861d98dafd8c1
train,la_palma_volcano_00000745,la_palma_volcano,strictv1__train__la_palma_volcano_00000745,train,spain_la_palma_volcano,True,82e45a3492ce378078787cdd8de8af75a98efb451886df2399e1b129e057e3b4
train,la_palma_volcano_00000746,la_palma_volcano,strictv1__train__la_palma_volcano_00000746,train,spain_la_palma_volcano,True,237a84ece9242e2059e7ed185ee5589a764e676048fd9563ea976068e0527982
train,la_palma_volcano_00000747,la_palma_volcano,strictv1__train__la_palma_volcano_00000747,train,spain_la_palma_volcano,True,f74ed41b7b29027e6fc48516266fdf9a97f131eadaab512d9a2843a085ab7dd8
train,la_palma_volcano_00000748,la_palma_volcano,strictv1__train__la_palma_volcano_00000748,train,spain_la_palma_volcano,True,9d837dd080c31ce2075528cbae9b6215f3d77315a6d298c44773bcb93a9502ef
train,la_palma_volcano_00000749,la_palma_volcano,strictv1__train__la_palma_volcano_00000749,train,spain_la_palma_volcano,True,929d8f3ea4b0ec270a8b2aefdf777a07b3b4baa18b97e1aee9a68ae60df9c7f1
train,la_palma_volcano_00000750,la_palma_volcano,strictv1__train__la_palma_volcano_00000750,train,spain_la_palma_volcano,True,9fe2638702aadf7bb7d57771dea9e0a9eafcfc68e7bcba211de8913bcd0bd6c7
train,la_palma_volcano_00000755,la_palma_volcano,strictv1__train__la_palma_volcano_00000755,train,spain_la_palma_volcano,True,c831e09b4e512ab865b357b6bcb17b1d3b1642b90aa843a283af365165f1f882
train,la_palma_volcano_00000756,la_palma_volcano,strictv1__train__la_palma_volcano_00000756,train,spain_la_palma_volcano,True,632f99113b1e3f5a6bc1153670a64daa9ac6d58b72732f16531901fb24f7c3a0
train,la_palma_volcano_00000757,la_palma_volcano,strictv1__train__la_palma_volcano_00000757,train,spain_la_palma_volcano,True,d1171bd98e93a7d9c5ce98e7cd0be6fc72962705795d447ab4a38150b5f98638
train,la_palma_volcano_00000758,la_palma_volcano,strictv1__train__la_palma_volcano_00000758,train,spain_la_palma_volcano,True,90b9ced1ea95b4a4750ef83d6fc3fdc9db9c8b308a934367ee44f8e80fea2f74
train,la_palma_volcano_00000759,la_palma_volcano,strictv1__train__la_palma_volcano_00000759,train,spain_la_palma_volcano,True,0d914beb046921bd246fffe486db00e909894dd90e4ad65dcf37a79081f9a2af
train,la_palma_volcano_00000760,la_palma_volcano,strictv1__train__la_palma_volcano_00000760,train,spain_la_palma_volcano,True,041267b161d9c4348822b5023bce7f14e5a298f8921692eeb57e0831419b0dbb
train,la_palma_volcano_00000762,la_palma_volcano,strictv1__train__la_palma_volcano_00000762,train,spain_la_palma_volcano,True,fa15783395e22fcd1ee9b08c6b7e93c792dba5821b5c891695b23c421c64c0c2
train,la_palma_volcano_00000763,la_palma_volcano,strictv1__train__la_palma_volcano_00000763,train,spain_la_palma_volcano,True,4527bb87856b0b96a5c4796dc346106588c08bda8a215d1ab0df20e16bdb7dea
train,la_palma_volcano_00000764,la_palma_volcano,strictv1__train__la_palma_volcano_00000764,train,spain_la_palma_volcano,True,a7e925e117d485dd486680424f9be2db5b5cfbcbaa7dae8eb1f80fd97b13a931
train,la_palma_volcano_00000765,la_palma_volcano,strictv1__train__la_palma_volcano_00000765,train,spain_la_palma_volcano,True,3191a32bedaebe750799482d14b1a99614b83025eb83a130a1ba528bc3a7b7db
train,la_palma_volcano_00000766,la_palma_volcano,strictv1__train__la_palma_volcano_00000766,train,spain_la_palma_volcano,True,fdf3511756162d5557ed89a9b9ede3a433749db1117797bf62f3ad1db9356f55
train,la_palma_volcano_00000767,la_palma_volcano,strictv1__train__la_palma_volcano_00000767,train,spain_la_palma_volcano,True,5e6a6dc2eab2fa350927fcc62a73c2d9976e4548e53c964a70acb926e8441c51
train,la_palma_volcano_00000768,la_palma_volcano,strictv1__train__la_palma_volcano_00000768,train,spain_la_palma_volcano,True,e2dd7d09aed8e62194cb59006e2eaaf32f1aa1f2dea8533ce1a9a0e92d5ccbed
train,la_palma_volcano_00000769,la_palma_volcano,strictv1__train__la_palma_volcano_00000769,train,spain_la_palma_volcano,True,6c2b80ecea6a785ff46964c24c2fbe7be3010db943f8c25536fbd13013618003
train,la_palma_volcano_00000775,la_palma_volcano,strictv1__train__la_palma_volcano_00000775,train,spain_la_palma_volcano,True,a8b2aeb783ee87a6cfb107b5364aeb5d362b299e763f9595d522679455dfd133
train,la_palma_volcano_00000776,la_palma_volcano,strictv1__train__la_palma_volcano_00000776,train,spain_la_palma_volcano,True,9e21f195f187430d8faf95dd74e27d3a647c8d0562dfb93e5c8b13e35957c0dc
train,la_palma_volcano_00000777,la_palma_volcano,strictv1__train__la_palma_volcano_00000777,train,spain_la_palma_volcano,True,a8ee10979aed421505e8ea97d971d0986f102d6a28902d7b73952c200ffe3912
train,la_palma_volcano_00000778,la_palma_volcano,strictv1__train__la_palma_volcano_00000778,train,spain_la_palma_volcano,True,2e586c24cf0db75644dcbf0a821d0c95f7a502e9cd44991b9c5df8de538f97aa
train,la_palma_volcano_00000780,la_palma_volcano,strictv1__train__la_palma_volcano_00000780,train,spain_la_palma_volcano,True,0a8d39402b7a9e452154d88981c3ae7889a839a087d48aa0d8c493ba044d8268
train,la_palma_volcano_00000782,la_palma_volcano,strictv1__train__la_palma_volcano_00000782,train,spain_la_palma_volcano,True,197afdf937595363b1e227cadba4f9c22e9ec8c7cfb9c0b1ac13ddb8e531291b
train,la_palma_volcano_00000783,la_palma_volcano,strictv1__train__la_palma_volcano_00000783,train,spain_la_palma_volcano,True,5d023390fbe96e637732b7bb21e6e29cbd898ae16926d383949d4625778f0e9c
train,la_palma_volcano_00000784,la_palma_volcano,strictv1__train__la_palma_volcano_00000784,train,spain_la_palma_volcano,True,a48896c2f3712229a6a7b335232d08ba6b6b9ca4759a18c8a3341dd070f2d3a3
train,la_palma_volcano_00000785,la_palma_volcano,strictv1__train__la_palma_volcano_00000785,train,spain_la_palma_volcano,True,311bcdb0d3e2dcf7eb7cb7a4fb9ad4aa615349a3d14c688c17459ac50ae12bb6
train,la_palma_volcano_00000793,la_palma_volcano,strictv1__train__la_palma_volcano_00000793,train,spain_la_palma_volcano,True,2591bb1c6d3837a352aa20ab7a29330f37257cf1c3cf7fe4bae3fa9497eb4887
train,la_palma_volcano_00000794,la_palma_volcano,strictv1__train__la_palma_volcano_00000794,train,spain_la_palma_volcano,True,81028a92a812ac6f17e31e2978dc8482b974e762bb1f1551b8892ce1667f7a2a
train,la_palma_volcano_00000795,la_palma_volcano,strictv1__train__la_palma_volcano_00000795,train,spain_la_palma_volcano,True,6d642d6b344b73accc205c81ae950939f8f0e49b4f383b06f79772b4d0e09ada
train,la_palma_volcano_00000796,la_palma_volcano,strictv1__train__la_palma_volcano_00000796,train,spain_la_palma_volcano,True,ca14295d26900f1de9694380109514b95afd3d1592abdb84c0536fa489978847
train,la_palma_volcano_00000798,la_palma_volcano,strictv1__train__la_palma_volcano_00000798,train,spain_la_palma_volcano,True,f12ae9cd8e1d3aa3250aae3ecc1070a12261a27028cae85493128958b626f6dd
train,la_palma_volcano_00000802,la_palma_volcano,strictv1__train__la_palma_volcano_00000802,train,spain_la_palma_volcano,True,01164801ce5c91e5419f3a5fd9f8c10b5bb7e3df111087bcec326a4846359a9b
train,la_palma_volcano_00000803,la_palma_volcano,strictv1__train__la_palma_volcano_00000803,train,spain_la_palma_volcano,True,934db985dc74ab6eeb6f21086ae906db4f73bbb73d4bde4a1de1d93ed5b347d0
train,la_palma_volcano_00000804,la_palma_volcano,strictv1__train__la_palma_volcano_00000804,train,spain_la_palma_volcano,True,fe1a71ce8a061e44e83aafbdaa7742268ce7125b7825d550bdd58cfb20ed9d9e
train,la_palma_volcano_00000808,la_palma_volcano,strictv1__train__la_palma_volcano_00000808,train,spain_la_palma_volcano,True,48f06a4d10ed6964f23209457961989b7d0acfd7d1af6da21fc7ee2d3455d64c
train,la_palma_volcano_00000809,la_palma_volcano,strictv1__train__la_palma_volcano_00000809,train,spain_la_palma_volcano,True,bfbe9f0e96e326132b61e9be79bc3390e2ca143162b4501aaf34bbf7cde4df01
train,la_palma_volcano_00000812,la_palma_volcano,strictv1__train__la_palma_volcano_00000812,train,spain_la_palma_volcano,True,4e9fd13a596a4c5e0178183d438c16fc9a82a8293e028f6864733ea4e007dcac
train,la_palma_volcano_00000813,la_palma_volcano,strictv1__train__la_palma_volcano_00000813,train,spain_la_palma_volcano,True,f7a27def24d60405c72d3f905f401676f74f3f50c4d3a14d5b6c3d140298dd63
train,la_palma_volcano_00000814,la_palma_volcano,strictv1__train__la_palma_volcano_00000814,train,spain_la_palma_volcano,True,ee8fd840c44f7374361327eac63ae8ace6bcf005897cb4adcc9a46c0217fb44e
train,la_palma_volcano_00000817,la_palma_volcano,strictv1__train__la_palma_volcano_00000817,train,spain_la_palma_volcano,True,2701cd4f299194f6ecf5b4638bd5d1cf18e7670463721a507b559e698b23e60e
train,la_palma_volcano_00000818,la_palma_volcano,strictv1__train__la_palma_volcano_00000818,train,spain_la_palma_volcano,True,a5aadb6a2b5ac305e7a783d4961a9f79c999ce5a7d688d1be66d2991f301c27f
train,la_palma_volcano_00000821,la_palma_volcano,strictv1__train__la_palma_volcano_00000821,train,spain_la_palma_volcano,True,6fe734b262e93bd37318ea2b6907f12b9c9da1f8edf57307be83b42507e1712b
train,la_palma_volcano_00000822,la_palma_volcano,strictv1__train__la_palma_volcano_00000822,train,spain_la_palma_volcano,True,d33c20c122ecd842e16d9876781c8d78d7579d527eb7245f324be963b43570ab
train,la_palma_volcano_00000823,la_palma_volcano,strictv1__train__la_palma_volcano_00000823,train,spain_la_palma_volcano,True,fc7e5928c8b6b50a49ea3d70df5c5cfbdfce291496f900c5dcde3fee39be44ae
train,la_palma_volcano_00000824,la_palma_volcano,strictv1__train__la_palma_volcano_00000824,train,spain_la_palma_volcano,True,f470277032cc916197eda3a1e15d53d30cd8cb619d6e23826a8703e0710dc4c5
train,la_palma_volcano_00000825,la_palma_volcano,strictv1__train__la_palma_volcano_00000825,train,spain_la_palma_volcano,True,f85392562b2d9ad78aeca03449185877f3a79998d3e9698f876f5620afc41c55
train,la_palma_volcano_00000826,la_palma_volcano,strictv1__train__la_palma_volcano_00000826,train,spain_la_palma_volcano,True,9d9845412160ba90852109cc64aaebac1368910db3987c40a732de15e258ca6a
train,la_palma_volcano_00000827,la_palma_volcano,strictv1__train__la_palma_volcano_00000827,train,spain_la_palma_volcano,True,e53845fd71a292ac2e1cee7140f4b3ba9c4d6743e5eaf715af8ff4a99de78755
train,la_palma_volcano_00000830,la_palma_volcano,strictv1__train__la_palma_volcano_00000830,train,spain_la_palma_volcano,True,efa3194d5328b4eaf9bb16c471ebd582a5a154e8ea8ae57e5e36fc1a79c4b42f
train,la_palma_volcano_00000831,la_palma_volcano,strictv1__train__la_palma_volcano_00000831,train,spain_la_palma_volcano,True,48a4ee256ddfb41240ed6f5d8f67164419bfe75e09fa1a2f10b5162e8c7b61f3
train,la_palma_volcano_00000835,la_palma_volcano,strictv1__train__la_palma_volcano_00000835,train,spain_la_palma_volcano,True,cb2cd8bbe5d3356ef3b4884bf620815c50cf779eb0339db1c6552fc50946bc00
train,la_palma_volcano_00000836,la_palma_volcano,strictv1__train__la_palma_volcano_00000836,train,spain_la_palma_volcano,True,e62375173477565c4fa69380498bfcad9cd191c59bef8a4ee28d2fb90d1d2a13
train,la_palma_volcano_00000837,la_palma_volcano,strictv1__train__la_palma_volcano_00000837,train,spain_la_palma_volcano,True,8c888afcc507c364f7ca7ab58b66894a577435219bbdd90986cbfdcc2c1fa723
train,la_palma_volcano_00000839,la_palma_volcano,strictv1__train__la_palma_volcano_00000839,train,spain_la_palma_volcano,True,b40eef635d8270d85b8b97a6ed5d72afcaf2353c49888b3329412ddc30a4dee9
train,la_palma_volcano_00000840,la_palma_volcano,strictv1__train__la_palma_volcano_00000840,train,spain_la_palma_volcano,True,a704f1fc46109a8ddfae4ddec0e1e1b4ad52f0fd220785e9bc52d1da04d7b139
train,la_palma_volcano_00000841,la_palma_volcano,strictv1__train__la_palma_volcano_00000841,train,spain_la_palma_volcano,True,06c3f99955d0b73d11a953336252a366c295a0990d342e1d004c5f559449e4fe
train,la_palma_volcano_00000850,la_palma_volcano,strictv1__train__la_palma_volcano_00000850,train,spain_la_palma_volcano,True,c309d23973c05f7bc15db0a7cfda4880c6c951ccfa428902bf94cb35088501da
train,la_palma_volcano_00000851,la_palma_volcano,strictv1__train__la_palma_volcano_00000851,train,spain_la_palma_volcano,True,3935a7cebb13c4afdbcfc367e15c6fe13946973a1a2d9a115a4f21086a090099
train,la_palma_volcano_00000852,la_palma_volcano,strictv1__train__la_palma_volcano_00000852,train,spain_la_palma_volcano,True,e4498459b52fa225bb14e5bfd3f5fa70f7bd26a31fcf4ae29fcd94c305fca2e4
train,la_palma_volcano_00000853,la_palma_volcano,strictv1__train__la_palma_volcano_00000853,train,spain_la_palma_volcano,True,fd6c11e7e01717e76eacefaf40b963e9cfab727737d1b73857b519f76ac2d237
train,la_palma_volcano_00000863,la_palma_volcano,strictv1__train__la_palma_volcano_00000863,train,spain_la_palma_volcano,True,d8a37a25dec12664ac01b57cebbf25e2ef908fa1ca5ea089edbee7a0522b6a80
train,la_palma_volcano_00000864,la_palma_volcano,strictv1__train__la_palma_volcano_00000864,train,spain_la_palma_volcano,True,903a61f077d9ba8776822287f76819013d85277fa2b20768499552c05a225db9
train,la_palma_volcano_00000865,la_palma_volcano,strictv1__train__la_palma_volcano_00000865,train,spain_la_palma_volcano,True,3031ad01ce23a6968a3933df6a5c32cf29f72ed1ecfdc4aec868e132de2ffe8d
train,la_palma_volcano_00000874,la_palma_volcano,strictv1__train__la_palma_volcano_00000874,train,spain_la_palma_volcano,True,51abde58d9269f6bfe34072835a252a49c5c15908c118a68662fb8b3fd2cac21
train,la_palma_volcano_00000875,la_palma_volcano,strictv1__train__la_palma_volcano_00000875,train,spain_la_palma_volcano,True,b22ef034f46fa3917e253ea0eee14b85a397d6c0d2031551d9958d7aabc97181
train,la_palma_volcano_00000876,la_palma_volcano,strictv1__train__la_palma_volcano_00000876,train,spain_la_palma_volcano,True,3455b38951ff5e639363a6d044665a45fa77e29fae31a0a0b67f0d6b86e41682
train,la_palma_volcano_00000879,la_palma_volcano,strictv1__train__la_palma_volcano_00000879,train,spain_la_palma_volcano,True,1d966b053b1611e0a07a6b6c4ba71899992f6c311badfe4011cd83c065638ab9
train,la_palma_volcano_00000887,la_palma_volcano,strictv1__train__la_palma_volcano_00000887,train,spain_la_palma_volcano,True,02fad1658f69ec1b24f2af5bd92e8a28f63e455fe9ac99a76a836a676e9a5141
train,la_palma_volcano_00000888,la_palma_volcano,strictv1__train__la_palma_volcano_00000888,train,spain_la_palma_volcano,True,d995cc89237420353af39a8b28ae626efec363051855dd3af96a30fe8058bc51
train,la_palma_volcano_00000890,la_palma_volcano,strictv1__train__la_palma_volcano_00000890,train,spain_la_palma_volcano,True,b39912223aa9a09ddc05425382dbfe8d450580a79a947a1fb370664288790efc
train,la_palma_volcano_00000897,la_palma_volcano,strictv1__train__la_palma_volcano_00000897,train,spain_la_palma_volcano,True,36ddcbc6e4c6b2abd38f29cba8d254c30fd994a245471372e859d435d3d890eb
train,la_palma_volcano_00000898,la_palma_volcano,strictv1__train__la_palma_volcano_00000898,train,spain_la_palma_volcano,True,05be595e2459118c621ac57f0faffe8375514015cb77f63147a72b9fb896ff74
train,la_palma_volcano_00000899,la_palma_volcano,strictv1__train__la_palma_volcano_00000899,train,spain_la_palma_volcano,True,287d3d05d2683c188c07a0f6b15459f0b3c734822084ab300d92582f0f4ec3be
train,la_palma_volcano_00000908,la_palma_volcano,strictv1__train__la_palma_volcano_00000908,train,spain_la_palma_volcano,True,38a85a2b01f95e9d5499328ad2300d10bf399e294c00dad72c23ab6effb493f5
train,la_palma_volcano_00000909,la_palma_volcano,strictv1__train__la_palma_volcano_00000909,train,spain_la_palma_volcano,True,9dce646556a99f197e83b58c607219dd3bb2f1fc1f49c5591667bf64cce3dc43
train,la_palma_volcano_00000910,la_palma_volcano,strictv1__train__la_palma_volcano_00000910,train,spain_la_palma_volcano,True,d366964856d89dcef86d53cf4bb092e06e0a24ae973cfba70ad6fa2c1516446f
train,la_palma_volcano_00000911,la_palma_volcano,strictv1__train__la_palma_volcano_00000911,train,spain_la_palma_volcano,True,88292d83b9fbde9a62390052e05957260a877ce25c5bbb3a585d80e3f98889b4
train,la_palma_volcano_00000919,la_palma_volcano,strictv1__train__la_palma_volcano_00000919,train,spain_la_palma_volcano,True,64629724fff1e720387032bc27bcf0e73f812cc73eb8b7b5088e8e13dd165b6e
train,la_palma_volcano_00000920,la_palma_volcano,strictv1__train__la_palma_volcano_00000920,train,spain_la_palma_volcano,True,c9cbf94bb00b0da51356251086d3bc61dd12f6e0deb384e7026dad8bdc8c89b7
train,la_palma_volcano_00000921,la_palma_volcano,strictv1__train__la_palma_volcano_00000921,train,spain_la_palma_volcano,True,2671f7579ee913c6462f4463f07c6d02279dba7bebb4a4ce8228c177794e57d8
train,la_palma_volcano_00000930,la_palma_volcano,strictv1__train__la_palma_volcano_00000930,train,spain_la_palma_volcano,True,654ab8f8aa726337063ff651d5c6599dc604898d79bea2293c1f3c6e50c50012
train,libya_flood_81,libya_flood,strictv1__train__libya_flood_81,train,libya_flood,True,bff8917444a32af93fba6ce3a7325335dc66e446525f4c4b112b0e264cac8985
train,libya_flood_92,libya_flood,strictv1__train__libya_flood_92,train,libya_flood,True,dceed80f99cc347be7b21d5fb37cb671af45013fb1d202a2cd182630f3d09ad8
train,marshall_wildfire_00000009,marshall_wildfire,strictv1__train__marshall_wildfire_00000009,val,marshall_wildfire,True,c3bc7c84bfafce05989f047fbb0a4e1c85b9f8cb12cc0e89864773231aac9a7f
train,marshall_wildfire_00000013,marshall_wildfire,strictv1__train__marshall_wildfire_00000013,val,marshall_wildfire,True,5d94ad61e08a8452ebe83f160e38b4819e3c46d58704582d651da83e924156f4
train,marshall_wildfire_00000018,marshall_wildfire,strictv1__train__marshall_wildfire_00000018,val,marshall_wildfire,True,db8048f39ab3c349e2119ac9a0beac0b264b9c28d9f653d3152e2b1fc64973af
train,marshall_wildfire_00000022,marshall_wildfire,strictv1__train__marshall_wildfire_00000022,val,marshall_wildfire,True,71fabb9b8e4affff69aa52d06d3a5f773b4b3c52bd4471caf8f0ec761da6b1a5
train,marshall_wildfire_00000027,marshall_wildfire,strictv1__train__marshall_wildfire_00000027,val,marshall_wildfire,True,fffb8145cbc878709860d17633c9f7aca8f1faf609030a954886e9405c3d1cb5
train,marshall_wildfire_00000031,marshall_wildfire,strictv1__train__marshall_wildfire_00000031,val,marshall_wildfire,True,489308f24f9a273c76ca4d7ede6c87f3209575e78a4b25338b7433ed988da072
train,marshall_wildfire_00000036,marshall_wildfire,strictv1__train__marshall_wildfire_00000036,val,marshall_wildfire,True,849472d7bfd6fe00e4884de501983d181c39d1b4d14af5976373a5bba7b55a9d
train,marshall_wildfire_00000040,marshall_wildfire,strictv1__train__marshall_wildfire_00000040,val,marshall_wildfire,True,fa7bb81251b83c99c44ed129f08e361a17e5dfe38354e6b40c8bc25d636329d8
train,marshall_wildfire_00000045,marshall_wildfire,strictv1__train__marshall_wildfire_00000045,val,marshall_wildfire,True,9737233c865cf81888ab9293f619a2b228ee64e7490e6ddd605eaa5b9d0136ec
train,marshall_wildfire_00000049,marshall_wildfire,strictv1__train__marshall_wildfire_00000049,val,marshall_wildfire,True,c44387461fbbeb5257da1006a006a369a729b26570235c3acc5a68463d571e3a
train,marshall_wildfire_00000054,marshall_wildfire,strictv1__train__marshall_wildfire_00000054,val,marshall_wildfire,True,e5406ceed0764d2d562dafcfdebbcd0828271c54af299330f037a377edfaf69b
train,marshall_wildfire_00000063,marshall_wildfire,strictv1__train__marshall_wildfire_00000063,val,marshall_wildfire,True,f32e114349f00d94b164b92b71727e4af8d88f3e8bc9580d77082303626dd226
train,marshall_wildfire_00000072,marshall_wildfire,strictv1__train__marshall_wildfire_00000072,val,marshall_wildfire,True,0e74c6e7929ae02a39da95c47d684cd91711288a056e5abf2d30077cfc036c35
train,morocco_earthquake_00000287,morocco_earthquake,strictv1__train__morocco_earthquake_00000287,val,morocco_earthquake,True,611dcb921a51a274bb4e3d9b7e3db7799b829140e906332c1dd0559993db3807
train,morocco_earthquake_00000291,morocco_earthquake,strictv1__train__morocco_earthquake_00000291,val,morocco_earthquake,True,21da413f057e116158e55c04e0b6f6f2c3ad5fef35b6fd4ee437e7176b6b0ee5
train,morocco_earthquake_00000292,morocco_earthquake,strictv1__train__morocco_earthquake_00000292,val,morocco_earthquake,True,7194f7b1f7614080f453904f36dd12c60b73494158aadf8ccea52e18bf052886
train,morocco_earthquake_00000293,morocco_earthquake,strictv1__train__morocco_earthquake_00000293,val,morocco_earthquake,True,98b09957d36450d0860f9f86657b3641fb1d44332b4ab926471cc3d7c9638424
train,morocco_earthquake_00000294,morocco_earthquake,strictv1__train__morocco_earthquake_00000294,val,morocco_earthquake,True,037d26b22d9ad57e9075fc3b8f5aca417b060564f83ba6112591c3cc2d992edb
train,morocco_earthquake_00000299,morocco_earthquake,strictv1__train__morocco_earthquake_00000299,val,morocco_earthquake,True,cdcf2186db4e8861795ca29477e88bdd0139c1faa4f0dc6ca3b0b1168ff112bd
train,morocco_earthquake_00000300,morocco_earthquake,strictv1__train__morocco_earthquake_00000300,val,morocco_earthquake,True,b3c3c071b07fc4ceb8fa4a5919c01bd78ed8dd69e40e9450b365087bdca7e85e
train,morocco_earthquake_00000301,morocco_earthquake,strictv1__train__morocco_earthquake_00000301,val,morocco_earthquake,True,90a838d8534f9c32407ee5652f92473f04c2f6f6ee26859cfaaa9eae4cdabcae
train,morocco_earthquake_00000302,morocco_earthquake,strictv1__train__morocco_earthquake_00000302,val,morocco_earthquake,True,35babbd5ac182d2164bc4c0a58c039cf235f42f469f303d95d0536ee57588ea0
train,morocco_earthquake_00000305,morocco_earthquake,strictv1__train__morocco_earthquake_00000305,val,morocco_earthquake,True,f99da41b749c357e3ff521ca6d7068c044fcdb2e42d2083775d8a187f861e356
train,morocco_earthquake_00000308,morocco_earthquake,strictv1__train__morocco_earthquake_00000308,val,morocco_earthquake,True,033aa60e642557d54892274bd106881e5dda588c554919d9d911548571fe7f4e
train,morocco_earthquake_00000309,morocco_earthquake,strictv1__train__morocco_earthquake_00000309,val,morocco_earthquake,True,53b0bde12a5189c8a66582f6c92171d8036ee9d02924ba553f9f3e7e7308fa60
train,morocco_earthquake_00000310,morocco_earthquake,strictv1__train__morocco_earthquake_00000310,val,morocco_earthquake,True,6b951d40448fdcb02cc7f0c2cf3b9574b2d4bc2d51e84a6cc1d3acaea8503761
train,morocco_earthquake_00000311,morocco_earthquake,strictv1__train__morocco_earthquake_00000311,val,morocco_earthquake,True,563a2e41d94dac12444871e0b3f85f34802aea32af1fb15684b186bc019244c5
train,morocco_earthquake_00000312,morocco_earthquake,strictv1__train__morocco_earthquake_00000312,val,morocco_earthquake,True,3563507382a3a85e998b016044ee5a0689d4c545195a83c663018291a2883235
train,morocco_earthquake_00000313,morocco_earthquake,strictv1__train__morocco_earthquake_00000313,val,morocco_earthquake,True,bbfb1cb88edd67c0fca4edea3f2eb8a35ceb5ec57518d69704c36f7dff5fee4c
train,morocco_earthquake_00000318,morocco_earthquake,strictv1__train__morocco_earthquake_00000318,val,morocco_earthquake,True,deafd7d461ead2ea0947b2afae7983869591e5122ed9ff1db8391d78c4bc9931
train,morocco_earthquake_00000320,morocco_earthquake,strictv1__train__morocco_earthquake_00000320,val,morocco_earthquake,True,495c6410f45e948d64a8945b8b79be9f9944edc848fc025a1f2f3649da66838b
train,morocco_earthquake_00000321,morocco_earthquake,strictv1__train__morocco_earthquake_00000321,val,morocco_earthquake,True,f45f52038b7e5bae6d08e7269f338baa9adeaab1d67acd96b03c3c47620e7257
train,morocco_earthquake_00000322,morocco_earthquake,strictv1__train__morocco_earthquake_00000322,val,morocco_earthquake,True,5198e7c38754f2884e243e0aea8e702c4bfde3d5e9520690527e18d0b00b4d16
train,morocco_earthquake_00000323,morocco_earthquake,strictv1__train__morocco_earthquake_00000323,val,morocco_earthquake,True,cba0bf0166d9d6ddea3c40e62894bbf0b3c1e183308dd332649e0801066e5837
train,morocco_earthquake_00000329,morocco_earthquake,strictv1__train__morocco_earthquake_00000329,val,morocco_earthquake,True,9a9eef3b6857156b612a3448df999c2c15a6f8307d12fd31cd5fd432b7e8bc19
train,morocco_earthquake_00000331,morocco_earthquake,strictv1__train__morocco_earthquake_00000331,val,morocco_earthquake,True,b5bbddad54ee67a1a180eb283f2b8e3bdbd194148a180418bad3ab8de59a642d
train,morocco_earthquake_00000332,morocco_earthquake,strictv1__train__morocco_earthquake_00000332,val,morocco_earthquake,True,a98cac31bbe431291236cbe25925db9b40b62dadcae1c4e8db34ad5fa413a213
train,morocco_earthquake_00000333,morocco_earthquake,strictv1__train__morocco_earthquake_00000333,val,morocco_earthquake,True,8e87fbde08f56646888bb5de83bff075d61ab06325453004daa1ef10bcf9e9a0
train,morocco_earthquake_00000336,morocco_earthquake,strictv1__train__morocco_earthquake_00000336,val,morocco_earthquake,True,0ee2a61052ba405282af0fa8b8b69a0fa95b86dfcad33a756f5ffb4417357fa3
train,morocco_earthquake_00000337,morocco_earthquake,strictv1__train__morocco_earthquake_00000337,val,morocco_earthquake,True,4184b78b0e45f5c6a818e1f1c2f7fc0f5a70a2d1c8cb82ce16b566f654981e15
train,morocco_earthquake_00000338,morocco_earthquake,strictv1__train__morocco_earthquake_00000338,val,morocco_earthquake,True,8739c135d9755fa657ea4c7e31f4a5bcb667ce243a0bdf2813a2a67119010ac8
train,morocco_earthquake_00000339,morocco_earthquake,strictv1__train__morocco_earthquake_00000339,val,morocco_earthquake,True,a196f056d4d00237c26ccfcb7965cff82cc0f89b394fa54a9297661cc0bfcb79
train,morocco_earthquake_00000340,morocco_earthquake,strictv1__train__morocco_earthquake_00000340,val,morocco_earthquake,True,d9ca935def438a439b1304946042602523b40271ac7cfb9432f2bfac87362291
train,morocco_earthquake_00000341,morocco_earthquake,strictv1__train__morocco_earthquake_00000341,val,morocco_earthquake,True,2e684e89caecbcc3818a41ab00efea17d179c4ff17c03920f7d0d44b3cd00eda
train,morocco_earthquake_00000342,morocco_earthquake,strictv1__train__morocco_earthquake_00000342,val,morocco_earthquake,True,e2f82ba16648ef7eee87167513f7c7bb5381496d44063a5cd6471d66f0abfe0e
train,morocco_earthquake_00000347,morocco_earthquake,strictv1__train__morocco_earthquake_00000347,val,morocco_earthquake,True,8f77854fc2d0049e51c74e4a32d92b4acce75d3b8034c3770312ac966387a15b
train,morocco_earthquake_00000348,morocco_earthquake,strictv1__train__morocco_earthquake_00000348,val,morocco_earthquake,True,4312bfb4a1dea065c0b81a56337b58a63f3ff9d1876dde682ee3ff7ca11be1dc
train,morocco_earthquake_00000349,morocco_earthquake,strictv1__train__morocco_earthquake_00000349,val,morocco_earthquake,True,11d1cb68b6df3a7c3a0e3b0f69198b9514165cbf5129f779b443e706693c624d
train,morocco_earthquake_00000350,morocco_earthquake,strictv1__train__morocco_earthquake_00000350,val,morocco_earthquake,True,7a3bc3abc8255faa7459d4711751eec60dae6a8d7dba1c90bab42207bafa224d
train,morocco_earthquake_00000351,morocco_earthquake,strictv1__train__morocco_earthquake_00000351,val,morocco_earthquake,True,6547bd4c7ea0ab7631a1bfcdc996dfaea05e6a8a5e9222f597ae336aa98e0b9f
train,morocco_earthquake_00000352,morocco_earthquake,strictv1__train__morocco_earthquake_00000352,val,morocco_earthquake,True,c9e0318653f164bd2294d8d3d659fa1ec520da337c58981feff350a835aff9c5
train,morocco_earthquake_00000355,morocco_earthquake,strictv1__train__morocco_earthquake_00000355,val,morocco_earthquake,True,86f4fe3083e04a4949b7ec25c8f87f16205e1680740916ce2218cd71fad563fe
train,morocco_earthquake_00000356,morocco_earthquake,strictv1__train__morocco_earthquake_00000356,val,morocco_earthquake,True,7810528828fe292e17fc84a6fee6bc6d789c356f01dc2d94ac9a895a328b6535
train,morocco_earthquake_00000357,morocco_earthquake,strictv1__train__morocco_earthquake_00000357,val,morocco_earthquake,True,3733d66ed736941b7faf0f422147346fd56c185dbb4f31adc8073605a59c069e
train,morocco_earthquake_00000358,morocco_earthquake,strictv1__train__morocco_earthquake_00000358,val,morocco_earthquake,True,d9820f69a324568cfdb57d88a0b716d35089534c9aed19acf472c91c1db599b4
train,morocco_earthquake_00000359,morocco_earthquake,strictv1__train__morocco_earthquake_00000359,val,morocco_earthquake,True,e68ac6ff1502630d39333e3c8a3eb7a61a98569b7c7fc50dd96c5010591be127
train,morocco_earthquake_00000360,morocco_earthquake,strictv1__train__morocco_earthquake_00000360,val,morocco_earthquake,True,dadb7d7156dddbf468871132f90d50b068fef6740841c2a9dd5c8dd1bb5aa9a5
train,morocco_earthquake_00000368,morocco_earthquake,strictv1__train__morocco_earthquake_00000368,val,morocco_earthquake,True,f1f68c1a6716dd55c67a40836dbd8d179f66bafae8ea295adbcf52f9e0792e81
train,morocco_earthquake_00000369,morocco_earthquake,strictv1__train__morocco_earthquake_00000369,val,morocco_earthquake,True,280c78744c12c40832d7115f9804e5507e8a1ebb3a2dc9719264f15e985bdca1
train,morocco_earthquake_00000370,morocco_earthquake,strictv1__train__morocco_earthquake_00000370,val,morocco_earthquake,True,adb985166a664ccf4a969badc16004a288dcefb8a5b4d1764edf869eb3854d7b
train,morocco_earthquake_00000373,morocco_earthquake,strictv1__train__morocco_earthquake_00000373,val,morocco_earthquake,True,78129f7434fe840e099b3c8a6b5bb701de4979336eb994b93cb0e263ce0974ad
train,morocco_earthquake_00000374,morocco_earthquake,strictv1__train__morocco_earthquake_00000374,val,morocco_earthquake,True,c5c88a1ecc84066263a592770967d87b0013835286887b52a6addff12fbd9efc
train,morocco_earthquake_00000375,morocco_earthquake,strictv1__train__morocco_earthquake_00000375,val,morocco_earthquake,True,2c2aa917db878e756f0e43662d1991d6b9af608eb42c8b91fd9438a0d3bdb2d5
train,morocco_earthquake_00000376,morocco_earthquake,strictv1__train__morocco_earthquake_00000376,val,morocco_earthquake,True,10828f14ba617ba14e8c128e5af3231b027ee76fa43f0265cd59097c82bf5f19
train,morocco_earthquake_00000377,morocco_earthquake,strictv1__train__morocco_earthquake_00000377,val,morocco_earthquake,True,e52be1fbe1d39f8488990ba322deb39ea29e26f04121497e34d447b43a258ff5
train,morocco_earthquake_00000378,morocco_earthquake,strictv1__train__morocco_earthquake_00000378,val,morocco_earthquake,True,0fc909cc82a1e1db77a00d1951e0efd3ea83d9216b3a46354e8df68d2085b960
train,morocco_earthquake_00000390,morocco_earthquake,strictv1__train__morocco_earthquake_00000390,val,morocco_earthquake,True,de7fe3d837d3b88d31b7b76120da71a8c5d1f24ba1edc7b228243edf29e3161e
train,morocco_earthquake_00000391,morocco_earthquake,strictv1__train__morocco_earthquake_00000391,val,morocco_earthquake,True,6851cd0390156013f65d20485866bbf20c4343d1ce6b03b168a75a472bbe6b98
train,morocco_earthquake_00000392,morocco_earthquake,strictv1__train__morocco_earthquake_00000392,val,morocco_earthquake,True,0abf937b0c72d7a6cae7dd867b34b944dc4f3166135ec64917269b7bfa1bfade
train,morocco_earthquake_00000393,morocco_earthquake,strictv1__train__morocco_earthquake_00000393,val,morocco_earthquake,True,93bbbefef72d85912ab02e23116ad5bae8257cf8b39643914f017649df57cc55
train,morocco_earthquake_00000394,morocco_earthquake,strictv1__train__morocco_earthquake_00000394,val,morocco_earthquake,True,e47b6c6357a83373c203bf9bb51e928a819101e8d0316b2a1be3b78098b95bb2
train,morocco_earthquake_00000395,morocco_earthquake,strictv1__train__morocco_earthquake_00000395,val,morocco_earthquake,True,d2cae26d977be72c61b7a58b65ebadbe1b39bf5783959174feea931dec99db64
train,morocco_earthquake_00000398,morocco_earthquake,strictv1__train__morocco_earthquake_00000398,val,morocco_earthquake,True,1a47ea04a78abcfa7c55ec8acd334e461e4396b09ac12763332ddd4f3f979885
train,morocco_earthquake_00000399,morocco_earthquake,strictv1__train__morocco_earthquake_00000399,val,morocco_earthquake,True,6964133bbafcdacb9ea7ff7dc44c114ea3af7b0721f4448031ebb5bf6ddad070
train,morocco_earthquake_00000411,morocco_earthquake,strictv1__train__morocco_earthquake_00000411,val,morocco_earthquake,True,adf5730767d0e6918315dc48aa7844f2d5677b3c04d44a4b67e82fb536cfd903
train,morocco_earthquake_00000412,morocco_earthquake,strictv1__train__morocco_earthquake_00000412,val,morocco_earthquake,True,991886678944a1b7aa475bfa478b19480b6746829f80e3fac606b36a275b0382
train,morocco_earthquake_00000413,morocco_earthquake,strictv1__train__morocco_earthquake_00000413,val,morocco_earthquake,True,b812c05be646c092e3bd7d3a813b5829edb8594d93297ae547d43c5f77c72924
train,morocco_earthquake_00000414,morocco_earthquake,strictv1__train__morocco_earthquake_00000414,val,morocco_earthquake,True,95423fa64977066eece15a15b89ed290ff70b6dcf3b74a22464ec935622b1d02
train,morocco_earthquake_00000422,morocco_earthquake,strictv1__train__morocco_earthquake_00000422,val,morocco_earthquake,True,942be14175a76aa20d1b6242b269de0c6f43dc438f209310411c3de86d2b28d0
train,morocco_earthquake_00000432,morocco_earthquake,strictv1__train__morocco_earthquake_00000432,val,morocco_earthquake,True,39c05bd7f6fc174c57dccf6e49d137dbf3c33857b2fad49d32f20623f10b9d71
train,morocco_earthquake_00000435,morocco_earthquake,strictv1__train__morocco_earthquake_00000435,val,morocco_earthquake,True,b52c0d745fd7bbb39844d63a3e6f846312c8ea5dd15988e9080d0766d682611c
train,morocco_earthquake_00000441,morocco_earthquake,strictv1__train__morocco_earthquake_00000441,val,morocco_earthquake,True,0fc9e8171867f8038f15c2b7c75c89f31aa26da7d5c39ca6a5b3a38df969892a
train,morocco_earthquake_00000454,morocco_earthquake,strictv1__train__morocco_earthquake_00000454,val,morocco_earthquake,True,2a65fe3cb08e402067e8bf9d54cd1a674200999f707a0dcaf779f18adca142d7
train,morocco_earthquake_00000455,morocco_earthquake,strictv1__train__morocco_earthquake_00000455,val,morocco_earthquake,True,0b68f284e8a7a160c235c369840493c718344b5f4f44f6dd65509930d941ead1
train,morocco_earthquake_00000456,morocco_earthquake,strictv1__train__morocco_earthquake_00000456,val,morocco_earthquake,True,444459b125e3319be72ee6b3cbde585bd0d79b66686833ea65138800aae09de7
train,morocco_earthquake_00000461,morocco_earthquake,strictv1__train__morocco_earthquake_00000461,val,morocco_earthquake,True,ac8e9a3af6685df9a37a5d0d351a45c10306ed15518bb724c606f23a90178387
train,morocco_earthquake_00000462,morocco_earthquake,strictv1__train__morocco_earthquake_00000462,val,morocco_earthquake,True,3d17ce47290ad89b6c6b53c8995fc8368e55e7f2a347c88c3f5760720f37d26d
train,morocco_earthquake_00000464,morocco_earthquake,strictv1__train__morocco_earthquake_00000464,val,morocco_earthquake,True,96255c2c80ddc178ad4c8f776f6dc7301af7a779c229babbaf2caba4a8a017cc
train,morocco_earthquake_00000475,morocco_earthquake,strictv1__train__morocco_earthquake_00000475,val,morocco_earthquake,True,d5afac78964fb20cd8e75968676dae1b206bc05cefe1918cd7402c4d6a87069b
train,morocco_earthquake_00000476,morocco_earthquake,strictv1__train__morocco_earthquake_00000476,val,morocco_earthquake,True,b465e64c27f5228d0082764817fe9bb30f3835825c51b3a22ac6850ff05160f5
train,morocco_earthquake_00000477,morocco_earthquake,strictv1__train__morocco_earthquake_00000477,val,morocco_earthquake,True,b1db1449a53e26d866abc8cb371903fb9330de1fffe4b3447fc52abb0bdcb39f
train,morocco_earthquake_00000482,morocco_earthquake,strictv1__train__morocco_earthquake_00000482,val,morocco_earthquake,True,f991d8de4d5681e26362c03f1c674ae4efbeac96a19dd66ef49d374297575800
train,morocco_earthquake_00000483,morocco_earthquake,strictv1__train__morocco_earthquake_00000483,val,morocco_earthquake,True,ff52ba622c63d4e2490472567562a1d3ccb6b8753f33da70ebf5fe67b1887b9e
train,morocco_earthquake_00000484,morocco_earthquake,strictv1__train__morocco_earthquake_00000484,val,morocco_earthquake,True,c3aab2c1925fbfbcc8eeb6adc65945b3a982b1d30f4572734089112dfd06120c
train,morocco_earthquake_00000485,morocco_earthquake,strictv1__train__morocco_earthquake_00000485,val,morocco_earthquake,True,8b270ef9bfff62e4ef8222e45a6fb2c639184a09deef1e7bbd2f48a14a5045f3
train,morocco_earthquake_00000493,morocco_earthquake,strictv1__train__morocco_earthquake_00000493,val,morocco_earthquake,True,14c752582f61e2e10a4a9e65c3c524d48885a6aae0d2c373f72c4373dfc629bb
train,morocco_earthquake_00000494,morocco_earthquake,strictv1__train__morocco_earthquake_00000494,val,morocco_earthquake,True,8448a65e43d84582fa4865f2a4dd00c788413892fdd990287359d32e9f194d01
train,morocco_earthquake_00000495,morocco_earthquake,strictv1__train__morocco_earthquake_00000495,val,morocco_earthquake,True,01872a9abe34602cee37c35f35a1a4d01197311cd9f0c17a37c67592029b98cb
train,morocco_earthquake_00000501,morocco_earthquake,strictv1__train__morocco_earthquake_00000501,val,morocco_earthquake,True,2ba255de2da5912d35ab47c24bacc171a395a60e1087ee7bc643b53c5194453b
train,morocco_earthquake_00000502,morocco_earthquake,strictv1__train__morocco_earthquake_00000502,val,morocco_earthquake,True,f7933e97db9def5794bfe7779055177967ca2e42207aa652fa9142ca192201bc
train,morocco_earthquake_00000503,morocco_earthquake,strictv1__train__morocco_earthquake_00000503,val,morocco_earthquake,True,2d6c39e64a50e392fc439ea1e97fd4aba5a8309ad674918d23aacbb150a172e0
train,morocco_earthquake_00000510,morocco_earthquake,strictv1__train__morocco_earthquake_00000510,val,morocco_earthquake,True,4bb54ffeb84de5d7401f9415c23db96bfee70ca59448fd33a7038648d8366f41
train,morocco_earthquake_00000511,morocco_earthquake,strictv1__train__morocco_earthquake_00000511,val,morocco_earthquake,True,ebd0e388e9216ddb0413cd9b82ba88e51faeca993a354da8e5f63a927a0f8bef
train,morocco_earthquake_00000512,morocco_earthquake,strictv1__train__morocco_earthquake_00000512,val,morocco_earthquake,True,2c82a5f1efcd7650c1d5af2bbe71bf42508d879de7a74114bfefd29e0197d85c
train,morocco_earthquake_00000518,morocco_earthquake,strictv1__train__morocco_earthquake_00000518,val,morocco_earthquake,True,39416451ca3abca4b1dd2e9d06ddbd55c29c67d6a628307e5733022c81f9bcf0
train,morocco_earthquake_00000524,morocco_earthquake,strictv1__train__morocco_earthquake_00000524,val,morocco_earthquake,True,c913b7c737ce01f9ebc1940256d904fe82ee1f23108a78c1962a671a85b736a3
train,morocco_earthquake_00000527,morocco_earthquake,strictv1__train__morocco_earthquake_00000527,val,morocco_earthquake,True,088f7ff545ebac01c8fb784dc5bcf5ba36e237e59c17f6a3480099797c01e56f
train,morocco_earthquake_00000528,morocco_earthquake,strictv1__train__morocco_earthquake_00000528,val,morocco_earthquake,True,641094f30a02983582439a84b744f6e1af251e9511ffe4c88f4841df2098e9ec
train,morocco_earthquake_00000536,morocco_earthquake,strictv1__train__morocco_earthquake_00000536,val,morocco_earthquake,True,18b0c73ebe79b273311bcc771668012571aa69f427500ce9b148371564790930
train,morocco_earthquake_00000537,morocco_earthquake,strictv1__train__morocco_earthquake_00000537,val,morocco_earthquake,True,19d47d42516f6714c42e4191b6e37acc2d09dd49e1fa29091c6903b62c7772b6
train,morocco_earthquake_00000538,morocco_earthquake,strictv1__train__morocco_earthquake_00000538,val,morocco_earthquake,True,c905d093a68ddc08913b637ceace5382cee84ad6e75214f592a804d21e4182da
train,morocco_earthquake_00000539,morocco_earthquake,strictv1__train__morocco_earthquake_00000539,val,morocco_earthquake,True,0ab211f741acb0ac1139e209d2ff8037aec8498006c853dab711541f00f65611
train,morocco_earthquake_00000540,morocco_earthquake,strictv1__train__morocco_earthquake_00000540,val,morocco_earthquake,True,a82cb8eb6036f50f001dcf6a64913c9233e65b2763d61b37d9455fc7e9109dfe
train,morocco_earthquake_00000541,morocco_earthquake,strictv1__train__morocco_earthquake_00000541,val,morocco_earthquake,True,33da6e2ca8bd0c71d2190e166b46fcd75145872196f8d5449e404a046cfe8d4d
train,morocco_earthquake_00000547,morocco_earthquake,strictv1__train__morocco_earthquake_00000547,val,morocco_earthquake,True,99ed3c83c0e3f4d85cd27d0368b95d58dcaf63a09e3c85d0fd6c17936dc59477
train,morocco_earthquake_00000548,morocco_earthquake,strictv1__train__morocco_earthquake_00000548,val,morocco_earthquake,True,4a792e4c634c645596113194cb24581efde8dd823d118a23a46eb9ad24f2e3a5
train,morocco_earthquake_00000549,morocco_earthquake,strictv1__train__morocco_earthquake_00000549,val,morocco_earthquake,True,9a30c20f2045944c57fccc96a8ca7002bd49cd9de5541a69ff2dc5b5d370af10
train,morocco_earthquake_00000550,morocco_earthquake,strictv1__train__morocco_earthquake_00000550,val,morocco_earthquake,True,1bb902ab60f5795dde4f46a560b0a907e1ac527c7063b8e79e93630a198c0282
train,morocco_earthquake_00000556,morocco_earthquake,strictv1__train__morocco_earthquake_00000556,val,morocco_earthquake,True,ccbe0a94615a7310fc2a57a3e8a335ada422fe8ec4f7a588b1d411e8a5636f6a
train,morocco_earthquake_00000557,morocco_earthquake,strictv1__train__morocco_earthquake_00000557,val,morocco_earthquake,True,7393ee1150ff0c69767d2e6afff01c873d272740869052b6738bf4e75c1c375f
train,morocco_earthquake_00000560,morocco_earthquake,strictv1__train__morocco_earthquake_00000560,val,morocco_earthquake,True,cec1bac6955472f3eefca04b4b48dd91e89eb25effd3184b6cc04848b07601fc
train,morocco_earthquake_00000561,morocco_earthquake,strictv1__train__morocco_earthquake_00000561,val,morocco_earthquake,True,c7779178385bd1c803c9c17688d91b4f33498268ac7f1dec7dd1c57c3e59722f
train,morocco_earthquake_00000562,morocco_earthquake,strictv1__train__morocco_earthquake_00000562,val,morocco_earthquake,True,8370b8293c4bf9d485144847b119f8047bba0ada629592445e245c4ee55444d4
train,morocco_earthquake_00000564,morocco_earthquake,strictv1__train__morocco_earthquake_00000564,val,morocco_earthquake,True,a6316107616682d6033f916f80c934a257492b2548048f4fff1f3616e7bb7e04
train,morocco_earthquake_00000565,morocco_earthquake,strictv1__train__morocco_earthquake_00000565,val,morocco_earthquake,True,28f5b404a6e989c32288d27e1217a5fe0167a2bd298a31c96a8d169d70210aad
train,myanmar_hurricane_00000030,myanmar_hurricane,strictv1__train__myanmar_hurricane_00000030,train,myanmar_hurricane,True,b5ae205ae005a5abcce7f5f6dbbc61a3ed8de628367bb0ca92f2edd33a6a59a9
train,myanmar_hurricane_00000036,myanmar_hurricane,strictv1__train__myanmar_hurricane_00000036,train,myanmar_hurricane,True,be4f5b11c798f02ee420ec1cc1237c5b52260f57fbefea2e53799d06b782bbeb
train,myanmar_hurricane_00000038,myanmar_hurricane,strictv1__train__myanmar_hurricane_00000038,train,myanmar_hurricane,True,11be5a90cac96574e991b512024db00ff1e85c2f87a77e1726a793778547733c
train,myanmar_hurricane_00000039,myanmar_hurricane,strictv1__train__myanmar_hurricane_00000039,train,myanmar_hurricane,True,853627676e089afefb020acc699e485e6fd6e058fb6bedfb39725e21c654c653
train,myanmar_hurricane_00000040,myanmar_hurricane,strictv1__train__myanmar_hurricane_00000040,train,myanmar_hurricane,True,eac3fadf3f41a1f1c0b5bab5da12578f4099ae404630b34025457bb962e89281
train,myanmar_hurricane_00000041,myanmar_hurricane,strictv1__train__myanmar_hurricane_00000041,train,myanmar_hurricane,True,f8abadc68df9579b4281df2bc34f38b11a59041b86ca0b83c3240461e08815ca
train,myanmar_hurricane_00000047,myanmar_hurricane,strictv1__train__myanmar_hurricane_00000047,train,myanmar_hurricane,True,22ed774bd457ff2bc1629ab19d1a603177d0861e1bf834ad6fe872478f190586
train,myanmar_hurricane_00000048,myanmar_hurricane,strictv1__train__myanmar_hurricane_00000048,train,myanmar_hurricane,True,9dfb4853f2f52b356bf8b5b0f5735935f24f87047eb194d557254bfb2ad0dd16
train,myanmar_hurricane_00000049,myanmar_hurricane,strictv1__train__myanmar_hurricane_00000049,train,myanmar_hurricane,True,071cde8da41a19133c9e149ebfe272285cda43c689bcdc8b53e686da6767c1f0
train,myanmar_hurricane_00000051,myanmar_hurricane,strictv1__train__myanmar_hurricane_00000051,train,myanmar_hurricane,True,ad248100f595ecef8238ed3811a8436abe3b6eab63b1235d242818344336577d
train,myanmar_hurricane_00000052,myanmar_hurricane,strictv1__train__myanmar_hurricane_00000052,train,myanmar_hurricane,True,0ca8c43a5a6cf8de2a740b66ab06c240545acd99bde0da797c05093da5989ccd
train,myanmar_hurricane_00000053,myanmar_hurricane,strictv1__train__myanmar_hurricane_00000053,train,myanmar_hurricane,True,e9203a9dbd8d31bcff5d4b70ba5e67f1099baaf1740fada6ff17a866669d60cc
train,myanmar_hurricane_00000055,myanmar_hurricane,strictv1__train__myanmar_hurricane_00000055,train,myanmar_hurricane,True,fcb5b4d5830d8e1e93142f22f71d9f38ff139bd2db78a78d1b5a2cca1fa5091e
train,myanmar_hurricane_00000056,myanmar_hurricane,strictv1__train__myanmar_hurricane_00000056,train,myanmar_hurricane,True,390d22d929bca19300e01566c98ccfdeb60c4787be2f67dd2bdbafacdcc0d2d7
train,myanmar_hurricane_00000057,myanmar_hurricane,strictv1__train__myanmar_hurricane_00000057,train,myanmar_hurricane,True,c3af15b7ec6026121b5426a03fa63d39b52a64053f48fdf0da1ae7ebfff34982
train,myanmar_hurricane_00000059,myanmar_hurricane,strictv1__train__myanmar_hurricane_00000059,train,myanmar_hurricane,True,c7415441579a26f0e6abde831ab3980585039db94095a97e48bf7f93099d67f4
train,myanmar_hurricane_00000060,myanmar_hurricane,strictv1__train__myanmar_hurricane_00000060,train,myanmar_hurricane,True,d8e0dd12ee7871b853241271d4e4cbf0a496f79f09d7f967cc01f069e0494dbd
train,myanmar_hurricane_00000061,myanmar_hurricane,strictv1__train__myanmar_hurricane_00000061,train,myanmar_hurricane,True,a6acfaf360324f117049b444a5535756d272ab7d60b410e2fa84955f7f056119
train,myanmar_hurricane_00000062,myanmar_hurricane,strictv1__train__myanmar_hurricane_00000062,train,myanmar_hurricane,True,f0c3400ff3bf752bb6c57ea85afb3f0089f0019e0f695fb2bf6b0a604299125c
train,myanmar_hurricane_00000064,myanmar_hurricane,strictv1__train__myanmar_hurricane_00000064,train,myanmar_hurricane,True,f81fe04ceb09f82e3166ce4b7f97a23b521c3e4bfd63783ea71eb4e1014674b8
train,myanmar_hurricane_00000066,myanmar_hurricane,strictv1__train__myanmar_hurricane_00000066,train,myanmar_hurricane,True,7ee1056e45b5465d0fb16d4b8ff82107d2400c15d92202463870c224bcc7d94f
train,myanmar_hurricane_00000068,myanmar_hurricane,strictv1__train__myanmar_hurricane_00000068,train,myanmar_hurricane,True,6fe21af270e3b16b3cf949b55fee69adef79b9aa95942d5986d769dd70f3bbc5
train,myanmar_hurricane_00000069,myanmar_hurricane,strictv1__train__myanmar_hurricane_00000069,train,myanmar_hurricane,True,6463d405a35ca36431e123d7d4dc498e687e3b8a1543748a527b51f7fd177aed
train,myanmar_hurricane_00000070,myanmar_hurricane,strictv1__train__myanmar_hurricane_00000070,train,myanmar_hurricane,True,43c65ec51c204866fc2de66efe2d9da3a3304e98aeb07b3c333ec975d5e8254a
train,myanmar_hurricane_00000072,myanmar_hurricane,strictv1__train__myanmar_hurricane_00000072,train,myanmar_hurricane,True,3ec3e0443a8dd327d90cecee5d08961cc3bc251d372976dc4fb30b30092d420c
train,myanmar_hurricane_00000073,myanmar_hurricane,strictv1__train__myanmar_hurricane_00000073,train,myanmar_hurricane,True,0ded42c15e1922c09ca2a5781df1362c76933e07cc229b20d273a590c81bf17d
train,myanmar_hurricane_00000074,myanmar_hurricane,strictv1__train__myanmar_hurricane_00000074,train,myanmar_hurricane,True,6efca1cd7c94071226dfcf624f429c1183c13ee5f15bd90bbc8d50c19df222ca
train,myanmar_hurricane_00000076,myanmar_hurricane,strictv1__train__myanmar_hurricane_00000076,train,myanmar_hurricane,True,c98668a96fe1a572045736a5c37c018ccb06b3f62c0eeb57a81c1c10851c1b41
train,myanmar_hurricane_00000078,myanmar_hurricane,strictv1__train__myanmar_hurricane_00000078,train,myanmar_hurricane,True,eabf6a8e198644f3924de07a75f83acddb8337b724afd8287a7fbada5b583044
train,myanmar_hurricane_00000080,myanmar_hurricane,strictv1__train__myanmar_hurricane_00000080,train,myanmar_hurricane,True,f138920e182c7ae731783d812fbf2537d98feb64a668a2c45e6946deeb79fe44
train,myanmar_hurricane_00000081,myanmar_hurricane,strictv1__train__myanmar_hurricane_00000081,train,myanmar_hurricane,True,acd0fa449844b0e1c17d4509d699e1f95a8fe9e065d2a1ab65db95c03dfee986
train,myanmar_hurricane_00000082,myanmar_hurricane,strictv1__train__myanmar_hurricane_00000082,train,myanmar_hurricane,True,31ba20de47e43c120f3479186947de665a0c2e1880631988aff2614f5393544b
train,myanmar_hurricane_00000083,myanmar_hurricane,strictv1__train__myanmar_hurricane_00000083,train,myanmar_hurricane,True,ba78cc09aff0706abf72c76f65dc53148b5cfb050a315c7f796f78575f74bc05
train,myanmar_hurricane_00000085,myanmar_hurricane,strictv1__train__myanmar_hurricane_00000085,train,myanmar_hurricane,True,7735b4b9d10a1db5acc10171271ac37835d019ff8a6c8a638d3974e432c796a6
train,myanmar_hurricane_00000086,myanmar_hurricane,strictv1__train__myanmar_hurricane_00000086,train,myanmar_hurricane,True,6039674a71b384b97c47199709b96ffddd329f43c97328b51645fdb5f0f6554b
train,myanmar_hurricane_00000087,myanmar_hurricane,strictv1__train__myanmar_hurricane_00000087,train,myanmar_hurricane,True,237990e68b1d613dbb7f2698bac973410eb09f8f6f6f90fcaaa6f854abef1944
train,myanmar_hurricane_00000089,myanmar_hurricane,strictv1__train__myanmar_hurricane_00000089,train,myanmar_hurricane,True,6fd0651dbcca8080f0ea9bb4b13fa2fbb1aca03cf004b5355727d4174de0bbd2
train,myanmar_hurricane_00000091,myanmar_hurricane,strictv1__train__myanmar_hurricane_00000091,train,myanmar_hurricane,True,534af326bc5f6188316ce5c22584fddba270321f9e02b6af9df243a32ce47bb7
train,myanmar_hurricane_00000093,myanmar_hurricane,strictv1__train__myanmar_hurricane_00000093,train,myanmar_hurricane,True,3f25506bed82c80c94e794dceb2f35bc4021413e0b974ad04b1fbace75bc1a69
train,myanmar_hurricane_00000094,myanmar_hurricane,strictv1__train__myanmar_hurricane_00000094,train,myanmar_hurricane,True,2cd4067e2995ed7b202419aff8e002a6a40f2c882e2a256c463b312cbf34f4fd
train,myanmar_hurricane_00000095,myanmar_hurricane,strictv1__train__myanmar_hurricane_00000095,train,myanmar_hurricane,True,caeafafabc13fdda3b6f52e4a0fc212d5f078bbdc6dc74248d8397a2d8caef13
train,myanmar_hurricane_00000097,myanmar_hurricane,strictv1__train__myanmar_hurricane_00000097,train,myanmar_hurricane,True,e39f595fee53781ae8c878e3e0652a3482ca3fab2f576c4546e2edd635d9ff2c
train,myanmar_hurricane_00000098,myanmar_hurricane,strictv1__train__myanmar_hurricane_00000098,train,myanmar_hurricane,True,a33ef3a1a0af4aeb2b2aaf4d53449e57fad86c3c2689afa26c19916e8ec40d8f
train,myanmar_hurricane_00000099,myanmar_hurricane,strictv1__train__myanmar_hurricane_00000099,train,myanmar_hurricane,True,78758444918cbb9d4b7d177b549e469b1698ab5c0006131ea0240bcd34edaa70
train,myanmar_hurricane_00000101,myanmar_hurricane,strictv1__train__myanmar_hurricane_00000101,train,myanmar_hurricane,True,7297571e96e40b200c90a9e458797c95c91c59f9bdb6c3a94023aab7a9b6ab29
train,myanmar_hurricane_00000102,myanmar_hurricane,strictv1__train__myanmar_hurricane_00000102,train,myanmar_hurricane,True,dbc29df8a298e51e8f61309c66a27d494f03b4ebbcd35211df8c01fac3623517
train,myanmar_hurricane_00000103,myanmar_hurricane,strictv1__train__myanmar_hurricane_00000103,train,myanmar_hurricane,True,59f8a94c1e20232eee8a25db3b4cc4dc2d2c71a3fe56863cb4328420d7f16bb2
train,myanmar_hurricane_00000104,myanmar_hurricane,strictv1__train__myanmar_hurricane_00000104,train,myanmar_hurricane,True,2808d960978eaa886084c59eb02f9d80d27d28904f74532344e6d62db05271ee
train,myanmar_hurricane_00000106,myanmar_hurricane,strictv1__train__myanmar_hurricane_00000106,train,myanmar_hurricane,True,525e0da3884a836605ef89e3095a47c20eb19cad6b5af78a64fa399dfdd42f58
train,myanmar_hurricane_00000107,myanmar_hurricane,strictv1__train__myanmar_hurricane_00000107,train,myanmar_hurricane,True,44a0ed10e5b5e4cd4d7163c171dd0f16be24329e57f0e2648e551cae10f2149d
train,myanmar_hurricane_00000108,myanmar_hurricane,strictv1__train__myanmar_hurricane_00000108,train,myanmar_hurricane,True,2ddb573c1aec034f62fa11fc904aa6ad5b1d1153dcfc28d059c6ea39d135d667
train,myanmar_hurricane_00000111,myanmar_hurricane,strictv1__train__myanmar_hurricane_00000111,train,myanmar_hurricane,True,d015f7c92b58dc5fdf46948742ac20053063e3a9b515a92436b9325c693ac004
train,myanmar_hurricane_00000112,myanmar_hurricane,strictv1__train__myanmar_hurricane_00000112,train,myanmar_hurricane,True,e6423197e472baeb37ef03a8864608139f2f1df9451f2b16ccbde75ac6d1afc6
train,myanmar_hurricane_00000114,myanmar_hurricane,strictv1__train__myanmar_hurricane_00000114,train,myanmar_hurricane,True,6caf4ab888cae3f9f74d57a7255e4d6a472ed84d6bddbc46dcb33d9754af3dd8
train,myanmar_hurricane_00000115,myanmar_hurricane,strictv1__train__myanmar_hurricane_00000115,train,myanmar_hurricane,True,b7afe1f09d73873dbd1ffed87a6829f2ba414c26253578c15ccf24ce5732216f
train,myanmar_hurricane_00000116,myanmar_hurricane,strictv1__train__myanmar_hurricane_00000116,train,myanmar_hurricane,True,4634e88c04f0132da3d3323ea4b413cd119abcd7bc4d456b47e9c09b35dfc5ff
train,myanmar_hurricane_00000118,myanmar_hurricane,strictv1__train__myanmar_hurricane_00000118,train,myanmar_hurricane,True,c2b26261368f941ef56fff38c2268c1b8f68e2782626b727699b873a5887bb74
train,myanmar_hurricane_00000119,myanmar_hurricane,strictv1__train__myanmar_hurricane_00000119,train,myanmar_hurricane,True,9ec41fea680b1c918b51e72ca98bc1f5a54a80f5046a4858c8c2bdc8a816056f
train,myanmar_hurricane_00000122,myanmar_hurricane,strictv1__train__myanmar_hurricane_00000122,train,myanmar_hurricane,True,0034768ab311fc5610048db02444fed0e87b215f8e9f9109865a68ec63cd5f68
train,spain_volcano_00000002,spain_volcano,strictv1__train__la_palma_volcano_00000002,train,spain_la_palma_volcano,False,ce9b4f279d9230e5a4779f532178106bcfc864adc31720d0fbadf3921f8aedac
train,spain_volcano_00000003,spain_volcano,strictv1__train__la_palma_volcano_00000003,train,spain_la_palma_volcano,False,f02b0c0d4a9453b17c3992b5fa5f26b6af0bf52e981658f62ab2616be4071657
train,spain_volcano_00000004,spain_volcano,strictv1__train__la_palma_volcano_00000004,train,spain_la_palma_volcano,False,ecf12c92e26f07afe5f71eb37813ddbd412a705534ec5c7fca1d2ba98b2cd560
train,spain_volcano_00000005,spain_volcano,strictv1__train__la_palma_volcano_00000005,train,spain_la_palma_volcano,False,bde796d1a2bba51806428b66db98e8d641ab60f817d77096bb62f265f73b308f
train,spain_volcano_00000006,spain_volcano,strictv1__train__la_palma_volcano_00000006,train,spain_la_palma_volcano,False,5d310b22f941f79c78dd94ab3fcf3731bec618690d32510792d1f9338c0edf7c
train,spain_volcano_00000007,spain_volcano,strictv1__train__la_palma_volcano_00000007,train,spain_la_palma_volcano,False,c0d81497c67062dc32da5d61ef3ce3e079fb398f6afa8d394cf96c4b87d2b2cc
train,spain_volcano_00000008,spain_volcano,strictv1__train__la_palma_volcano_00000008,train,spain_la_palma_volcano,False,2e8c396fa434aa65f3920df5d9a1f08c0308c89b69958f6c53fd6af3a11fa02d
train,spain_volcano_00000011,spain_volcano,strictv1__train__spain_volcano_00000011,train,spain_la_palma_volcano,True,3bec783a3af03b34a44949c29e325fd2677faa98b68b8b7674b3f92385e36e0c
train,spain_volcano_00000012,spain_volcano,strictv1__train__la_palma_volcano_00000012,train,spain_la_palma_volcano,False,2f3b599afaa5d9e29900e926f3e75f98fb8a16d3a64ac7934977c79139d5bf2f
train,spain_volcano_00000013,spain_volcano,strictv1__train__la_palma_volcano_00000013,train,spain_la_palma_volcano,False,83d2f899a0b6fac6a9a67b8fa34a1ce5124980d7ccf75595e4ddb0527041528e
train,spain_volcano_00000014,spain_volcano,strictv1__train__la_palma_volcano_00000014,train,spain_la_palma_volcano,False,04a570744b1a88109d9cea17d9a3b6913604cd80773cbb71e122bbc4785621c8
train,spain_volcano_00000015,spain_volcano,strictv1__train__la_palma_volcano_00000015,train,spain_la_palma_volcano,False,4c2a6ea9ef5273863e2c7189eb84d7cfb9ebc4450064a2eb411fcc320538c8c1
train,spain_volcano_00000016,spain_volcano,strictv1__train__la_palma_volcano_00000016,train,spain_la_palma_volcano,False,d963d95d3cd2324f8f05bdc0f44777e73e06062a439c203525f7c99a2615c4de
train,spain_volcano_00000017,spain_volcano,strictv1__train__la_palma_volcano_00000017,train,spain_la_palma_volcano,False,6810440b77a9126cddb2f3c9c54130a33c1b22a4b5a7d10e1985172189765b72
train,spain_volcano_00000018,spain_volcano,strictv1__train__la_palma_volcano_00000018,train,spain_la_palma_volcano,False,1cf9513f234f2a30025faf50a10bc25d7b2a5e63a5a52165375f3dea038084a8
train,spain_volcano_00000019,spain_volcano,strictv1__train__la_palma_volcano_00000019,train,spain_la_palma_volcano,False,96d669043085fd4d69fc228488e6a8483a9cecd6b3fd5763517ad9b01259f2d5
train,spain_volcano_00000020,spain_volcano,strictv1__train__spain_volcano_00000020,train,spain_la_palma_volcano,True,929d124a1bb125d528ff62707b432f576b4999db9ebe6f1dbce8df9c09fdcb5c
train,spain_volcano_00000021,spain_volcano,strictv1__train__la_palma_volcano_00000021,train,spain_la_palma_volcano,False,a67d9a616ca9f608e9fda55cf3256e0fa7a28860bc7b2d721d918cd2d4c37821
train,spain_volcano_00000022,spain_volcano,strictv1__train__la_palma_volcano_00000022,train,spain_la_palma_volcano,False,20861e07ea34fa0a8ce54ea7ea962ed7150473590229ca6111e588c89f71b2ea
train,spain_volcano_00000023,spain_volcano,strictv1__train__la_palma_volcano_00000023,train,spain_la_palma_volcano,False,e1fad53758583db274da0f36cba60544e2d00d43335d9f023f7965ae17d0630c
train,spain_volcano_00000024,spain_volcano,strictv1__train__la_palma_volcano_00000024,train,spain_la_palma_volcano,False,420e35cf5373ccec29bd809e2c2fdbfc25120cf71857905ed906f7eb7d16288c
train,spain_volcano_00000025,spain_volcano,strictv1__train__la_palma_volcano_00000025,train,spain_la_palma_volcano,False,137f705d51754f3c6b97c6808e3e27d7b0f55e5159d0d03ed9593dceed6eafc4
train,spain_volcano_00000026,spain_volcano,strictv1__train__la_palma_volcano_00000026,train,spain_la_palma_volcano,False,f2a19328f60b9defbfdd0a7234139ee51b0b377cad25806a58bf6fe2ef54925e
train,spain_volcano_00000027,spain_volcano,strictv1__train__la_palma_volcano_00000027,train,spain_la_palma_volcano,False,984ccf71ea7066f55a84505723d2efb2fd67d49ece3a68e252f07c35c2c5cfbe
train,spain_volcano_00000028,spain_volcano,strictv1__train__la_palma_volcano_00000028,train,spain_la_palma_volcano,False,40bfc371290e4a65df8361c0402bdfc64c235cd53790c3ca4c8ef7400bc5eb91
train,spain_volcano_00000029,spain_volcano,strictv1__train__spain_volcano_00000029,train,spain_la_palma_volcano,True,70a5a70a3a0c2c8279eeafd0de94d0eb57a22f2d5cb665517b86aa7d728f0ead
train,spain_volcano_00000030,spain_volcano,strictv1__train__la_palma_volcano_00000030,train,spain_la_palma_volcano,False,4f4442ad6ae0b284024852d544514b9af6f77a826fab2af38c81703c6ef25753
train,spain_volcano_00000035,spain_volcano,strictv1__train__la_palma_volcano_00000035,train,spain_la_palma_volcano,False,2a3d008ce9c14bf28214694fad51e5a01937dbcaee1fd3237615b5a17892b794
train,spain_volcano_00000037,spain_volcano,strictv1__train__spain_volcano_00000037,train,spain_la_palma_volcano,True,e2d396476bcd6fc51395c47c41110e18a6be27e0318c1328cca0a0a4f937d4f6
train,spain_volcano_00000038,spain_volcano,strictv1__train__la_palma_volcano_00000038,train,spain_la_palma_volcano,False,c60f177a313d4dcf026dac48029f52ec0335bcbe9d34eff5d1c6b71627018fb9
train,spain_volcano_00000039,spain_volcano,strictv1__train__spain_volcano_00000039,train,spain_la_palma_volcano,True,5beea3b3d7e409f2dacde8600d40708ae3c85909e97480e8081a1ea072408f74
train,spain_volcano_00000040,spain_volcano,strictv1__train__la_palma_volcano_00000040,train,spain_la_palma_volcano,False,63ee3caa7c8b42fee0bcc0951f92544be25b471eb87a8427cb8d5b780181dd29
train,spain_volcano_00000041,spain_volcano,strictv1__train__la_palma_volcano_00000041,train,spain_la_palma_volcano,False,221ab5e0b31235578ae8917345b17e3e00db9b135440c3f0b4ee1f83f5d98771
train,spain_volcano_00000042,spain_volcano,strictv1__train__la_palma_volcano_00000042,train,spain_la_palma_volcano,False,beac05c058a9592efd65cfc52e48fced1c9312644baf2d6a026490ef94f4c289
train,spain_volcano_00000043,spain_volcano,strictv1__train__la_palma_volcano_00000043,train,spain_la_palma_volcano,False,11cac1a6a827752118a1e89eeb224547e9cb182ef4b05d3e3ec11b333ab9a839
train,spain_volcano_00000044,spain_volcano,strictv1__train__la_palma_volcano_00000044,train,spain_la_palma_volcano,False,dff5a78299d77cd4885fe05c6bb947bec693983a89046bb2c582a14d442e1b93
train,spain_volcano_00000045,spain_volcano,strictv1__train__la_palma_volcano_00000045,train,spain_la_palma_volcano,False,893838e8ced1ba7fac781e31667b5cb65f409135c9cb3b37efbb730e605765b3
train,spain_volcano_00000046,spain_volcano,strictv1__train__la_palma_volcano_00000046,train,spain_la_palma_volcano,False,a2e1aad437fa981fb58a8d4cb457f8c07ee3407d87d7477e1135372c2fdb410c
train,spain_volcano_00000047,spain_volcano,strictv1__train__spain_volcano_00000047,train,spain_la_palma_volcano,True,6cdeb4f24e2435ee60fb335496e87b050ffe4e46035910bbdab6957ae81b97ac
train,spain_volcano_00000048,spain_volcano,strictv1__train__la_palma_volcano_00000048,train,spain_la_palma_volcano,False,f88f7c6f2d8028a8dc05151f6aee03f5dcff6d5098f95df6b8c5fb2c9da0e1d7
train,spain_volcano_00000049,spain_volcano,strictv1__train__la_palma_volcano_00000049,train,spain_la_palma_volcano,False,97fc24625e6e6336f098391c145771e54a4862e51d9572759be2e7119c40f17d
train,spain_volcano_00000050,spain_volcano,strictv1__train__la_palma_volcano_00000050,train,spain_la_palma_volcano,False,70b31352ece59218de5dc06ec9095142a9e4e8d5aa020411b8733d392cc2cb8b
train,spain_volcano_00000051,spain_volcano,strictv1__train__la_palma_volcano_00000051,train,spain_la_palma_volcano,False,cbb25441db05ff4894d69684c49be5e8c869d7aba89ad2c0ed28ed1d227c7782
train,spain_volcano_00000052,spain_volcano,strictv1__train__la_palma_volcano_00000052,train,spain_la_palma_volcano,False,9ed3db8bd640c5d8e68b0a06e9a74d1639cb8f86943e6306419b71cb96e537dd
train,spain_volcano_00000053,spain_volcano,strictv1__train__la_palma_volcano_00000053,train,spain_la_palma_volcano,False,e34ddff6f43ea1f123aabb71ed4b62d663bc4af077ffcd19fdea91a7c643f74b
train,spain_volcano_00000054,spain_volcano,strictv1__train__la_palma_volcano_00000054,train,spain_la_palma_volcano,False,d81ee522ee64e16e09d70b4aed74ee41b0f631beaac03fa45c4e19fe807c331a
train,spain_volcano_00000055,spain_volcano,strictv1__train__la_palma_volcano_00000055,train,spain_la_palma_volcano,False,edac02c46a033bc597f6ff6841bf7b206e305f65497431d797b1fdbb5783e8b9
train,spain_volcano_00000056,spain_volcano,strictv1__train__spain_volcano_00000056,train,spain_la_palma_volcano,True,f64433bd517488cce0355421a830b8d84fd3d4b841be27ef3d8d03cba15a7ee6
train,spain_volcano_00000057,spain_volcano,strictv1__train__la_palma_volcano_00000057,train,spain_la_palma_volcano,False,0b5d3f48743eb2395c7021777ae3619a700a2b83783118dd9f485cb655f2b357
train,spain_volcano_00000058,spain_volcano,strictv1__train__la_palma_volcano_00000058,train,spain_la_palma_volcano,False,a56bb5e4a1efebac06d88e6cf57217e6bf52b33fb0f36687db41d0347eed3007
train,spain_volcano_00000059,spain_volcano,strictv1__train__la_palma_volcano_00000059,train,spain_la_palma_volcano,False,104f1299e238eae671941d905af7d63092c4626bb1f3abb00e69707a34d803a2
train,spain_volcano_00000060,spain_volcano,strictv1__train__la_palma_volcano_00000060,train,spain_la_palma_volcano,False,469edffd9ef5659430553d79dcd7d9c86fc81737594f4033759e3bcd3059789a
train,spain_volcano_00000061,spain_volcano,strictv1__train__la_palma_volcano_00000061,train,spain_la_palma_volcano,False,06c2654272cc637556c59bfe5d33fd928c312039fb2097e4e2e123df4deef6f0
train,spain_volcano_00000064,spain_volcano,strictv1__train__la_palma_volcano_00000064,train,spain_la_palma_volcano,False,db1fa325760827718d52a0711df6f3aedba5be64141e6b05a4c3c099a94ab231
train,spain_volcano_00000065,spain_volcano,strictv1__train__spain_volcano_00000065,train,spain_la_palma_volcano,True,cf4c0fcbc8ed64b6b40fc81edc888523842bc7c5f0b16bfc8ceaa60e8a713d12
train,spain_volcano_00000066,spain_volcano,strictv1__train__la_palma_volcano_00000066,train,spain_la_palma_volcano,False,2b92cb2e00a4172226e25112ce2c1e781873892dcc2c6b0c4e11045b6394adc3
train,spain_volcano_00000067,spain_volcano,strictv1__train__la_palma_volcano_00000067,train,spain_la_palma_volcano,False,3939a6fb1d6c80d84482b3d3220a030ac8bc21c5e20e4af6914d431a13c8980d
train,spain_volcano_00000068,spain_volcano,strictv1__train__la_palma_volcano_00000068,train,spain_la_palma_volcano,False,ec6b6b3f5e11bbbb9ef4379b59070a04c4a8f7b825c705406549fcb9c0cc02d5
train,spain_volcano_00000069,spain_volcano,strictv1__train__la_palma_volcano_00000069,train,spain_la_palma_volcano,False,fd2709489c1fbca2131fc82e0bc26bc038fc49d1346661f6a4bdfa27b2763ed3
train,spain_volcano_00000071,spain_volcano,strictv1__train__la_palma_volcano_00000071,train,spain_la_palma_volcano,False,4fe6924f805744d1336603dd2190b249c95ccf1f80fac19f59cfcbd263df7d65
train,spain_volcano_00000072,spain_volcano,strictv1__train__la_palma_volcano_00000072,train,spain_la_palma_volcano,False,40ee18c27417b977b607e2b7bc93c39b0792ae7da180aefc00aff01fe3af47b2
train,spain_volcano_00000076,spain_volcano,strictv1__train__la_palma_volcano_00000076,train,spain_la_palma_volcano,False,92f75ad9eb75a372cd6fdfdec159cd71bf6b4ce87768c1a22e1fd47912ad397e
train,spain_volcano_00000077,spain_volcano,strictv1__train__la_palma_volcano_00000077,train,spain_la_palma_volcano,False,21456f42991646b9652ae5d661a00f47c77bd0273de55961e156d831a6b480e6
train,spain_volcano_00000078,spain_volcano,strictv1__train__la_palma_volcano_00000078,train,spain_la_palma_volcano,False,7101a8cbde0b856d52c6e000362fb1dfb47ed5ad143af85f217f7cff9c15f0a9
train,spain_volcano_00000079,spain_volcano,strictv1__train__la_palma_volcano_00000079,train,spain_la_palma_volcano,False,c45179b470ab16c9323a67b7a68bd0243d57c26555d215f8def632224bb8d13b
train,spain_volcano_00000080,spain_volcano,strictv1__train__la_palma_volcano_00000080,train,spain_la_palma_volcano,False,896b8deb085b6b4e5050c0a29432b0ced6c65278fa4f81526bccdec0fab6778d
train,spain_volcano_00000081,spain_volcano,strictv1__train__la_palma_volcano_00000081,train,spain_la_palma_volcano,False,e943531fbc4a1cce8b3c1df43019cb22958ced2af94640ede1fe2a9d46a1adf0
train,spain_volcano_00000082,spain_volcano,strictv1__train__la_palma_volcano_00000082,train,spain_la_palma_volcano,False,e086863998ab2ab6da92e58c54715b3946dee50b831b8e2407143da69d06cda9
train,spain_volcano_00000083,spain_volcano,strictv1__train__spain_volcano_00000083,train,spain_la_palma_volcano,True,cdbad4abbeef2988142affa408061da6f865b3a734cbfa30a05d0e37f21102ab
train,spain_volcano_00000084,spain_volcano,strictv1__train__la_palma_volcano_00000084,train,spain_la_palma_volcano,False,dcbf87e08c65966a9aa881988440d88a71e441938a4e42cb24c2383fc111aaaf
train,spain_volcano_00000085,spain_volcano,strictv1__train__la_palma_volcano_00000085,train,spain_la_palma_volcano,False,8427f81e2961ceefa00e15215fe9d358c39c99d925bbd364a8c45382cfbcb17c
train,spain_volcano_00000086,spain_volcano,strictv1__train__la_palma_volcano_00000086,train,spain_la_palma_volcano,False,cb3d65d5e9a1bd96392ecc62c9e72d3829df075d290b5ea4059b0019e06dd904
train,spain_volcano_00000087,spain_volcano,strictv1__train__la_palma_volcano_00000087,train,spain_la_palma_volcano,False,5d1f9f63372546dcbb79d653271166bf48a08e3e588c652ca85008ae14414ad0
train,spain_volcano_00000088,spain_volcano,strictv1__train__la_palma_volcano_00000088,train,spain_la_palma_volcano,False,b4b6c25d1c0629be9d39bcc45ee04e277904d367188e904e14eb66d9f29cd79a
train,spain_volcano_00000089,spain_volcano,strictv1__train__la_palma_volcano_00000089,train,spain_la_palma_volcano,False,273f923bcdc888827fa39d4f9e83215ba36b9ad8f6729a854b226759a872ad75
train,spain_volcano_00000090,spain_volcano,strictv1__train__la_palma_volcano_00000090,train,spain_la_palma_volcano,False,fc819ac6ee7a3b68fb30e424ddb63392edb82e8b42dee364898f7b1464c42f55
train,spain_volcano_00000091,spain_volcano,strictv1__train__spain_volcano_00000091,train,spain_la_palma_volcano,True,27defb837fde624648c7f25f0d20524baa2c2bf5588254aa8dcbbee435b259aa
train,spain_volcano_00000092,spain_volcano,strictv1__train__la_palma_volcano_00000092,train,spain_la_palma_volcano,False,0df7ca2f6de19f306ef1130b4617b8f23561c1b13c24ce3e03fc0c4a94a6b399
train,spain_volcano_00000095,spain_volcano,strictv1__train__la_palma_volcano_00000095,train,spain_la_palma_volcano,False,323c6f8ef114b32316bad69c1bf32142d66cbc960d8f9ffecab4aaf5acb28b7b
train,spain_volcano_00000096,spain_volcano,strictv1__train__la_palma_volcano_00000096,train,spain_la_palma_volcano,False,2ef635570bac072dc1b34354b64a2b5783082e19cc45acaffd2daabe7d00dc18
train,spain_volcano_00000097,spain_volcano,strictv1__train__la_palma_volcano_00000097,train,spain_la_palma_volcano,False,0004377a65726769f2ed739972f36d8523656dc12f7b86b5631a2fef39c6e850
train,spain_volcano_00000098,spain_volcano,strictv1__train__la_palma_volcano_00000098,train,spain_la_palma_volcano,False,b57a051679dc7c73061165e9cc0aea6ca729bcfadf55b1f5af669d7a0f9444be
train,spain_volcano_00000099,spain_volcano,strictv1__train__la_palma_volcano_00000099,train,spain_la_palma_volcano,False,552c62ada695887500a2eed33ca18c2b76de02a108d9d000023b6150b79dd133
train,spain_volcano_00000100,spain_volcano,strictv1__train__spain_volcano_00000100,train,spain_la_palma_volcano,True,304f39c0b7294f846817b92f08bbb06bc86b05a84c474e8e88d5c1d6f7feef2f
train,spain_volcano_00000101,spain_volcano,strictv1__train__la_palma_volcano_00000101,train,spain_la_palma_volcano,False,d118ed8e5e1a05857a62ed8c4083e132ff8ec833f989f3db645e061ac850d0f8
train,spain_volcano_00000102,spain_volcano,strictv1__train__la_palma_volcano_00000102,train,spain_la_palma_volcano,False,65d994070f2d303b4fbd050dd3c0645330923652c11b12e3409afb1b38b73b94
train,spain_volcano_00000103,spain_volcano,strictv1__train__la_palma_volcano_00000103,train,spain_la_palma_volcano,False,65beafd58b747b1dc2c7b1b4b509cf806dac2fa1893a3f444bea6de59a178adb
train,spain_volcano_00000104,spain_volcano,strictv1__train__la_palma_volcano_00000104,train,spain_la_palma_volcano,False,ff38bb087e35a513916f595f158ae53835566cb8d1d34a00c452e5771e76c412
train,spain_volcano_00000105,spain_volcano,strictv1__train__la_palma_volcano_00000105,train,spain_la_palma_volcano,False,c61e0dfbee0c7549120ff8915a7726fc202c87f05944ab2dc3423f0bc7143108
train,spain_volcano_00000106,spain_volcano,strictv1__train__la_palma_volcano_00000106,train,spain_la_palma_volcano,False,5dd9024706d06028bbc13722dc19a440265f8b3cef377736bbc103d3bca1410c
train,spain_volcano_00000108,spain_volcano,strictv1__train__la_palma_volcano_00000108,train,spain_la_palma_volcano,False,a9100db43926e4437794e78081eed1ae2d722f74b6dc146f6a918891283de6e4
train,spain_volcano_00000109,spain_volcano,strictv1__train__spain_volcano_00000109,train,spain_la_palma_volcano,True,6e8114291f03f76c6ea132958a2d5e02bad5015bc920561bea6e63d10595dff2
train,spain_volcano_00000111,spain_volcano,strictv1__train__la_palma_volcano_00000111,train,spain_la_palma_volcano,False,33ee4c84309fcfefa99676760186782eb93e2bfdbd5c1de75c9c15d43a755a7e
train,spain_volcano_00000115,spain_volcano,strictv1__train__la_palma_volcano_00000115,train,spain_la_palma_volcano,False,d637763460f70ef3ce486186fa06a3941a31c51128937c177b72bcafaacc6597
train,spain_volcano_00000116,spain_volcano,strictv1__train__la_palma_volcano_00000116,train,spain_la_palma_volcano,False,df62fe8bbcc94c6352d7c6003e31e97e340a1e1a7d4eeeed5143b539b539a71d
train,spain_volcano_00000117,spain_volcano,strictv1__train__la_palma_volcano_00000117,train,spain_la_palma_volcano,False,fa9360b947e50b96fc98dc75b1388af5d3b56a1be41656af96378057dd997251
train,spain_volcano_00000118,spain_volcano,strictv1__train__spain_volcano_00000118,train,spain_la_palma_volcano,True,28723017246ec83fdf7274febb04234cb656606adec0a54b8c87d8586d6f48bc
train,spain_volcano_00000119,spain_volcano,strictv1__train__la_palma_volcano_00000119,train,spain_la_palma_volcano,False,eb6db19218717d0384641198582dfa49b8ad7de19c8ac13319c69366e767ba4a
train,spain_volcano_00000120,spain_volcano,strictv1__train__la_palma_volcano_00000120,train,spain_la_palma_volcano,False,b0547d573ec48a2df1849767321583cd8b0967227b172e9d5183e2727ba99acd
train,spain_volcano_00000121,spain_volcano,strictv1__train__la_palma_volcano_00000121,train,spain_la_palma_volcano,False,3d3db6001fa585c5baa4d133cb4320e2b3e3388f96b1cc7bb31be0f1cbeced89
train,spain_volcano_00000122,spain_volcano,strictv1__train__la_palma_volcano_00000122,train,spain_la_palma_volcano,False,3e4c7a845fb31d99bfed0fb893ebf445d3c34d34a4d5949bbe4aff3d55929215
train,spain_volcano_00000123,spain_volcano,strictv1__train__la_palma_volcano_00000123,train,spain_la_palma_volcano,False,13ebed859b1c6071cb5cb55801a2eec05187be66b529bca6357668abdb240e82
train,spain_volcano_00000126,spain_volcano,strictv1__train__la_palma_volcano_00000126,train,spain_la_palma_volcano,False,1602e0e4e0a90e2c6d5d1d74f49f60272e5d6e3b33ab453d1a211d069ee0226c
train,spain_volcano_00000127,spain_volcano,strictv1__train__spain_volcano_00000127,train,spain_la_palma_volcano,True,fcdb97efab06965bd78903383ed00134f5e2596df6c9e1df010883df9d8735c9
train,spain_volcano_00000128,spain_volcano,strictv1__train__la_palma_volcano_00000128,train,spain_la_palma_volcano,False,82fbb59f0bca4ba1c06621e84a918d0dc3b7f5d72f68c1793ae5350d96a72d5b
train,spain_volcano_00000129,spain_volcano,strictv1__train__la_palma_volcano_00000129,train,spain_la_palma_volcano,False,79921a465933b16a8db6e7e9291819e9f4fcbde2719f866b7cb5beddd1fe44b1
train,spain_volcano_00000130,spain_volcano,strictv1__train__la_palma_volcano_00000130,train,spain_la_palma_volcano,False,505ef832f34f3602542eaa8ce7bebb3432a8ebf07f0ec907f0238fb019bfe853
train,spain_volcano_00000131,spain_volcano,strictv1__train__la_palma_volcano_00000131,train,spain_la_palma_volcano,False,914c8c97e522c93f9ce97aedc71f030f27d46383709c51968dbc79f0bb16748d
train,spain_volcano_00000132,spain_volcano,strictv1__train__la_palma_volcano_00000132,train,spain_la_palma_volcano,False,3a7acf0249542e80f27b7281d4b3f0ca1916c8c66ee4222b4795feabd5c4a788
train,spain_volcano_00000133,spain_volcano,strictv1__train__la_palma_volcano_00000133,train,spain_la_palma_volcano,False,124412f67216eb45fba6b0f3a83cf1175774be807f3eace33373e32bc0f06d7c
train,spain_volcano_00000134,spain_volcano,strictv1__train__la_palma_volcano_00000134,train,spain_la_palma_volcano,False,20fdb603ed38e635fdd2e1c5eb0e5b827e3ffa55db017388be9725e8d731a5e3
train,spain_volcano_00000135,spain_volcano,strictv1__train__spain_volcano_00000135,train,spain_la_palma_volcano,True,c73523e924802202b4c849811a9dac64cbd24937c11d039125e3c9929a2f1645
train,spain_volcano_00000136,spain_volcano,strictv1__train__la_palma_volcano_00000136,train,spain_la_palma_volcano,False,e08f76979337e9b962126153632756166713fab53ebe6726ac1d5d73bdde39e9
train,spain_volcano_00000137,spain_volcano,strictv1__train__la_palma_volcano_00000137,train,spain_la_palma_volcano,False,cd1d511222ca55b0573612681bcf01775ec896b33536c3219614ea5f9c72c9d2
train,spain_volcano_00000138,spain_volcano,strictv1__train__la_palma_volcano_00000138,train,spain_la_palma_volcano,False,6757a1daa54985ce38f1781fedefe658cfe9230e5b5ed452eb02f42a02a136cc
train,spain_volcano_00000139,spain_volcano,strictv1__train__la_palma_volcano_00000139,train,spain_la_palma_volcano,False,cadbfd82af852ba9f26959361142bef7296ad8efd037f267120f9462629b47cd
train,spain_volcano_00000140,spain_volcano,strictv1__train__la_palma_volcano_00000140,train,spain_la_palma_volcano,False,80ca27bf55a68de7c122b473e9f9b13cffc447b2c0db3d83de8a6ba3b9d82852
train,spain_volcano_00000141,spain_volcano,strictv1__train__la_palma_volcano_00000141,train,spain_la_palma_volcano,False,5d9b2ad496811a81cd23a92d5c5cc4f46e9359632d9d1d2928137fee2d8602b1
train,spain_volcano_00000142,spain_volcano,strictv1__train__la_palma_volcano_00000142,train,spain_la_palma_volcano,False,c343d6736f05b64dde4db2edbf68dc4f1174b5c5b6156492e24436802520df59
train,spain_volcano_00000143,spain_volcano,strictv1__train__la_palma_volcano_00000143,train,spain_la_palma_volcano,False,dd4fd1cbfb0a23dbb3996c3b8ba2897d38803338ce95c0482af0dd38fffd4fa9
train,spain_volcano_00000147,spain_volcano,strictv1__train__la_palma_volcano_00000147,train,spain_la_palma_volcano,False,ac84e8dba9e311db3cae264788ee681425a1a8a3b6c2a7745290aea06c4aa3b5
train,spain_volcano_00000148,spain_volcano,strictv1__train__la_palma_volcano_00000148,train,spain_la_palma_volcano,False,416050efd88ae0d6467c0b3176fdc1ebc7afcb0f5cd5d7849822c953a7057d59
train,spain_volcano_00000149,spain_volcano,strictv1__train__la_palma_volcano_00000149,train,spain_la_palma_volcano,False,3838d71f8eca0febe489eceb078c8eb12947e5068ff0aa383780b4a8d1a2280b
train,spain_volcano_00000152,spain_volcano,strictv1__train__la_palma_volcano_00000152,train,spain_la_palma_volcano,False,d968e5bfd1e8099538c9442bf2056718bf5973212a51ed8bee8b091f3f85b259
train,spain_volcano_00000153,spain_volcano,strictv1__train__spain_volcano_00000153,train,spain_la_palma_volcano,True,139f3403bc87c788d885ec911ae3f19052555f9effb6ea402a3bfa23a127a9a9
train,spain_volcano_00000154,spain_volcano,strictv1__train__la_palma_volcano_00000154,train,spain_la_palma_volcano,False,40fe2ef27e9ff437bec377cef72e86306820f94a188f11ee06d3dc24f1178e79
train,spain_volcano_00000157,spain_volcano,strictv1__train__la_palma_volcano_00000157,train,spain_la_palma_volcano,False,b65e65a7670bb77ecdb1343c436039b4c1bf0b89ee392abcce6e819d8c787b41
train,spain_volcano_00000158,spain_volcano,strictv1__train__la_palma_volcano_00000158,train,spain_la_palma_volcano,False,9c9c2bc3052b0f712f1d2ae1db2dc0bd7a091ce2b06da0ebc61ed4b16dae9bf4
train,spain_volcano_00000159,spain_volcano,strictv1__train__la_palma_volcano_00000159,train,spain_la_palma_volcano,False,784d2d214b9f8cfb291b5059352d1ecad8a2e4552912d4a40d1c507f95bb1efc
train,spain_volcano_00000160,spain_volcano,strictv1__train__la_palma_volcano_00000160,train,spain_la_palma_volcano,False,5012a02ff599c6c3ee92fd633e62bcf47c7ff34261dcb84d4c9dbb78a35b7b35
train,spain_volcano_00000161,spain_volcano,strictv1__train__la_palma_volcano_00000161,train,spain_la_palma_volcano,False,fa1672ea28d96c7975d2781520445f576c0b96586ba65fde0f7022c4a1b1d545
train,spain_volcano_00000162,spain_volcano,strictv1__train__spain_volcano_00000162,train,spain_la_palma_volcano,True,300330cae1cf1f3dbd8192207db3a332431821d338c35887a7b5946a0a1e9a1d
train,spain_volcano_00000163,spain_volcano,strictv1__train__la_palma_volcano_00000163,train,spain_la_palma_volcano,False,3f703e8b6b3fdcaaae47ee27de27cadcd091be66e0c850afa7cc95ae6e37c806
train,spain_volcano_00000164,spain_volcano,strictv1__train__la_palma_volcano_00000164,train,spain_la_palma_volcano,False,87470691281b3ad6fc141988a4c8d84a7aa335637cf5217865f1513e97f9d095
train,spain_volcano_00000165,spain_volcano,strictv1__train__la_palma_volcano_00000165,train,spain_la_palma_volcano,False,94c7595fbbd86fd26c5520e6728fbd29942e4245995a913dddadff7e09a4618d
train,spain_volcano_00000166,spain_volcano,strictv1__train__la_palma_volcano_00000166,train,spain_la_palma_volcano,False,afdbeec5d046c1a60658262eaefdf26d10457ea2cf7ecaa52e0f5646e749ede6
train,spain_volcano_00000167,spain_volcano,strictv1__train__la_palma_volcano_00000167,train,spain_la_palma_volcano,False,6a30745d34e0af00db6063b5bf8fbfd75b5ddfae0731c3fd51fe3617d688e259
train,spain_volcano_00000168,spain_volcano,strictv1__train__la_palma_volcano_00000168,train,spain_la_palma_volcano,False,628e8be20158ce153749299e92e55335d35cd84864748d7d6a91f7321796c24a
train,spain_volcano_00000169,spain_volcano,strictv1__train__la_palma_volcano_00000169,train,spain_la_palma_volcano,False,2ba7d13285635302a5760b27b30a78ee58893527487d810832f3e53c70799bc2
train,spain_volcano_00000170,spain_volcano,strictv1__train__la_palma_volcano_00000170,train,spain_la_palma_volcano,False,354523c93bf2fb5e7d9cfc0bb813f8ba63a96d7be38ae890b312ffbacad5966f
train,spain_volcano_00000171,spain_volcano,strictv1__train__spain_volcano_00000171,train,spain_la_palma_volcano,True,184079aa23d4c28075a19eb2ae344b81d82ba387c880c9e823c4d51c88b0ede8
train,spain_volcano_00000172,spain_volcano,strictv1__train__la_palma_volcano_00000172,train,spain_la_palma_volcano,False,248e3d5ce08bbc9cebf2f6d1194e41b999994b7ccd92539da730f1f64a2fd9ee
train,spain_volcano_00000173,spain_volcano,strictv1__train__la_palma_volcano_00000173,train,spain_la_palma_volcano,False,b5275b64303e2c121fae1c61ce59c06933c11153aac85dca4051d149bd8b0a98
train,spain_volcano_00000174,spain_volcano,strictv1__train__la_palma_volcano_00000174,train,spain_la_palma_volcano,False,cc8f85b3f19fd74e7807c3872878aeb14d4f327db376ae8ef685283603095a30
train,spain_volcano_00000175,spain_volcano,strictv1__train__la_palma_volcano_00000175,train,spain_la_palma_volcano,False,09ee84763174a17c57f1fe55e8af46d224d19b0ef71c7ab61bc3c40aad5a3c86
train,spain_volcano_00000176,spain_volcano,strictv1__train__la_palma_volcano_00000176,train,spain_la_palma_volcano,False,bd4af644b6ccb91e07b8de495f582be0c19c917e4bd4b5638fbccea140bbef9d
train,spain_volcano_00000177,spain_volcano,strictv1__train__la_palma_volcano_00000177,train,spain_la_palma_volcano,False,a0a21cf72883d8c25cf0c6f8220fc55b735da8433f929da37547a4f5601b4f34
train,spain_volcano_00000178,spain_volcano,strictv1__train__la_palma_volcano_00000178,train,spain_la_palma_volcano,False,6622e3d82bb1f15b47309fbe9aa13d8f1cf04557800e0476a58b46674df01936
train,spain_volcano_00000179,spain_volcano,strictv1__train__spain_volcano_00000179,train,spain_la_palma_volcano,True,e296b1fce4cda900569ca3df0aa543cbbfd06b173911d4e38e41979564749aa0
train,spain_volcano_00000180,spain_volcano,strictv1__train__la_palma_volcano_00000180,train,spain_la_palma_volcano,False,f98ba4276e932ea8ec9b40ecaa3a1c61b60ab47e408c852a3652d820c978f7a9
train,spain_volcano_00000181,spain_volcano,strictv1__train__la_palma_volcano_00000181,train,spain_la_palma_volcano,False,b3acd22d5ceefeb553feb6a736a1811c41face611ab1cbf21e4a25e24b8816bc
train,spain_volcano_00000182,spain_volcano,strictv1__train__la_palma_volcano_00000182,train,spain_la_palma_volcano,False,ed15e6d5b5ffba7adc3a1db52751a275bca95b4a3bc594ba38bcd78c1ac06ed5
train,spain_volcano_00000183,spain_volcano,strictv1__train__la_palma_volcano_00000183,train,spain_la_palma_volcano,False,70bca3534cc85f9cb7d6205d2101c21b3f42bd1154f2b183bf5f6641c1cebfcf
train,spain_volcano_00000184,spain_volcano,strictv1__train__la_palma_volcano_00000184,train,spain_la_palma_volcano,False,e218c51596b914ed9e3259f77af6b4efc30c378a5e1af765d96fa170edf21f56
train,spain_volcano_00000191,spain_volcano,strictv1__train__la_palma_volcano_00000191,train,spain_la_palma_volcano,False,15c0c14d2b687e81ab8d251cb81b11a4d91b68eb558d3a69aedc5474b76ad5c2
train,spain_volcano_00000192,spain_volcano,strictv1__train__la_palma_volcano_00000192,train,spain_la_palma_volcano,False,4601374d80554926dbd2747aab24c6174632a841871ded2b2e398f080bc4d8fa
train,spain_volcano_00000193,spain_volcano,strictv1__train__la_palma_volcano_00000193,train,spain_la_palma_volcano,False,09603170dd512b9957f822e3482003923e16bb199bf8f7fad8cecc61ed31f111
train,spain_volcano_00000194,spain_volcano,strictv1__train__la_palma_volcano_00000194,train,spain_la_palma_volcano,False,4afad1f16be367f367cc752646c3b21a887e1a5af0cb60b541f42355dacecea9
train,spain_volcano_00000195,spain_volcano,strictv1__train__la_palma_volcano_00000195,train,spain_la_palma_volcano,False,ae547582b5ce69c636cfe7e31949dd263df5d00675bc9cee6b8d8ce560f8db90
train,spain_volcano_00000196,spain_volcano,strictv1__train__la_palma_volcano_00000196,train,spain_la_palma_volcano,False,d79aaf85254ed1c93f3a82b0b0a548dafeb93f1627128c0e5d9924984e5dbb54
train,spain_volcano_00000197,spain_volcano,strictv1__train__spain_volcano_00000197,train,spain_la_palma_volcano,True,2b6241e086008b51e6c19f3d644487c613dac8ae7d1217a896bd64b10679a201
train,spain_volcano_00000198,spain_volcano,strictv1__train__la_palma_volcano_00000198,train,spain_la_palma_volcano,False,f2d20b078b422614dd1db877b10dbf8e900b0e79f78c59d29af74a255a7fd515
train,spain_volcano_00000199,spain_volcano,strictv1__train__la_palma_volcano_00000199,train,spain_la_palma_volcano,False,2d496e5d87126ff641aba1ab742cb9ccc09b08d58c187079088d7aeb3ae1d454
train,spain_volcano_00000200,spain_volcano,strictv1__train__la_palma_volcano_00000200,train,spain_la_palma_volcano,False,1c066055276645ea3be8f7c87ee1d920b24915aea8b9c45f1b997518fcde1ce9
train,spain_volcano_00000201,spain_volcano,strictv1__train__la_palma_volcano_00000201,train,spain_la_palma_volcano,False,3cf28fd76682e9140844f7576b500e9214f770b6ecdbe741dee7a5dfbed4ace9
train,spain_volcano_00000202,spain_volcano,strictv1__train__la_palma_volcano_00000202,train,spain_la_palma_volcano,False,27faf742e87a415eb6b8a095b9497070dca15167890447320e65a75c44970116
train,spain_volcano_00000203,spain_volcano,strictv1__train__la_palma_volcano_00000203,train,spain_la_palma_volcano,False,ee4ee869694683e2aad44b4f2320320297f19efe0010cd0c3172aae0273cbb41
train,spain_volcano_00000204,spain_volcano,strictv1__train__la_palma_volcano_00000204,train,spain_la_palma_volcano,False,798d3d72e3dbb614e5070d957fb342d3c9890610c9809f0a13130c4ac43dd071
train,spain_volcano_00000205,spain_volcano,strictv1__train__la_palma_volcano_00000205,train,spain_la_palma_volcano,False,dcc6670e418adb00c9dfc04e25a74d0247c3f12dc6906ebd8cb15150675664de
train,spain_volcano_00000206,spain_volcano,strictv1__train__spain_volcano_00000206,train,spain_la_palma_volcano,True,d234b43cfad7686a42389fbe20723913b5d1c1211667418d6c406082e6f8186b
train,spain_volcano_00000207,spain_volcano,strictv1__train__la_palma_volcano_00000207,train,spain_la_palma_volcano,False,cce4e79260b1fa5b4ec19657030b9e9d64938bad103cfe9ec6c6c6bebfad55cb
train,spain_volcano_00000208,spain_volcano,strictv1__train__la_palma_volcano_00000208,train,spain_la_palma_volcano,False,deac838982dd0e5c871460db66f125e2885468bf931011eb1ae8ca38ee1b9f33
train,spain_volcano_00000209,spain_volcano,strictv1__train__la_palma_volcano_00000209,train,spain_la_palma_volcano,False,a556c71f3d2df88d26f4eb880177fb5d3f0466ff58b23700021bde5a22660aed
train,spain_volcano_00000210,spain_volcano,strictv1__train__la_palma_volcano_00000210,train,spain_la_palma_volcano,False,ec0b4754546effa0b1bf38aa8d4e9e17b891e1f58bbfbfbb605732fec7bb4f1a
train,spain_volcano_00000211,spain_volcano,strictv1__train__la_palma_volcano_00000211,train,spain_la_palma_volcano,False,3bae13f4b1804dc5dd4ba712689edfc8b811b49035b32b53215135d2da87dbaf
train,spain_volcano_00000212,spain_volcano,strictv1__train__la_palma_volcano_00000212,train,spain_la_palma_volcano,False,1a50c5d6f1e3011a865e7d2acf37fbd586a71801cad366705222a32a03b06a18
train,spain_volcano_00000213,spain_volcano,strictv1__train__la_palma_volcano_00000213,train,spain_la_palma_volcano,False,f3f52bd4a4e64bc4d9adde2db7160312e3f51d60f9aeb7b7f6c78b5a5a41e6bc
train,spain_volcano_00000214,spain_volcano,strictv1__train__spain_volcano_00000214,train,spain_la_palma_volcano,True,8e020150ef3a88f1e6aa90aad0645233760b7eee433977f9e29279d377dc7c0c
train,spain_volcano_00000215,spain_volcano,strictv1__train__la_palma_volcano_00000215,train,spain_la_palma_volcano,False,3a3f4488271f940e880a7df3628b1bfbb09ca4feb289df34f694118f0ecf1ec4
train,spain_volcano_00000216,spain_volcano,strictv1__train__la_palma_volcano_00000216,train,spain_la_palma_volcano,False,77d902b7cc62c4374ddd55b74314579569dd8763c50d07ffed1dbb2f8236d84b
train,spain_volcano_00000219,spain_volcano,strictv1__train__la_palma_volcano_00000219,train,spain_la_palma_volcano,False,57740aedef701efed08a69051d75a65b0e4b8a0949a3ea022b11d8da7cd17a5c
train,spain_volcano_00000220,spain_volcano,strictv1__train__la_palma_volcano_00000220,train,spain_la_palma_volcano,False,5329b1b95c595d751bbfae9056ec92bb33507ddb656ec2621f0f1f3e1ef9fe88
train,spain_volcano_00000221,spain_volcano,strictv1__train__la_palma_volcano_00000221,train,spain_la_palma_volcano,False,4f0451b0f9207215134e59366215bc0bc4df129c3b36561ed2e109d5a9c2c931
train,spain_volcano_00000224,spain_volcano,strictv1__train__la_palma_volcano_00000224,train,spain_la_palma_volcano,False,529ff66bbb968bd32414dd90db815ddd858f458dcc8619414853e6fd01f6fb65
train,spain_volcano_00000228,spain_volcano,strictv1__train__la_palma_volcano_00000228,train,spain_la_palma_volcano,False,82d2f865a568b82081e40cf1820f33599c30489b2e04b941b079df16017adf0d
train,spain_volcano_00000231,spain_volcano,strictv1__train__la_palma_volcano_00000231,train,spain_la_palma_volcano,False,d0469acc5ba1197e276e0c913bdc23b3376a4d849e97b8823aab4189e800eb3c
train,spain_volcano_00000232,spain_volcano,strictv1__train__spain_volcano_00000232,train,spain_la_palma_volcano,True,310f11e00596dfd1cc3158d48233b2982a527e14ddcc990ae752c5801c15d3d3
train,spain_volcano_00000233,spain_volcano,strictv1__train__la_palma_volcano_00000233,train,spain_la_palma_volcano,False,78df6758d8b52c0b6bef1fb50199d3bf3f5163c4d5fa6507d2d0ec8cc08381ee
train,spain_volcano_00000234,spain_volcano,strictv1__train__la_palma_volcano_00000234,train,spain_la_palma_volcano,False,76655644bd89bc2aa503fafe0507652ab51dd3f2bc90a337bb87fd27a5a1a1ac
train,spain_volcano_00000235,spain_volcano,strictv1__train__la_palma_volcano_00000235,train,spain_la_palma_volcano,False,33225da14b0d20e19d2368affbe948c2bf462dde00a661f873b30225a1498a71
train,spain_volcano_00000236,spain_volcano,strictv1__train__la_palma_volcano_00000236,train,spain_la_palma_volcano,False,b45776c9e0593f1137a67a867efa0bbc9129d42de72bd6354bd51270eb8b1073
train,spain_volcano_00000237,spain_volcano,strictv1__train__la_palma_volcano_00000237,train,spain_la_palma_volcano,False,26bf6fb9b8f292aef06949cdd6773eabb2877a4e60c17361692fe075375d5fc9
train,spain_volcano_00000238,spain_volcano,strictv1__train__la_palma_volcano_00000238,train,spain_la_palma_volcano,False,8d82bc4ba2d728183c371f8b6195f86a9fcefac72ac8f710e0f6a4d4a248ae43
train,spain_volcano_00000239,spain_volcano,strictv1__train__la_palma_volcano_00000239,train,spain_la_palma_volcano,False,5caee38db16b1ad22f11239cbd95f840a20d44319ca8b5f3aa315988f1b238de
train,spain_volcano_00000240,spain_volcano,strictv1__train__la_palma_volcano_00000240,train,spain_la_palma_volcano,False,4549f585a6f269084350e3f7f9b4373ecc24f01f89e8cc62eb77bd4d9d1a3835
train,spain_volcano_00000241,spain_volcano,strictv1__train__spain_volcano_00000241,train,spain_la_palma_volcano,True,0db85490264e96f93bd7af2afc72735c2daa1edc97ca78737040adee4361c582
train,spain_volcano_00000242,spain_volcano,strictv1__train__la_palma_volcano_00000242,train,spain_la_palma_volcano,False,f30abe34f10cd7ecb29fbac02f8929d9358090c23742bd2fe438c329c6103c21
train,spain_volcano_00000243,spain_volcano,strictv1__train__la_palma_volcano_00000243,train,spain_la_palma_volcano,False,dc591650e313c4e5f1933bc9574b59cc6d777052f2a4857e83e53c59b0843653
train,spain_volcano_00000244,spain_volcano,strictv1__train__la_palma_volcano_00000244,train,spain_la_palma_volcano,False,0c00d151a1cc24e432dc39526b0c4f6909dc2076691482562592a22fc0665274
train,spain_volcano_00000245,spain_volcano,strictv1__train__la_palma_volcano_00000245,train,spain_la_palma_volcano,False,089ffd3e4b9db7ed96eb0da9f43d04602e52bffddb5216e9f1fe3f3c75420c90
train,spain_volcano_00000246,spain_volcano,strictv1__train__la_palma_volcano_00000246,train,spain_la_palma_volcano,False,d5f750c022b3f70982172a0f03ae57a6227d4b0aa3200e04ae834c4078708665
train,spain_volcano_00000247,spain_volcano,strictv1__train__la_palma_volcano_00000247,train,spain_la_palma_volcano,False,3cfad86b7e7001ed3ae56ba228424996857f75e58c7eff6feda033a8848b1509
train,spain_volcano_00000250,spain_volcano,strictv1__train__spain_volcano_00000250,train,spain_la_palma_volcano,True,fa520be1357e12db33d3a7783c7afb2f1e09f66e28120aa259302896a937f38f
train,spain_volcano_00000251,spain_volcano,strictv1__train__la_palma_volcano_00000251,train,spain_la_palma_volcano,False,11925ffaee47b9eb8cf14aa0dbb0a1ede9637537d3789b059abb04af40cad741
train,spain_volcano_00000252,spain_volcano,strictv1__train__la_palma_volcano_00000252,train,spain_la_palma_volcano,False,babe0680e695b2ec89c759575357acf80fe0d272f48cf70541b82555246056d0
train,spain_volcano_00000253,spain_volcano,strictv1__train__la_palma_volcano_00000253,train,spain_la_palma_volcano,False,f5ebae7deda1a813595d0ecdb971e546af2435e4f5dda6e101fc43c0f39c43ff
train,spain_volcano_00000254,spain_volcano,strictv1__train__la_palma_volcano_00000254,train,spain_la_palma_volcano,False,3656699f109150df35f34cb0a6bdbad16c34d89a761cae39586997dc42cb43d7
train,spain_volcano_00000255,spain_volcano,strictv1__train__la_palma_volcano_00000255,train,spain_la_palma_volcano,False,d03b78cd57717a1ac3b383ea6b94385f88ff975c70a9f537e799d91ef4fe274f
train,spain_volcano_00000256,spain_volcano,strictv1__train__la_palma_volcano_00000256,train,spain_la_palma_volcano,False,5c5ce49f3dbb52b99e61eec5ab3718654792b3a4075a666886e2c0006a20ade6
train,spain_volcano_00000257,spain_volcano,strictv1__train__la_palma_volcano_00000257,train,spain_la_palma_volcano,False,1ebab116c7bc9810c74f5cd2b2011e1b3c9d5fcc85ba8155f6ddec0db4bb3e61
train,spain_volcano_00000258,spain_volcano,strictv1__train__spain_volcano_00000258,train,spain_la_palma_volcano,True,5138213aea5dbf049c9c0dc8b58bac7a837484937704bda7abda73f05a09d34a
train,spain_volcano_00000259,spain_volcano,strictv1__train__la_palma_volcano_00000259,train,spain_la_palma_volcano,False,f6cf9305b134aa3dcf4075b0c14b6987f7201e7fe76634e1de6c24d28df16921
train,spain_volcano_00000260,spain_volcano,strictv1__train__la_palma_volcano_00000260,train,spain_la_palma_volcano,False,c831678e4b76ca8b4088c56ff5afe3136a054eb9f270626c3709f72d023ce914
train,spain_volcano_00000269,spain_volcano,strictv1__train__la_palma_volcano_00000269,train,spain_la_palma_volcano,False,b375fe29bf76e7c7218acc4303834ecfd2aa7be770ef0945e37d5fbaff22d61f
train,spain_volcano_00000270,spain_volcano,strictv1__train__la_palma_volcano_00000270,train,spain_la_palma_volcano,False,5addf4b5c52bf81e9cdc487dbfbda7ad0743c1cc424fa177fbe28aa3554f5c77
train,spain_volcano_00000271,spain_volcano,strictv1__train__la_palma_volcano_00000271,train,spain_la_palma_volcano,False,04dacef8d200a150b4b8b2c7046267257e6f866ba571efbf6c78f1c62481d36c
train,spain_volcano_00000272,spain_volcano,strictv1__train__la_palma_volcano_00000272,train,spain_la_palma_volcano,False,5f91c4b0c4463bfc5d190b0ed367b8a5b5c7193d89c954f8ac67caff131f6a55
train,spain_volcano_00000273,spain_volcano,strictv1__train__la_palma_volcano_00000273,train,spain_la_palma_volcano,False,84279ea6b0cb0fd7754f1d0c788464be58c1e393265acb66b003dda0f13706a9
train,spain_volcano_00000274,spain_volcano,strictv1__train__la_palma_volcano_00000274,train,spain_la_palma_volcano,False,11db96d7cfd8966087ce2acfa045c9b864ed60085614474e858c60bc1d6d4535
train,spain_volcano_00000275,spain_volcano,strictv1__train__la_palma_volcano_00000275,train,spain_la_palma_volcano,False,37370624b97ece5f11b7d5d5852d9d1d4e9d0c3afec009ebe883c4379252da0d
train,spain_volcano_00000276,spain_volcano,strictv1__train__spain_volcano_00000276,train,spain_la_palma_volcano,True,f7a3d3ee7a45369b36bda1caa513c26e199ad3ae5ef372e1fd8079fc69bfd5bc
train,spain_volcano_00000277,spain_volcano,strictv1__train__la_palma_volcano_00000277,train,spain_la_palma_volcano,False,41d54cfd6c80a0e0a68b54d50d3fcb3637d00244897bed959203d79e7cbe0667
train,spain_volcano_00000278,spain_volcano,strictv1__train__la_palma_volcano_00000278,train,spain_la_palma_volcano,False,2b4626756691e6e8635db5e4fa8e9480fd27a68eb761c7bbfb1fbf16266e4e29
train,spain_volcano_00000281,spain_volcano,strictv1__train__la_palma_volcano_00000281,train,spain_la_palma_volcano,False,4a268abcfd98cf917e5938e8a6534c70631681075159551ff9de6bb46686c7d0
train,spain_volcano_00000282,spain_volcano,strictv1__train__la_palma_volcano_00000282,train,spain_la_palma_volcano,False,c17a87a009af4da9c15935befcf12a86d26fa2ba96a9c6a2fc5467943fb994e2
train,spain_volcano_00000283,spain_volcano,strictv1__train__la_palma_volcano_00000283,train,spain_la_palma_volcano,False,dfbec84f45511ee2e027723f30b1600cfb1ae2af66526d932dcfef324c9c1de2
train,spain_volcano_00000284,spain_volcano,strictv1__train__la_palma_volcano_00000284,train,spain_la_palma_volcano,False,d542e153ba9776e63963d60eef9865742e26aaefb560caee34c57eee05831121
train,spain_volcano_00000285,spain_volcano,strictv1__train__spain_volcano_00000285,train,spain_la_palma_volcano,True,10269f434a2d96c201540b7674f3a0108c044c5d97675c5fc8baaa4acf418f2c
train,spain_volcano_00000286,spain_volcano,strictv1__train__la_palma_volcano_00000286,train,spain_la_palma_volcano,False,610d44d41b8bda4193ba7e66f0b4257b50f20bab52c9818bbbb09f29e89beb94
train,spain_volcano_00000287,spain_volcano,strictv1__train__la_palma_volcano_00000287,train,spain_la_palma_volcano,False,4b7d04988cc1e5590404f1bc2c44aad0044086f9a2ef0b947ca5ee8bed77bc29
train,spain_volcano_00000288,spain_volcano,strictv1__train__la_palma_volcano_00000288,train,spain_la_palma_volcano,False,3b36c26ff7cc0b9c7c07f30e1ee147415c2feb795271ac88f9e624ceeb2d5768
train,spain_volcano_00000289,spain_volcano,strictv1__train__la_palma_volcano_00000289,train,spain_la_palma_volcano,False,f33b30eb556234e65e16e3b9759245bbc27e230d967b1d6ebc1921d58cb2081a
train,spain_volcano_00000290,spain_volcano,strictv1__train__la_palma_volcano_00000290,train,spain_la_palma_volcano,False,6e8ec9e9a137b2cc593d42223365c6424c5f5f6177591ac243bc5ed96d7302d0
train,spain_volcano_00000291,spain_volcano,strictv1__train__la_palma_volcano_00000291,train,spain_la_palma_volcano,False,f4668d5565ac17b32ff548c288e295dceb54ca9736edb0d8da1dedfaa7964a5f
train,spain_volcano_00000292,spain_volcano,strictv1__train__la_palma_volcano_00000292,train,spain_la_palma_volcano,False,f4cd0d59739c59234baf5d5226fa41681895cb11b5a4fb4a842fc9c7c3b624d4
train,spain_volcano_00000293,spain_volcano,strictv1__train__la_palma_volcano_00000293,train,spain_la_palma_volcano,False,a17a91e03597b0d4e5d78cc7d96c60cf4fb332b8c45b8f9017ab40dd6551717f
train,spain_volcano_00000294,spain_volcano,strictv1__train__spain_volcano_00000294,train,spain_la_palma_volcano,True,f949cd7a9931ebea9cd3107bc9af52f1793d0b8c352a5b184c892635e21f1069
train,spain_volcano_00000295,spain_volcano,strictv1__train__la_palma_volcano_00000295,train,spain_la_palma_volcano,False,5e3580a23690c02c588c9df26c731e9038c00ea2b778b59dab349f31483acfff
train,spain_volcano_00000297,spain_volcano,strictv1__train__la_palma_volcano_00000297,train,spain_la_palma_volcano,False,1304fe54d5d22b4028cb8aa684f91a869f1de3e921bbcbec27cd3365180a1971
train,spain_volcano_00000298,spain_volcano,strictv1__train__la_palma_volcano_00000298,train,spain_la_palma_volcano,False,81cd038c12a9186d89ecb79d69d02bb14347de946536cd10a1898ac5eee0353a
train,spain_volcano_00000307,spain_volcano,strictv1__train__la_palma_volcano_00000307,train,spain_la_palma_volcano,False,e253814efd5e53616720713d2e4ebc31fb41b416eaa4b2abd97b9faaf50d5b09
train,spain_volcano_00000308,spain_volcano,strictv1__train__la_palma_volcano_00000308,train,spain_la_palma_volcano,False,308953c4d352c63db145897141b7750ab21333d74c705f6a870457f701cf2091
train,spain_volcano_00000309,spain_volcano,strictv1__train__la_palma_volcano_00000309,train,spain_la_palma_volcano,False,fd1e370edcf58c6883d9c0024ee05b22fe155693b68c0b2a8a1eb10cc2ad4448
train,spain_volcano_00000310,spain_volcano,strictv1__train__la_palma_volcano_00000310,train,spain_la_palma_volcano,False,2423663a84a30cc53ce8865e502c5ce3b7b87b6f6a44ea589750d9277109febf
train,spain_volcano_00000313,spain_volcano,strictv1__train__la_palma_volcano_00000313,train,spain_la_palma_volcano,False,5b9c6a7798b740156985c9eafd456c1cd6946cefa8d8cd46c7b8b8b821d7fadf
train,spain_volcano_00000314,spain_volcano,strictv1__train__la_palma_volcano_00000314,train,spain_la_palma_volcano,False,f5636c0d8dca6834fdc3818cac5619270f7bfe1beaf6796f08f7128757c63b80
train,spain_volcano_00000315,spain_volcano,strictv1__train__spain_volcano_00000315,train,spain_la_palma_volcano,True,12c9c0f5686d1bb66cbf7a54f2941d64527911105152148df1e1a70792ecffae
train,spain_volcano_00000316,spain_volcano,strictv1__train__la_palma_volcano_00000316,train,spain_la_palma_volcano,False,bf41587c0c15af73d2e2191f9dcde829b5d9cf86067c2c7b140e29cfcb17a3c5
train,spain_volcano_00000317,spain_volcano,strictv1__train__la_palma_volcano_00000317,train,spain_la_palma_volcano,False,b6fb11a8898bf3dc1b823c485e0c8609abdb77cab1aadabb06eb9c1f3609fa51
train,spain_volcano_00000318,spain_volcano,strictv1__train__la_palma_volcano_00000318,train,spain_la_palma_volcano,False,83647de9056ec03eafb54d8159bc4bf2590a9b1df7b67255b562ce8c9d776e0a
train,spain_volcano_00000319,spain_volcano,strictv1__train__la_palma_volcano_00000319,train,spain_la_palma_volcano,False,3cce4fcf055b09b3daa6727c34cb31b7c1f986d50bee5c7ffe33997d3a1febb4
train,spain_volcano_00000320,spain_volcano,strictv1__train__la_palma_volcano_00000320,train,spain_la_palma_volcano,False,a7e4c4ce1309d13205ed88d4ab849a0866e55841e5595a83ed8836490b8fe352
train,spain_volcano_00000321,spain_volcano,strictv1__train__la_palma_volcano_00000321,train,spain_la_palma_volcano,False,b7ea844aac5d8ad81fdb120ff1993ef0d83aa5ab9afd2f1e49a2ff6ddf8c24f9
train,spain_volcano_00000322,spain_volcano,strictv1__train__la_palma_volcano_00000322,train,spain_la_palma_volcano,False,6e44ef202adb9d9fbd25d39b38839fd34211213935f50408c227248c86790b7f
train,spain_volcano_00000323,spain_volcano,strictv1__train__la_palma_volcano_00000323,train,spain_la_palma_volcano,False,69b07b8cdf315da1124a52ad5adf6b49eb21debe530e66e640332ac2c05cdb82
train,spain_volcano_00000324,spain_volcano,strictv1__train__spain_volcano_00000324,train,spain_la_palma_volcano,True,b8b8e0ded280821cc23b02c6301b248f7d435ee9a5c0ec52f058c895a5dc61a5
train,spain_volcano_00000325,spain_volcano,strictv1__train__la_palma_volcano_00000325,train,spain_la_palma_volcano,False,c89f379c68fb3ed3315c513c5357f8b2a1e1f50711c714d0fcacb406fbbd43a5
train,spain_volcano_00000326,spain_volcano,strictv1__train__la_palma_volcano_00000326,train,spain_la_palma_volcano,False,2b70035b47bbf53019786f001dd32719f594d3ce43dd116255eb9abfcd4a64d8
train,spain_volcano_00000327,spain_volcano,strictv1__train__la_palma_volcano_00000327,train,spain_la_palma_volcano,False,64e5ece28047da52f3709219364901a5d0a06bad8bd3b4d2a8c150c94b38113f
train,spain_volcano_00000330,spain_volcano,strictv1__train__la_palma_volcano_00000330,train,spain_la_palma_volcano,False,289999c46f73d72059a7d1f1d15149c51bb627796656e9c2e6c6e981332c0303
train,spain_volcano_00000334,spain_volcano,strictv1__train__la_palma_volcano_00000334,train,spain_la_palma_volcano,False,798b611af60b1124b83b63a5564113f4ae952b43e7550de9f9c4a060288ab12f
train,spain_volcano_00000345,spain_volcano,strictv1__train__spain_volcano_00000345,train,spain_la_palma_volcano,True,da1e496322d52501eb2f4379a385d52e40d7ff9b4906c4dcb013425795c86dcc
train,spain_volcano_00000346,spain_volcano,strictv1__train__la_palma_volcano_00000346,train,spain_la_palma_volcano,False,848a633a878dc94a2155103a28af7ed9f28bedf7ede12df9bd3c88ef1558a5a3
train,spain_volcano_00000347,spain_volcano,strictv1__train__spain_volcano_00000347,train,spain_la_palma_volcano,True,567b67cbac2855b0428e686a38a10ba3de8b8d631b0996a471ef3d39c237b8ae
train,spain_volcano_00000348,spain_volcano,strictv1__train__la_palma_volcano_00000348,train,spain_la_palma_volcano,False,5602ba47456a8594561f3313143d97d0511109ab33492e8583c0dc608ce95148
train,spain_volcano_00000349,spain_volcano,strictv1__train__la_palma_volcano_00000349,train,spain_la_palma_volcano,False,8b1f9664a845eb88d080485682c009113555978c0256a77d70136483c6f1912a
train,spain_volcano_00000350,spain_volcano,strictv1__train__la_palma_volcano_00000350,train,spain_la_palma_volcano,False,933e5b19549e9fa2d2075a469b7c9ab6e384dcac8f8f1415221b848ff5bdcc27
train,spain_volcano_00000351,spain_volcano,strictv1__train__la_palma_volcano_00000351,train,spain_la_palma_volcano,False,4e3eb5e98e9db3d59aefe93ccdd0a7516e11f9de0f673357e3bc5a54ce71db44
train,spain_volcano_00000352,spain_volcano,strictv1__train__la_palma_volcano_00000352,train,spain_la_palma_volcano,False,9cf7264e05d28c60aee9f80bd93d537762a14f91319fb3bfb8b5bbe91f1a16de
train,spain_volcano_00000353,spain_volcano,strictv1__train__la_palma_volcano_00000353,train,spain_la_palma_volcano,False,211ad809b38b7e6ff92e4b0b2e3b7e3c1794a9a3b09f45938f1d83009ee64e07
train,spain_volcano_00000354,spain_volcano,strictv1__train__la_palma_volcano_00000354,train,spain_la_palma_volcano,False,c65febde8b475b7d7816de00853b9e44b482b44c24c003775754c04487cb80e4
train,spain_volcano_00000355,spain_volcano,strictv1__train__spain_volcano_00000355,train,spain_la_palma_volcano,True,9ada35950655dc76cb11c3b6ed3fb075a7fb1120e7d039fcc02a7dd22b6624b1
train,spain_volcano_00000356,spain_volcano,strictv1__train__la_palma_volcano_00000356,train,spain_la_palma_volcano,False,b9e90af3db79ba50c04e3a124ef4a28236c0a32c24fd6f55a0cbbd2250a04599
train,spain_volcano_00000357,spain_volcano,strictv1__train__la_palma_volcano_00000357,train,spain_la_palma_volcano,False,0d27ab5e86efa0eebd41443744143078f4980766a1fe3fda82b4871cc86b7f30
train,spain_volcano_00000358,spain_volcano,strictv1__train__la_palma_volcano_00000358,train,spain_la_palma_volcano,False,20c8a0f4d4bb5a40ff73e1d0692bbc6a7540d6057eff40713f612dedb4097cd1
train,spain_volcano_00000359,spain_volcano,strictv1__train__la_palma_volcano_00000359,train,spain_la_palma_volcano,False,34123dad95998291bc118e9f2b0e452a7854df4607fe16a2e0f3341e0030c921
train,spain_volcano_00000360,spain_volcano,strictv1__train__la_palma_volcano_00000360,train,spain_la_palma_volcano,False,7929bcccf72bd8954e45ca188e135f444b6329135a1d97e5c07d6965a6fa9e12
train,spain_volcano_00000361,spain_volcano,strictv1__train__la_palma_volcano_00000361,train,spain_la_palma_volcano,False,614158f492601785eab1b6b5fa11542524844a7e35f73cc4b38ebb201a098443
train,spain_volcano_00000362,spain_volcano,strictv1__train__la_palma_volcano_00000362,train,spain_la_palma_volcano,False,4341b4e2c67aa199df03392f97e88acdb6c46b6124dd20f1d7ef914c9f34f4a5
train,spain_volcano_00000363,spain_volcano,strictv1__train__la_palma_volcano_00000363,train,spain_la_palma_volcano,False,0b68838e2fe9d13d04dadfecf37e0df5f78b7df99c16dad79c49528437679b17
train,spain_volcano_00000364,spain_volcano,strictv1__train__spain_volcano_00000364,train,spain_la_palma_volcano,True,dadac14c764440ddd9f2aaf67a8a5504bb369004d57cbfe37de73ef9c5961c07
train,spain_volcano_00000365,spain_volcano,strictv1__train__la_palma_volcano_00000365,train,spain_la_palma_volcano,False,79416f101253849ccca055aa913f1e98bf140f1332451f3118d34b90d59a0444
train,spain_volcano_00000366,spain_volcano,strictv1__train__la_palma_volcano_00000366,train,spain_la_palma_volcano,False,a166ae8680ba790dc86106d40d7e37d4af94dfb3449fa4aa81d4d845c9e428e8
train,spain_volcano_00000383,spain_volcano,strictv1__train__spain_volcano_00000383,train,spain_la_palma_volcano,True,5c9993d2a5c8b304c675414654605b07360887d1cf5c0f0b867a9bfbe4d1d065
train,spain_volcano_00000384,spain_volcano,strictv1__train__la_palma_volcano_00000384,train,spain_la_palma_volcano,False,dcf3ecdd6ceea398783dbc5604ee0557287e6b3163bcb19cd2dc483ef8d708e5
train,spain_volcano_00000385,spain_volcano,strictv1__train__la_palma_volcano_00000385,train,spain_la_palma_volcano,False,db1c1681fc26cb183371f1d8e4994b0aa47084e74363bad0598e42817458e0c7
train,spain_volcano_00000386,spain_volcano,strictv1__train__la_palma_volcano_00000386,train,spain_la_palma_volcano,False,97e58ca960c72d76053f6e9f28516b7ed96027659317abdcb408e0bb28d80a9f
train,spain_volcano_00000387,spain_volcano,strictv1__train__la_palma_volcano_00000387,train,spain_la_palma_volcano,False,9c9c54bc53e19b1b5be80b30cf1d327009466cb519476cb9a2a2ab9d0d0ccc39
train,spain_volcano_00000388,spain_volcano,strictv1__train__la_palma_volcano_00000388,train,spain_la_palma_volcano,False,da323dc05fd02528fcae1cc4ef180c3a88dd32a8678d80aa2b924d4150d45757
train,spain_volcano_00000389,spain_volcano,strictv1__train__la_palma_volcano_00000389,train,spain_la_palma_volcano,False,816c63ea1b3a64259db7450f279f1b58702a94bc5cc7bd2ddba6a80322f730ab
train,spain_volcano_00000390,spain_volcano,strictv1__train__la_palma_volcano_00000390,train,spain_la_palma_volcano,False,292ef5d67eeedac9dff36fa5c59b2d8307cf55063a2d154ee528b15f04754173
train,spain_volcano_00000391,spain_volcano,strictv1__train__spain_volcano_00000391,train,spain_la_palma_volcano,True,bb0cb5b70c2b6c71e7a3bdc50c8b1197102db7667241ddd6135405fbf7cd3bfa
train,spain_volcano_00000392,spain_volcano,strictv1__train__la_palma_volcano_00000392,train,spain_la_palma_volcano,False,f22b8e48104eea02e494ab39f3f7c303ed6ce8083bdff8dfe7c24941fcc42ccc
train,spain_volcano_00000393,spain_volcano,strictv1__train__la_palma_volcano_00000393,train,spain_la_palma_volcano,False,dea11215cf91aa08bda3a5010a4d3647eb47bf9fe3845a7261c50efa383f0071
train,spain_volcano_00000394,spain_volcano,strictv1__train__la_palma_volcano_00000394,train,spain_la_palma_volcano,False,a5141b4d97584bff7ee8292621b53d177f97e8e1b73b6c43f8d3cb7ae11de847
train,spain_volcano_00000395,spain_volcano,strictv1__train__la_palma_volcano_00000395,train,spain_la_palma_volcano,False,e759c5e20d34cff538b2d1f1406d66022986f08ea09ff10600d0ac3bd3240370
train,spain_volcano_00000396,spain_volcano,strictv1__train__la_palma_volcano_00000396,train,spain_la_palma_volcano,False,06409c4debf36ac424888d9ea148dc90587025478c6fb6442e7c2a724e198cec
train,spain_volcano_00000397,spain_volcano,strictv1__train__la_palma_volcano_00000397,train,spain_la_palma_volcano,False,bc07b3ad295836e027567cc7e58cbad53063ad5770271747310b945e2a2096f2
train,spain_volcano_00000398,spain_volcano,strictv1__train__la_palma_volcano_00000398,train,spain_la_palma_volcano,False,368b30030f735f867d452472c9957dacd32e2fff264c1611f9007ff421d8062b
train,spain_volcano_00000401,spain_volcano,strictv1__train__la_palma_volcano_00000401,train,spain_la_palma_volcano,False,be0bada37c1d845b79a07f51b11a021dcd91c0b50330e7a7ee51967837d30625
train,spain_volcano_00000402,spain_volcano,strictv1__train__la_palma_volcano_00000402,train,spain_la_palma_volcano,False,7a4a20fb5b1d94ad78f79d13f241c92010dc47bdd1a5a7a2ba728ef0891e4b47
train,spain_volcano_00000403,spain_volcano,strictv1__train__la_palma_volcano_00000403,train,spain_la_palma_volcano,False,572f98c5a4e008fece7f9291960b4a1e7dbb9301d3c17e56ad6108a81e09573c
train,spain_volcano_00000415,spain_volcano,strictv1__train__la_palma_volcano_00000415,train,spain_la_palma_volcano,False,63fa64b550f054f65b5f44f2a9e8e18eeaa0ad953716b3dde43058e0ea23a6a8
train,spain_volcano_00000416,spain_volcano,strictv1__train__la_palma_volcano_00000416,train,spain_la_palma_volcano,False,75f9791ef04fbc80714be4a44ffdcbaf02d7e7f16e5c8d33b6a4d9a2e285087c
train,spain_volcano_00000417,spain_volcano,strictv1__train__la_palma_volcano_00000417,train,spain_la_palma_volcano,False,54d9f84fd4d785a66294c91358a7b2e5455ea094425f5d4832d601a4dabb9f71
train,spain_volcano_00000418,spain_volcano,strictv1__train__la_palma_volcano_00000418,train,spain_la_palma_volcano,False,66205cdb1764256ee7dae007afe8deb820afe842b4ba568fade4d3c30d163b88
train,spain_volcano_00000419,spain_volcano,strictv1__train__spain_volcano_00000419,train,spain_la_palma_volcano,True,43b49c62e2b203eb8dfc2596040cb4adad342a7eb43699e3a6d91e27935de3f2
train,spain_volcano_00000420,spain_volcano,strictv1__train__la_palma_volcano_00000420,train,spain_la_palma_volcano,False,8e9ecf8ab496c82d71e5ab913890033971e01b39b032664e31f7348da828747f
train,spain_volcano_00000421,spain_volcano,strictv1__train__la_palma_volcano_00000421,train,spain_la_palma_volcano,False,f792bc53c46e42ba99a1661e7eff1ec82c3d48ec4135994fc04cf4d2702f86d2
train,spain_volcano_00000422,spain_volcano,strictv1__train__la_palma_volcano_00000422,train,spain_la_palma_volcano,False,4f7789da818ed63bf3d6c5a6b9d7471f84f516c37b57e133b6c7a31ff124e4d5
train,spain_volcano_00000423,spain_volcano,strictv1__train__la_palma_volcano_00000423,train,spain_la_palma_volcano,False,0f2fb29e0c29caf2872f8bfba1ce3630bfba3a681a7952c2018046ccbe60d2c9
train,spain_volcano_00000424,spain_volcano,strictv1__train__la_palma_volcano_00000424,train,spain_la_palma_volcano,False,8f7d4b8c5eaa1fe8bdc2aaa2fbd20ee52c2bf2ca85931dca914302c1036ab917
train,spain_volcano_00000425,spain_volcano,strictv1__train__la_palma_volcano_00000425,train,spain_la_palma_volcano,False,4f4bf7d88b245d4525d80979c304e763910376447d5e22b96dad780c034e6832
train,spain_volcano_00000426,spain_volcano,strictv1__train__la_palma_volcano_00000426,train,spain_la_palma_volcano,False,5c714ba0d6a7177743bdc9c706d2f04780fdf50b66e6763c16b57c946e313d7a
train,spain_volcano_00000427,spain_volcano,strictv1__train__la_palma_volcano_00000427,train,spain_la_palma_volcano,False,a539f15e2773df163374c82f84f190d2165aac8416ae73269e2039ba5631fa8f
train,spain_volcano_00000428,spain_volcano,strictv1__train__spain_volcano_00000428,train,spain_la_palma_volcano,True,1131272a140521146c12d2878dfc2c45f9c1a3d9dab9b27d5a75082c1b9b601b
train,spain_volcano_00000429,spain_volcano,strictv1__train__la_palma_volcano_00000429,train,spain_la_palma_volcano,False,ca309d0a644a4fb4e53d1c733102957540cbc791a83fc6fc3474df12de97ad1d
train,spain_volcano_00000430,spain_volcano,strictv1__train__la_palma_volcano_00000430,train,spain_la_palma_volcano,False,c7d77a022d623c69443bf9be5c7a2b4af4e13ff3f3a0e45b7497a4db680680d9
train,spain_volcano_00000431,spain_volcano,strictv1__train__la_palma_volcano_00000431,train,spain_la_palma_volcano,False,be23f8bb56e2087faad692bc18846d7be120ced0c7c98e8348d4b42c1a73e1c8
train,spain_volcano_00000432,spain_volcano,strictv1__train__la_palma_volcano_00000432,train,spain_la_palma_volcano,False,0bc3257bf87629ee20f5166526e470f2745c534c1a3a6367a65f62f850ebbfaa
train,spain_volcano_00000433,spain_volcano,strictv1__train__la_palma_volcano_00000433,train,spain_la_palma_volcano,False,747d2944d683234f95fd2baa2bb30c0aabf64c3a863b9fa3ae224b2010318a4a
train,spain_volcano_00000434,spain_volcano,strictv1__train__la_palma_volcano_00000434,train,spain_la_palma_volcano,False,6ac67dbe5e7180d3209f43a24e376782313cfefb740c1c5905d3625adfbde896
train,spain_volcano_00000442,spain_volcano,strictv1__train__la_palma_volcano_00000442,train,spain_la_palma_volcano,False,4a704c8900657cd9dfc95d46e49c46a6c49c693a29e923fb68dd7f7c3c6e33e5
train,spain_volcano_00000447,spain_volcano,strictv1__train__la_palma_volcano_00000447,train,spain_la_palma_volcano,False,56436ccb03e45deac5569fcda753bc604584a52b2c0c162f3a5ddd8db8736820
train,spain_volcano_00000448,spain_volcano,strictv1__train__la_palma_volcano_00000448,train,spain_la_palma_volcano,False,b753472c272daf59208c02e296f007b7b726b7a89d6950082769571431a3871f
train,spain_volcano_00000449,spain_volcano,strictv1__train__la_palma_volcano_00000449,train,spain_la_palma_volcano,False,ac50f86c0912b009cc60b1975b72c322b3f1d74c27b04f4245705f62dfeb08c8
train,spain_volcano_00000450,spain_volcano,strictv1__train__la_palma_volcano_00000450,train,spain_la_palma_volcano,False,57409f7e71b6a1c5ced5f8925c829637f5c95aebcac8c0ca0ab7c9fc2652df37
train,spain_volcano_00000451,spain_volcano,strictv1__train__la_palma_volcano_00000451,train,spain_la_palma_volcano,False,c43031f03ea708adcc4563f8a9677c66fc38e2eb9048a42aa4efbf18da78eb13
train,spain_volcano_00000452,spain_volcano,strictv1__train__la_palma_volcano_00000452,train,spain_la_palma_volcano,False,cfb4fc02588dff40ac9fc93e8033f8d2912bdd889244a1389eb873ef8209a1e2
train,spain_volcano_00000453,spain_volcano,strictv1__train__la_palma_volcano_00000453,train,spain_la_palma_volcano,False,02605c3a6e0cd5f7cb02fdd59d9bad82c50785248d91c72978cfce3234ac0fae
train,spain_volcano_00000454,spain_volcano,strictv1__train__spain_volcano_00000454,train,spain_la_palma_volcano,True,e7f83c04ee6c4a0305c882f974078961069db54636b90fb5039b7e80de159609
train,spain_volcano_00000455,spain_volcano,strictv1__train__la_palma_volcano_00000455,train,spain_la_palma_volcano,False,59c710c7914888016944e939acf120a4739cdacfed4fb2b0bf5c0c681ab5156d
train,spain_volcano_00000456,spain_volcano,strictv1__train__la_palma_volcano_00000456,train,spain_la_palma_volcano,False,b70751dfed3eadf8d8f2c3d00acd6a7270cb5a6a11b6b4e89a36f484495968bc
train,spain_volcano_00000457,spain_volcano,strictv1__train__la_palma_volcano_00000457,train,spain_la_palma_volcano,False,1bfd10e40bbd0ca05ac5e16d5ae429577bb99f34a2ed55e6f049e54f19ff54f4
train,spain_volcano_00000458,spain_volcano,strictv1__train__la_palma_volcano_00000458,train,spain_la_palma_volcano,False,c7ee4593848e4c35f322ccf5f2a28f20a5c9285cbbfc0fc37bdbbd4fb6aefe47
train,spain_volcano_00000459,spain_volcano,strictv1__train__la_palma_volcano_00000459,train,spain_la_palma_volcano,False,eb86ac1f06005c3b6f1daad49924a180cb903b7178124f2dfee8368bb796cd80
train,spain_volcano_00000460,spain_volcano,strictv1__train__la_palma_volcano_00000460,train,spain_la_palma_volcano,False,a6fc5375e22550e8805c1f6ee4b4a7bd91f7d9ef015545f61ace7614efc1efb3
train,spain_volcano_00000461,spain_volcano,strictv1__train__la_palma_volcano_00000461,train,spain_la_palma_volcano,False,65a39dd30be1f94cab45858913a84b3d079bb73148243d276f774a5fdbfea3e5
train,spain_volcano_00000462,spain_volcano,strictv1__train__la_palma_volcano_00000462,train,spain_la_palma_volcano,False,6c3a9ed8a4ad39783ef70184b1fe50f780e1266f52c6a30db7536d6c46f6f8c2
train,spain_volcano_00000463,spain_volcano,strictv1__train__spain_volcano_00000463,train,spain_la_palma_volcano,True,956fac3741e54215ee670ff731287490900c52a6de70ffe9259e1aed2dae1926
train,spain_volcano_00000464,spain_volcano,strictv1__train__la_palma_volcano_00000464,train,spain_la_palma_volcano,False,1b1d14328bab8301c809200de42a8ec34a2fae5b50f6084ab75f945e614ae6b5
train,spain_volcano_00000465,spain_volcano,strictv1__train__la_palma_volcano_00000465,train,spain_la_palma_volcano,False,e78cde3f95bc02502fce9b909456aded405a3e6ffa44fc1c66264dfc6cbf782d
train,spain_volcano_00000478,spain_volcano,strictv1__train__la_palma_volcano_00000478,train,spain_la_palma_volcano,False,c509375ebcdafab27d9f3aa4373d91cc12cb7cf0474a46edece082acf4fe5111
train,spain_volcano_00000479,spain_volcano,strictv1__train__la_palma_volcano_00000479,train,spain_la_palma_volcano,False,5b802d42c6790bc10b6973e613b4f63cf772d26b19c7e01246471a8e3e787bab
train,spain_volcano_00000480,spain_volcano,strictv1__train__spain_volcano_00000480,train,spain_la_palma_volcano,True,e49bd2949243eb9a9a903bac45f12c93910131a2278f7ca49e081b6efab525b5
train,spain_volcano_00000481,spain_volcano,strictv1__train__la_palma_volcano_00000481,train,spain_la_palma_volcano,False,d41d2e22f5e70a75b856cd54224d515464947221dd26a7ac471857efb17518ba
train,spain_volcano_00000482,spain_volcano,strictv1__train__la_palma_volcano_00000482,train,spain_la_palma_volcano,False,40557a29bfc52abfa2bf577fef8f51ecb3a32178e4ae40cf6ec779d7697e7c11
train,spain_volcano_00000483,spain_volcano,strictv1__train__la_palma_volcano_00000483,train,spain_la_palma_volcano,False,9f22f304ccf530c52fa145010678193d9caae1e1e2f9990d81778c37c67025ca
train,spain_volcano_00000484,spain_volcano,strictv1__train__la_palma_volcano_00000484,train,spain_la_palma_volcano,False,2bcb57974a1c7e06857aca5aac222f2a49f239346a682d01322686f742a82d8e
train,spain_volcano_00000485,spain_volcano,strictv1__train__la_palma_volcano_00000485,train,spain_la_palma_volcano,False,cf00be27ce6e7c4a1d7edf7d485c16fdb88c7196482f932c180b05b9b591dc86
train,spain_volcano_00000486,spain_volcano,strictv1__train__la_palma_volcano_00000486,train,spain_la_palma_volcano,False,78ff8d2d777091f39370672f43979919c619aeb871e73111f4779d67fd3533dd
train,spain_volcano_00000487,spain_volcano,strictv1__train__la_palma_volcano_00000487,train,spain_la_palma_volcano,False,4704a037ae0c90e2e19aa74ab7392578704d8e9c5dbe3144d273b110f901a008
train,spain_volcano_00000488,spain_volcano,strictv1__train__la_palma_volcano_00000488,train,spain_la_palma_volcano,False,7aa1ef972dd4884df5ff8e6e02f0f7fef29c5c68e6d4e17a2514eaf9c193fea5
train,spain_volcano_00000489,spain_volcano,strictv1__train__spain_volcano_00000489,train,spain_la_palma_volcano,True,0cd8a0409ac80f0f4dac858e629526ddf2efcbcc52285243fb11e5f19ae95df3
train,spain_volcano_00000490,spain_volcano,strictv1__train__la_palma_volcano_00000490,train,spain_la_palma_volcano,False,93fb5d333a4109e2314ba023132de8d4f94eadd3d5ef142e231e726f99e72171
train,spain_volcano_00000491,spain_volcano,strictv1__train__la_palma_volcano_00000491,train,spain_la_palma_volcano,False,43e5bbb82daa1bf2ffdcdec33697c0d4b5b78dd0ac1edd4bbb9bf3b48453931f
train,spain_volcano_00000492,spain_volcano,strictv1__train__la_palma_volcano_00000492,train,spain_la_palma_volcano,False,87821aab271243b32c1e64bffa6736d4852858c791fde9b7ad4a220f388481f0
train,spain_volcano_00000493,spain_volcano,strictv1__train__la_palma_volcano_00000493,train,spain_la_palma_volcano,False,68c0987cf16e125278ea1d6863a4acc4894a3ee9ab61df731201ee28162e4eb3
train,spain_volcano_00000494,spain_volcano,strictv1__train__la_palma_volcano_00000494,train,spain_la_palma_volcano,False,2edd02a872d274018145355701e52c28733a28eca4c65b0dcfd702d7c966d8d9
train,spain_volcano_00000495,spain_volcano,strictv1__train__la_palma_volcano_00000495,train,spain_la_palma_volcano,False,23f6bc8a30b5ddb8af4e65d3045192d9e35b0a7f96b8d5110b80d2a86ae236b9
train,spain_volcano_00000496,spain_volcano,strictv1__train__la_palma_volcano_00000496,train,spain_la_palma_volcano,False,4cdc53b12ee6337bc6e3ab1a7b25a3dc13cf005e2ca2c9297898891871428e95
train,spain_volcano_00000507,spain_volcano,strictv1__train__spain_volcano_00000507,train,spain_la_palma_volcano,True,680c5f9d04b57b61826b606b654176fedcf556df24aabefe543cf01a3a6503a4
train,spain_volcano_00000508,spain_volcano,strictv1__train__la_palma_volcano_00000508,train,spain_la_palma_volcano,False,52baed0cfc31573c40575c99ff8e4f82c461562903058e995e6595e7ade461b3
train,spain_volcano_00000509,spain_volcano,strictv1__train__la_palma_volcano_00000509,train,spain_la_palma_volcano,False,c0ee9f8ed94c5b45c73949b9adf99c1bb765513603a7a46d510f5ce595ec0d77
train,spain_volcano_00000510,spain_volcano,strictv1__train__la_palma_volcano_00000510,train,spain_la_palma_volcano,False,c71751fed21c11ac9b98f6057d4626f6c7179778ec61e364f6731a89ddc458af
train,spain_volcano_00000511,spain_volcano,strictv1__train__la_palma_volcano_00000511,train,spain_la_palma_volcano,False,f753468ff78174a3e28441396ae897be4d03dd2468297fe38d3507fb6b7cc956
train,spain_volcano_00000512,spain_volcano,strictv1__train__la_palma_volcano_00000512,train,spain_la_palma_volcano,False,d836684ca5d0d8e3c8f1f6ac8a63e8a202ffd4983875d427075dd6537a264b90
train,spain_volcano_00000513,spain_volcano,strictv1__train__la_palma_volcano_00000513,train,spain_la_palma_volcano,False,ec3683969c7f020e4750a0214299a440607efe90a5f92dcc9ac39c2782b78294
train,spain_volcano_00000514,spain_volcano,strictv1__train__la_palma_volcano_00000514,train,spain_la_palma_volcano,False,1fd99209e6fb9b1b690d1154e4973e4167cecfd26180aec11fdf08f23cd648fa
train,spain_volcano_00000515,spain_volcano,strictv1__train__la_palma_volcano_00000515,train,spain_la_palma_volcano,False,2088760fe922368a378234d38e52b5514a9495713863d143e2452ff0d1272289
train,spain_volcano_00000516,spain_volcano,strictv1__train__spain_volcano_00000516,train,spain_la_palma_volcano,True,48b1868b7f187ecf037c85beb47d76b72f2e604de04df971698f2b1f60b4ec2c
train,spain_volcano_00000517,spain_volcano,strictv1__train__la_palma_volcano_00000517,train,spain_la_palma_volcano,False,0a1c23fb312a6205994bb55ed246e63a9c8673182170fa23907d8c667c6aa4b8
train,spain_volcano_00000518,spain_volcano,strictv1__train__la_palma_volcano_00000518,train,spain_la_palma_volcano,False,620970a6123aec5adca22adc79c4a2ddb4a469d3b277a74e32a74c8087801b20
train,spain_volcano_00000519,spain_volcano,strictv1__train__la_palma_volcano_00000519,train,spain_la_palma_volcano,False,2de5bf34509c2908d828f038a871a1d672c37187dc6285f1110485b1ef58f371
train,spain_volcano_00000520,spain_volcano,strictv1__train__la_palma_volcano_00000520,train,spain_la_palma_volcano,False,f6ba8c0c9f2c75e5b39cbafcf4c96e3003ef4af7d7ac617b9207d9068d4565ee
train,spain_volcano_00000521,spain_volcano,strictv1__train__la_palma_volcano_00000521,train,spain_la_palma_volcano,False,6b44eac0fae5f7af7c236dc431bf5cc59d472a6c52ea6d7fe5fccb82af651503
train,spain_volcano_00000522,spain_volcano,strictv1__train__la_palma_volcano_00000522,train,spain_la_palma_volcano,False,47deb45b3194c209d3149d868d90516a5c5b0306c74aa72801a8fd7fb5d8413f
train,spain_volcano_00000523,spain_volcano,strictv1__train__la_palma_volcano_00000523,train,spain_la_palma_volcano,False,2287aa8f0052dfd66a93c288742347edc75914b7bcecc74ac938cae32a29bd34
train,spain_volcano_00000524,spain_volcano,strictv1__train__spain_volcano_00000524,train,spain_la_palma_volcano,True,7886d469cc85b824098e75664128b5ecbc7bfc75b2f415f9735972b4b4c5634b
train,spain_volcano_00000525,spain_volcano,strictv1__train__la_palma_volcano_00000525,train,spain_la_palma_volcano,False,12823e876ae2b9f82ad85b044a4709fd0749fe8db90acad15b1facfaefea3959
train,spain_volcano_00000526,spain_volcano,strictv1__train__la_palma_volcano_00000526,train,spain_la_palma_volcano,False,39e2424f7d7aad5fc98f386caab450757236f2aa65490444c7e11ef4decb1b79
train,spain_volcano_00000527,spain_volcano,strictv1__train__la_palma_volcano_00000527,train,spain_la_palma_volcano,False,12832e3798887ed07dc025bc5bc2cbd3611163f6f92ca43e25055677296303bb
train,spain_volcano_00000530,spain_volcano,strictv1__train__la_palma_volcano_00000530,train,spain_la_palma_volcano,False,d0cfa93c2702297d67854468fd040a2435a0ab7cf746cd3315c944f2f4975cf8
train,spain_volcano_00000537,spain_volcano,strictv1__train__la_palma_volcano_00000537,train,spain_la_palma_volcano,False,73d2bc8a0c9355f7d4b57b88eccc9a59b401185b46acae731e12fb80aa458c64
train,spain_volcano_00000538,spain_volcano,strictv1__train__la_palma_volcano_00000538,train,spain_la_palma_volcano,False,844c673cb0459f305108a3aa587f4ab3be0b842668ec80285edcedccd755e7e1
train,spain_volcano_00000539,spain_volcano,strictv1__train__la_palma_volcano_00000539,train,spain_la_palma_volcano,False,afb522aaf15ef8ddad861d5deed95b415aebbba4f714c8be68df066e63d94c85
train,spain_volcano_00000540,spain_volcano,strictv1__train__la_palma_volcano_00000540,train,spain_la_palma_volcano,False,991167de8ee16a2aca6c585c5456af4ffc31bf9204a25879a7ffcf60cabcf284
train,spain_volcano_00000541,spain_volcano,strictv1__train__la_palma_volcano_00000541,train,spain_la_palma_volcano,False,9f6a3bb242742a77893df57c56a70a796ecbdc73cfe32ed2336e939ebc9463fa
train,spain_volcano_00000542,spain_volcano,strictv1__train__la_palma_volcano_00000542,train,spain_la_palma_volcano,False,bd24bfb91a4fbd7bc43e6e0aa49edb7fb4fddddb0162b5b9a1dafa7f25dc6a55
train,spain_volcano_00000543,spain_volcano,strictv1__train__spain_volcano_00000543,train,spain_la_palma_volcano,True,1778b8ad6336734b24123963622e6a5bd3e1768bf2885ff651c8b0f990f56125
train,spain_volcano_00000544,spain_volcano,strictv1__train__la_palma_volcano_00000544,train,spain_la_palma_volcano,False,bc1ecf38d67c151cd30a54319610d0a7e5e8c7c1ba401df0d7ed419bb50d76d2
train,spain_volcano_00000545,spain_volcano,strictv1__train__la_palma_volcano_00000545,train,spain_la_palma_volcano,False,f9b4c70c14686c89d2ed169138e20d5b706964bb1f8b69d5361749093bb51b8f
train,spain_volcano_00000546,spain_volcano,strictv1__train__la_palma_volcano_00000546,train,spain_la_palma_volcano,False,6075e575eee4105695a2e784e56c7250a2cba896bdbd832e98eb05a63d20cd10
train,spain_volcano_00000547,spain_volcano,strictv1__train__la_palma_volcano_00000547,train,spain_la_palma_volcano,False,abc44b0a0549517ca7656b9da9c63981d6bc128a6a7032fdec4c9d9d09213436
train,spain_volcano_00000548,spain_volcano,strictv1__train__la_palma_volcano_00000548,train,spain_la_palma_volcano,False,8e8ba9f1d5b142c65791d3012324487e8b79516846634298f7da63895c1b89c5
train,spain_volcano_00000549,spain_volcano,strictv1__train__la_palma_volcano_00000549,train,spain_la_palma_volcano,False,d615e6a0db69f79c556ca9f497bad933de7e7fbd9e1e81dad147f12ba4f1b91e
train,spain_volcano_00000550,spain_volcano,strictv1__train__la_palma_volcano_00000550,train,spain_la_palma_volcano,False,cf2d2a8efdb4956ccb46d86757dc0fda5224b3881fe91e752a04224a911b2023
train,spain_volcano_00000551,spain_volcano,strictv1__train__la_palma_volcano_00000551,train,spain_la_palma_volcano,False,52e6da3ad1e0e73bedae41b8271bbedc5b5cfffd4e4bef2cea0fd850c9c6ef3f
train,spain_volcano_00000552,spain_volcano,strictv1__train__spain_volcano_00000552,train,spain_la_palma_volcano,True,a0b94c736ce5351a85cd8ed8d579ff15d2382945f31a85dbe11a000b69064ab2
train,spain_volcano_00000555,spain_volcano,strictv1__train__la_palma_volcano_00000555,train,spain_la_palma_volcano,False,11381bbeb3764325e473e5bacad00553fba3fb1641958aa5ac812dfe8f1dec10
train,spain_volcano_00000556,spain_volcano,strictv1__train__la_palma_volcano_00000556,train,spain_la_palma_volcano,False,6b1dc0f768198c4e530617131865481392b04a642ac4f0d32662d2d9be6aa417
train,spain_volcano_00000557,spain_volcano,strictv1__train__la_palma_volcano_00000557,train,spain_la_palma_volcano,False,5799539ddd46cacc7ed1556bacfe255b2b33d68877005ca383a59e5d85669290
train,spain_volcano_00000558,spain_volcano,strictv1__train__la_palma_volcano_00000558,train,spain_la_palma_volcano,False,186f7ef1fc79366642007d5fa789fa04f8e6e23b39261f09c55dff1d5c9c8d93
train,spain_volcano_00000565,spain_volcano,strictv1__train__la_palma_volcano_00000565,train,spain_la_palma_volcano,False,b17dc397e4f40e01ac556bd9b20a93a7a6d8e1b39b25e314aee83268e8b3bd00
train,spain_volcano_00000566,spain_volcano,strictv1__train__la_palma_volcano_00000566,train,spain_la_palma_volcano,False,600ed1bc74de38b9d6a02a259a70b6a83ca658c990312bf3d8df142b4de36909
train,spain_volcano_00000567,spain_volcano,strictv1__train__la_palma_volcano_00000567,train,spain_la_palma_volcano,False,4a5051b4111216ca854989ec23d44966b1a011465a9cfd739ef88ca38c2db975
train,spain_volcano_00000568,spain_volcano,strictv1__train__la_palma_volcano_00000568,train,spain_la_palma_volcano,False,2394c77cbbdbdfe2e61575cd9d808f6f5d1c88f16e977db064e1695f05b983fa
train,spain_volcano_00000569,spain_volcano,strictv1__train__la_palma_volcano_00000569,train,spain_la_palma_volcano,False,e5c2247937fc5c74191c29c807ccfd0911ab9223742da2af72cdfc074ffe9db2
train,spain_volcano_00000570,spain_volcano,strictv1__train__spain_volcano_00000570,train,spain_la_palma_volcano,True,aabc966321bab074758b17a9a9e1bd108976e339ad7999188cc8229644071243
train,spain_volcano_00000571,spain_volcano,strictv1__train__la_palma_volcano_00000571,train,spain_la_palma_volcano,False,f184ea92ce0fb792df9a644158a4b5bcffab2acfa531cee07cba5199afe2d7be
train,spain_volcano_00000572,spain_volcano,strictv1__train__la_palma_volcano_00000572,train,spain_la_palma_volcano,False,cd9e44fb9c4555d4d3ecc5f91e0554002dc1297bc8bfe8c091209c24d30b72d7
train,spain_volcano_00000573,spain_volcano,strictv1__train__la_palma_volcano_00000573,train,spain_la_palma_volcano,False,c6c422584a6cd751ddc699008f985b7855cd7014ce8f62d6cfa508783be87aa6
train,spain_volcano_00000574,spain_volcano,strictv1__train__la_palma_volcano_00000574,train,spain_la_palma_volcano,False,921edf49ecaa02b5e1849246208d27482d3bdcd413ac4cff3a86bab3ad6a0e49
train,spain_volcano_00000575,spain_volcano,strictv1__train__la_palma_volcano_00000575,train,spain_la_palma_volcano,False,64891a7cb1b9f66aa4a051fa01ea4ec7dafd29ccb1fca2e9f196e342064ed2de
train,spain_volcano_00000576,spain_volcano,strictv1__train__la_palma_volcano_00000576,train,spain_la_palma_volcano,False,867745ee8549ce80c8b23b227a8f922a90bc43f0c9e2b7543f950427119002a6
train,spain_volcano_00000577,spain_volcano,strictv1__train__la_palma_volcano_00000577,train,spain_la_palma_volcano,False,72405558c4e56214a082075e18630ea4c0f2971b3e73fcc55f2137ea6d55f629
train,spain_volcano_00000578,spain_volcano,strictv1__train__la_palma_volcano_00000578,train,spain_la_palma_volcano,False,c9ff29f217162346560893803719fc10e6762073c393b78af229381433c82235
train,spain_volcano_00000579,spain_volcano,strictv1__train__spain_volcano_00000579,train,spain_la_palma_volcano,True,6653bc27e79dbbada3806f2171ee8191667e15bacaffc904c0bf8da8aab3477f
train,spain_volcano_00000580,spain_volcano,strictv1__train__la_palma_volcano_00000580,train,spain_la_palma_volcano,False,85aa7c66cc12b247ee602ae1a2d46a43417d6fc2f1c4de781184db49a7fafbd6
train,spain_volcano_00000581,spain_volcano,strictv1__train__la_palma_volcano_00000581,train,spain_la_palma_volcano,False,44e27a71df788df44ec8e9ae04f24b99133d6a5e4460b39b52a6f9d25365105c
train,spain_volcano_00000582,spain_volcano,strictv1__train__la_palma_volcano_00000582,train,spain_la_palma_volcano,False,032f3f6ca43ef6734ebb47f992fa9b73ab6700875227ce98fd75bcee68fba4a9
train,spain_volcano_00000585,spain_volcano,strictv1__train__la_palma_volcano_00000585,train,spain_la_palma_volcano,False,8776be4212ccd6c9d6faf559cbaa4795c9e66dd1a203d38f62ea921fe4d37716
train,spain_volcano_00000593,spain_volcano,strictv1__train__spain_volcano_00000593,train,spain_la_palma_volcano,True,af8134267cb4c1ca2cee243a8d0ea6d6bd9a3408506f5734de3b1e08148462e4
train,spain_volcano_00000594,spain_volcano,strictv1__train__la_palma_volcano_00000594,train,spain_la_palma_volcano,False,2b7b14d40bbae522a8e0a01454955bc98e1367feef21f673fc240e6aaa7985ab
train,spain_volcano_00000595,spain_volcano,strictv1__train__la_palma_volcano_00000595,train,spain_la_palma_volcano,False,8758870472c7341a01ef5c4aa5f1da817d8a12366b79bf847c94cc34f49ee2c6
train,spain_volcano_00000596,spain_volcano,strictv1__train__la_palma_volcano_00000596,train,spain_la_palma_volcano,False,49a588e07057e9d8a8db6458ea3cde1fd6a219175a28590bae006b688ed61571
train,spain_volcano_00000597,spain_volcano,strictv1__train__la_palma_volcano_00000597,train,spain_la_palma_volcano,False,df894e41bac16abfa87b53e805f2a7136e75dae9465a9b0a6dcadbd5f098e3fc
train,spain_volcano_00000598,spain_volcano,strictv1__train__la_palma_volcano_00000598,train,spain_la_palma_volcano,False,ffb12c1a0693d529c0a09289822f94ea84cc59738272ce4dc47363faf677610e
train,spain_volcano_00000599,spain_volcano,strictv1__train__la_palma_volcano_00000599,train,spain_la_palma_volcano,False,0aaca205130b946350d10a4142cf45f38528c9c5f436651a40c6d4da87453682
train,spain_volcano_00000600,spain_volcano,strictv1__train__la_palma_volcano_00000600,train,spain_la_palma_volcano,False,01201000366305f9b3b28374e9b9300c701943217c649cfddf8b7d5d01c665e7
train,spain_volcano_00000601,spain_volcano,strictv1__train__la_palma_volcano_00000601,train,spain_la_palma_volcano,False,bc154bfcfb636a49c30be39e76562b20a72b41cf7efcf6d071f732eae01ac261
train,spain_volcano_00000602,spain_volcano,strictv1__train__spain_volcano_00000602,train,spain_la_palma_volcano,True,6e4cbad5141543eb9398b159a1553763a0df479685f93d37c36fb69a6fa838ff
train,spain_volcano_00000603,spain_volcano,strictv1__train__la_palma_volcano_00000603,train,spain_la_palma_volcano,False,99f006317b3aadfa9d070db5c6f616da5451aa8ffab644ea6258dff72577be06
train,spain_volcano_00000604,spain_volcano,strictv1__train__la_palma_volcano_00000604,train,spain_la_palma_volcano,False,e6e49610d93a828c1800e92d81c1afbedc7256086decb18b2bd566e91a434aa3
train,spain_volcano_00000605,spain_volcano,strictv1__train__la_palma_volcano_00000605,train,spain_la_palma_volcano,False,4539125ef4334354f61f8b682ff9fc30164d5ca6f3a88171ee52a31689e7314c
train,spain_volcano_00000606,spain_volcano,strictv1__train__la_palma_volcano_00000606,train,spain_la_palma_volcano,False,9f31a21a9c8dcf60b22f493a3a0cb6695b8e9136ee82713f543751a9f5e1ca5e
train,spain_volcano_00000607,spain_volcano,strictv1__train__la_palma_volcano_00000607,train,spain_la_palma_volcano,False,c1545b0bd732b53da35f3357df4925bee2f11b08c9a22a5e6121d115f0a163e6
train,spain_volcano_00000608,spain_volcano,strictv1__train__la_palma_volcano_00000608,train,spain_la_palma_volcano,False,6a7b92532891d3ea195efe14b2cc1a4ae7939fb3af65f6ff0983ab16ec543f67
train,spain_volcano_00000609,spain_volcano,strictv1__train__la_palma_volcano_00000609,train,spain_la_palma_volcano,False,ff35187a9f7baae8126f18aaefd30009dd9c3cbcb287e3d7f71812430604376a
train,spain_volcano_00000610,spain_volcano,strictv1__train__spain_volcano_00000610,train,spain_la_palma_volcano,True,61ba9f5dd60d5a7c6d11e118d7b245af086f271e749ceb0cda0fca53b2aa57e0
train,spain_volcano_00000614,spain_volcano,strictv1__train__la_palma_volcano_00000614,train,spain_la_palma_volcano,False,321bc1293e7c502e4593a43368bbda16d26c7c36085a8cb2871a15c28ac99b50
train,spain_volcano_00000615,spain_volcano,strictv1__train__la_palma_volcano_00000615,train,spain_la_palma_volcano,False,386029493211c14dcf81f39ea595ff87e8da5c166d9c70ab8d68cb3b3e3ec447
train,spain_volcano_00000616,spain_volcano,strictv1__train__la_palma_volcano_00000616,train,spain_la_palma_volcano,False,38ba261e929362e49cd6d7476a023f2394771cf0a1002211aeae4c69f0442148
train,spain_volcano_00000617,spain_volcano,strictv1__train__la_palma_volcano_00000617,train,spain_la_palma_volcano,False,a130913c65ea78d2a7b854f4c4bb6e6c1dfa0509577fb6ffa531492f412c1377
train,spain_volcano_00000618,spain_volcano,strictv1__train__la_palma_volcano_00000618,train,spain_la_palma_volcano,False,df21e33aec9bb735f0c815a4e01bfe8db6a6449978096f42206e5c0759f9670e
train,spain_volcano_00000619,spain_volcano,strictv1__train__la_palma_volcano_00000619,train,spain_la_palma_volcano,False,30b5678c813a3219724c1405563189804f8d52013ed826ff8b4e577ad86ee21f
train,spain_volcano_00000620,spain_volcano,strictv1__train__spain_volcano_00000620,train,spain_la_palma_volcano,True,283e66fee1b09c895178d3a013414f17c407edf7ae67e5c9960cc4a380b6e1f5
train,spain_volcano_00000621,spain_volcano,strictv1__train__la_palma_volcano_00000621,train,spain_la_palma_volcano,False,e2b759a72b44a52dfee826e62549b6278003253b2e82bc0a6ced4494d2ccd533
train,spain_volcano_00000624,spain_volcano,strictv1__train__la_palma_volcano_00000624,train,spain_la_palma_volcano,False,1604d15b400a9dadf16543fcf5146d56c1d47722adb561293314d961c6bcbc7a
train,spain_volcano_00000625,spain_volcano,strictv1__train__la_palma_volcano_00000625,train,spain_la_palma_volcano,False,bfcffc390562bfcf50a1805220efa0ca9c50104314c18e8fbd98e23e19a7d111
train,spain_volcano_00000626,spain_volcano,strictv1__train__la_palma_volcano_00000626,train,spain_la_palma_volcano,False,bba0745fea6dd537330a2e4c41361fa3f9baef7722ecf6cf94fbb6ef3a0ab028
train,spain_volcano_00000627,spain_volcano,strictv1__train__la_palma_volcano_00000627,train,spain_la_palma_volcano,False,fe50aa7e988daa3d837bff722010f7db627a44d1274677045daac8983b72cdfb
train,spain_volcano_00000628,spain_volcano,strictv1__train__la_palma_volcano_00000628,train,spain_la_palma_volcano,False,a69afa85250732192efb7b48a5526d72efe2a8ef8f5074e90e905bd84e928832
train,spain_volcano_00000630,spain_volcano,strictv1__train__la_palma_volcano_00000630,train,spain_la_palma_volcano,False,90e2766b75a0d1fd9a9c49497940066d0bba9c8325e0bb1898761ad260eaba4d
train,spain_volcano_00000634,spain_volcano,strictv1__train__la_palma_volcano_00000634,train,spain_la_palma_volcano,False,73679ca12b54a473504d4b12f1eeb0c08b7f48a7927bfceddecda161b36c63ed
train,spain_volcano_00000635,spain_volcano,strictv1__train__la_palma_volcano_00000635,train,spain_la_palma_volcano,False,d0d900766423c713d83d793158eabbcbce28650756f7d721ff1fb12ef7e8d7bc
train,spain_volcano_00000636,spain_volcano,strictv1__train__la_palma_volcano_00000636,train,spain_la_palma_volcano,False,498dd9fe21835e0d07ff84c21bf20a83e4223ce6b125b81484de5c714e9fae0e
train,spain_volcano_00000637,spain_volcano,strictv1__train__la_palma_volcano_00000637,train,spain_la_palma_volcano,False,74ab9da61e03f69de1c0657ffa1fdc00df3ea548359a52bc1e4dccf42012bb59
train,spain_volcano_00000638,spain_volcano,strictv1__train__spain_volcano_00000638,train,spain_la_palma_volcano,True,cc7f09107f7ab8df29b6d73b22105396764df9556cbf226eb6a7c4f199b7e2b3
train,spain_volcano_00000639,spain_volcano,strictv1__train__la_palma_volcano_00000639,train,spain_la_palma_volcano,False,13843c4e5fe8be1e4d7cf23dfa4581a4854d46402df10a06eef86e67e7af9933
train,spain_volcano_00000640,spain_volcano,strictv1__train__la_palma_volcano_00000640,train,spain_la_palma_volcano,False,72096e93a3df41769a9d9a5dd08bb264c6b9c8ff1abcfa99b7206b58b9d9443c
train,spain_volcano_00000641,spain_volcano,strictv1__train__la_palma_volcano_00000641,train,spain_la_palma_volcano,False,55e5d4f8570ebe1d426b238348b5b3f8b48330fca696681f00164ea7ceb0faee
train,spain_volcano_00000642,spain_volcano,strictv1__train__la_palma_volcano_00000642,train,spain_la_palma_volcano,False,550de51c1677123d36e49c6d34942e7002b336105f4a2d7c9f5d630aa0c03378
train,spain_volcano_00000643,spain_volcano,strictv1__train__la_palma_volcano_00000643,train,spain_la_palma_volcano,False,aa8be550918ee4c2b35524fb7edd10cdbb6000ba572cd2dc15ba24b9db0cb7cb
train,spain_volcano_00000644,spain_volcano,strictv1__train__la_palma_volcano_00000644,train,spain_la_palma_volcano,False,ef9c2b2d70c83d8a5512da521bf876dd0c9038e00e0e3966bf9091dd400b9fb6
train,spain_volcano_00000645,spain_volcano,strictv1__train__la_palma_volcano_00000645,train,spain_la_palma_volcano,False,39a80c9bd9f2226c2910a7c920c748677a969b80073e02555baa2c19a0adde19
train,spain_volcano_00000646,spain_volcano,strictv1__train__la_palma_volcano_00000646,train,spain_la_palma_volcano,False,3d3e427ca5a4ee952369682ac90a2167ef4ae8ac8cd93aba358e1e828f20b701
train,spain_volcano_00000647,spain_volcano,strictv1__train__spain_volcano_00000647,train,spain_la_palma_volcano,True,969cfdcc1cef2244e3480e6ff3193fd426e1b2d410a6248440a0c4715f75bbbc
train,spain_volcano_00000648,spain_volcano,strictv1__train__la_palma_volcano_00000648,train,spain_la_palma_volcano,False,f4da484ae8e0b6254c0166ec0f8868a7e81d80db9a9ff0c3e9696f5627cae37a
train,spain_volcano_00000649,spain_volcano,strictv1__train__la_palma_volcano_00000649,train,spain_la_palma_volcano,False,4d4b956058f22f7505c2c17fad6394fac074c8e76984d0325b5fbfccfdb4360a
train,spain_volcano_00000651,spain_volcano,strictv1__train__la_palma_volcano_00000651,train,spain_la_palma_volcano,False,b9eb1e24c3b97ff8c6ffda220a490bf14666c95795465c87e886d9320d19fb60
train,spain_volcano_00000655,spain_volcano,strictv1__train__la_palma_volcano_00000655,train,spain_la_palma_volcano,False,c069ca62f765dafe6cbb92a26c218b9663c88c50b546ebbafe3aecb45772d026
train,spain_volcano_00000656,spain_volcano,strictv1__train__spain_volcano_00000656,train,spain_la_palma_volcano,True,bd10ec8fc1056c9334084e1af19a73829729b75e588bb82e1de7e7719feea4a9
train,spain_volcano_00000657,spain_volcano,strictv1__train__la_palma_volcano_00000657,train,spain_la_palma_volcano,False,fff9a5e65cd36923c6766c60ee42e0917385b1b55e41310ab224af421fa6609d
train,spain_volcano_00000658,spain_volcano,strictv1__train__la_palma_volcano_00000658,train,spain_la_palma_volcano,False,4861606f1796af6322a381b5577d936a8302ccbd8bd45d3cf1a8273e09e3c657
train,spain_volcano_00000659,spain_volcano,strictv1__train__la_palma_volcano_00000659,train,spain_la_palma_volcano,False,bdb94d6d9abf2f1dd87258e2e3c2b33024e51ecec86180f444cde73ee18f314c
train,spain_volcano_00000661,spain_volcano,strictv1__train__la_palma_volcano_00000661,train,spain_la_palma_volcano,False,abb06f3fc7dc5514a9e5be965056288ab652866a4399463e0e3a780a2cd4e185
train,spain_volcano_00000662,spain_volcano,strictv1__train__la_palma_volcano_00000662,train,spain_la_palma_volcano,False,dea022da155b21a98b6c8c9bb15dd7d36cdab4c4c8d8cebcc448d6c0e3ae3191
train,spain_volcano_00000663,spain_volcano,strictv1__train__la_palma_volcano_00000663,train,spain_la_palma_volcano,False,27059bcc539f25ce2b1fd1b1070678cc9dc74b43597410f2ab5535c308d37071
train,spain_volcano_00000664,spain_volcano,strictv1__train__la_palma_volcano_00000664,train,spain_la_palma_volcano,False,742caeaf0f1523242e365d860872e65e0b4aaff7548aa829315e5da5670e08d2
train,spain_volcano_00000665,spain_volcano,strictv1__train__spain_volcano_00000665,train,spain_la_palma_volcano,True,2ea9ddfed3ba181ce00163cf5b4b92a5a86b3f660e99ef16961ed41802ec4e9a
train,spain_volcano_00000666,spain_volcano,strictv1__train__la_palma_volcano_00000666,train,spain_la_palma_volcano,False,4f415b65c78edca8f26428f4d21d9f1832687982bed99988f56fa1679ea26217
train,spain_volcano_00000667,spain_volcano,strictv1__train__la_palma_volcano_00000667,train,spain_la_palma_volcano,False,106c4cf99dbef82508fd374d48b36b30be3c8b4a526bcd0d74b2207f89aff4ff
train,spain_volcano_00000668,spain_volcano,strictv1__train__la_palma_volcano_00000668,train,spain_la_palma_volcano,False,1aef9ade215f03b7a918135ff283d7d51cca2860715a0267b1aabdc703badb02
train,spain_volcano_00000669,spain_volcano,strictv1__train__la_palma_volcano_00000669,train,spain_la_palma_volcano,False,640340874a34e91a60e53983b6274b79401a9e73119d8ccc97b3a5356a65500d
train,spain_volcano_00000670,spain_volcano,strictv1__train__la_palma_volcano_00000670,train,spain_la_palma_volcano,False,43f606c6bea2926e082fa98d0e5a5254d5f576ed7a66fff639ed19d81684d100
train,spain_volcano_00000673,spain_volcano,strictv1__train__la_palma_volcano_00000673,train,spain_la_palma_volcano,False,13b520a747dc8fca65deee6582f1c77eff69a9b0acfea58cc49ad52ed097c169
train,spain_volcano_00000674,spain_volcano,strictv1__train__la_palma_volcano_00000674,train,spain_la_palma_volcano,False,a640bb311dc1d649edd8ff5b46f93b255c37398e48075956a63f0707cd8789c4
train,spain_volcano_00000675,spain_volcano,strictv1__train__la_palma_volcano_00000675,train,spain_la_palma_volcano,False,4a0583d2c39dd4db1d77736688356d3d4ce56aea5f42fb04d805e69b626e0e7f
train,spain_volcano_00000676,spain_volcano,strictv1__train__spain_volcano_00000676,train,spain_la_palma_volcano,True,6808ab8593e48ffb06a7d1c4642e84040480cffaf24a3f426106ec9b93588225
train,spain_volcano_00000677,spain_volcano,strictv1__train__la_palma_volcano_00000677,train,spain_la_palma_volcano,False,37fab3b5deec8904d7b2fdb9c2fbe3868945ab95d75c24f05f1935a0d10c7a6c
train,spain_volcano_00000678,spain_volcano,strictv1__train__la_palma_volcano_00000678,train,spain_la_palma_volcano,False,5f9b9080e6586473c26f446614bce4c7c423da298e2948fd6c88ee7799ea2967
train,spain_volcano_00000679,spain_volcano,strictv1__train__la_palma_volcano_00000679,train,spain_la_palma_volcano,False,65d518c3fc91dcc110ee9bc20d998ca558205dc347a56e8fd0e2f68646e05ad5
train,spain_volcano_00000680,spain_volcano,strictv1__train__la_palma_volcano_00000680,train,spain_la_palma_volcano,False,86a52048b006488cbd9246d4c1fa0506f371f4c90f6e7585850e0ff7673255ef
train,spain_volcano_00000681,spain_volcano,strictv1__train__la_palma_volcano_00000681,train,spain_la_palma_volcano,False,a8c98a1a05206747009c8392f2c2c6bbb522916c8fe52a25b7505072fdfa3015
train,spain_volcano_00000682,spain_volcano,strictv1__train__la_palma_volcano_00000682,train,spain_la_palma_volcano,False,849a1b1e9cd2843ee4118284110a1c8ceb48cb5e7f9058431a5b133ef6ee4936
train,spain_volcano_00000683,spain_volcano,strictv1__train__la_palma_volcano_00000683,train,spain_la_palma_volcano,False,3332417df60281ea0a723c9f885c34fc06d93c06f1aafab57524c9eb9d286f66
train,spain_volcano_00000686,spain_volcano,strictv1__train__la_palma_volcano_00000686,train,spain_la_palma_volcano,False,429366ab4686e18c9d25d004b0fb4af14ddf6c09cb15d2ff21e93cf804f6fb39
train,spain_volcano_00000687,spain_volcano,strictv1__train__la_palma_volcano_00000687,train,spain_la_palma_volcano,False,b23ff384d0cad052e2405b7de742bed40e08f2daafaa5ce8bbb98b28622b076a
train,spain_volcano_00000689,spain_volcano,strictv1__train__la_palma_volcano_00000689,train,spain_la_palma_volcano,False,6669f53d63ad5758ba84642d24bcb34a08ef64f2e42daab37c2b0ea486ff1eee
train,spain_volcano_00000694,spain_volcano,strictv1__train__la_palma_volcano_00000694,train,spain_la_palma_volcano,False,d093289038f7169ac8baaa9a1727ec7d21b320b64227394e333fc9900e6875f0
train,spain_volcano_00000695,spain_volcano,strictv1__train__la_palma_volcano_00000695,train,spain_la_palma_volcano,False,be6940712ae5799c0ceb4758477ff73e2c73e1308007baf1ffa2b76c9906ee8f
train,spain_volcano_00000696,spain_volcano,strictv1__train__spain_volcano_00000696,train,spain_la_palma_volcano,True,d578ef60d82cbcff833f509cb8b68759ba86ee6d5bf7a68ef52839419ee0423e
train,spain_volcano_00000697,spain_volcano,strictv1__train__la_palma_volcano_00000697,train,spain_la_palma_volcano,False,d25b3786fe7ba3cc667f99f39d978ff97ffb0f995a4106487f9e4d1a69d3fdba
train,spain_volcano_00000698,spain_volcano,strictv1__train__la_palma_volcano_00000698,train,spain_la_palma_volcano,False,8d52aa773ab4f85226541e79847547330b1a92f9e108ec759d83a8e619524e60
train,spain_volcano_00000699,spain_volcano,strictv1__train__la_palma_volcano_00000699,train,spain_la_palma_volcano,False,9a53997fffcd23370e4f12b7ccc4c06f1603920dcb5b869c620119ddc1d83580
train,spain_volcano_00000700,spain_volcano,strictv1__train__la_palma_volcano_00000700,train,spain_la_palma_volcano,False,98c2f41b4bb964cd75ad73dfa8385eb703a50b760d4b0bc01620a1c655ab4177
train,spain_volcano_00000701,spain_volcano,strictv1__train__la_palma_volcano_00000701,train,spain_la_palma_volcano,False,1593ef2ff7a27f0b65b9b00c3031576c5017764433db84c9929154d38b174d15
train,spain_volcano_00000702,spain_volcano,strictv1__train__la_palma_volcano_00000702,train,spain_la_palma_volcano,False,3158fd23a38e42adbe33fe98cc5fc6f5c9763985759165634fb41da03a49d44e
train,spain_volcano_00000703,spain_volcano,strictv1__train__la_palma_volcano_00000703,train,spain_la_palma_volcano,False,357a9563d01c727690d7d8606039b700fd8a5d580ff99380715ba16d9f0fc2b6
train,spain_volcano_00000704,spain_volcano,strictv1__train__spain_volcano_00000704,train,spain_la_palma_volcano,True,72fe6688f5c85a3480d8ff1c2c0c1d29dfeec71982e0f47d6affc4a533ebd6c4
train,spain_volcano_00000705,spain_volcano,strictv1__train__la_palma_volcano_00000705,train,spain_la_palma_volcano,False,7155e59ce839a194cc0d477a97b4c3fcc8b82d2597b8cb668fe187fd7ce68e72
train,spain_volcano_00000706,spain_volcano,strictv1__train__la_palma_volcano_00000706,train,spain_la_palma_volcano,False,1a889ecdae24daf60313557f621a0a87037351af486e5e0e54f58baaed206b4b
train,spain_volcano_00000707,spain_volcano,strictv1__train__la_palma_volcano_00000707,train,spain_la_palma_volcano,False,3bbda8cfd3168c0aaeb4fae0f53d463dd9d9747fc665060a696c213ca2a628a0
train,spain_volcano_00000709,spain_volcano,strictv1__train__la_palma_volcano_00000709,train,spain_la_palma_volcano,False,9e2354cc52533959c12165446e3c9230324d10a037f95329e8e89b879dbc0c80
train,spain_volcano_00000710,spain_volcano,strictv1__train__la_palma_volcano_00000710,train,spain_la_palma_volcano,False,d7f3cea28acb53cfd017cc0360852acd2af3474cb0a88ae96a5a7fd71c9f27a5
train,spain_volcano_00000712,spain_volcano,strictv1__train__la_palma_volcano_00000712,train,spain_la_palma_volcano,False,211b8b946a8583794cf36f1203816a3bc66f9f3e10c5951d21a24ec5ae567955
train,spain_volcano_00000714,spain_volcano,strictv1__train__spain_volcano_00000714,train,spain_la_palma_volcano,True,f5da1b6700f863bef0d4d640a0ad783157bb356f1550d7c2fd976015327088f9
train,spain_volcano_00000717,spain_volcano,strictv1__train__la_palma_volcano_00000717,train,spain_la_palma_volcano,False,0e6bbe275cee4b31d2d6a8167303f7aef2871cea4f5f5ffa598c54e3321840b2
train,spain_volcano_00000718,spain_volcano,strictv1__train__la_palma_volcano_00000718,train,spain_la_palma_volcano,False,5fd275d7d4a6c54046d85a48f909303283ddb075c8c71e23dd04ec4ad17efc13
train,spain_volcano_00000719,spain_volcano,strictv1__train__la_palma_volcano_00000719,train,spain_la_palma_volcano,False,e2aa323ee4c7786c7f4dc0e5d3cb214c88a09b1cdfddc84eed2079f3859f66c4
train,spain_volcano_00000720,spain_volcano,strictv1__train__la_palma_volcano_00000720,train,spain_la_palma_volcano,False,ae23a08e747f059162a48d5f85e7eea1f09b6514a85276fc94c2df05f75f77eb
train,spain_volcano_00000721,spain_volcano,strictv1__train__la_palma_volcano_00000721,train,spain_la_palma_volcano,False,71e10b414a51a8ecf53d52b9e0ad89b262201a0b1497ef8a452ddd613a7b5425
train,spain_volcano_00000722,spain_volcano,strictv1__train__la_palma_volcano_00000722,train,spain_la_palma_volcano,False,253d4f50680f408f3468e2af4d7e8db6a7f7a13ae1bff03e6f468c949ac3175a
train,spain_volcano_00000723,spain_volcano,strictv1__train__spain_volcano_00000723,train,spain_la_palma_volcano,True,47b9ac9de085ec9ab5d9c8bbc4f606023e32ab5446b3100329911543b3f6f3fe
train,spain_volcano_00000724,spain_volcano,strictv1__train__la_palma_volcano_00000724,train,spain_la_palma_volcano,False,f31e60ceda098572114f54104b5e1c86762309b907abd3dd41b89affc9ece2c0
train,spain_volcano_00000725,spain_volcano,strictv1__train__la_palma_volcano_00000725,train,spain_la_palma_volcano,False,9e29386d3287947d10cf38d1b0dde94943cf5078164c9fb6752125e231b43b22
train,spain_volcano_00000726,spain_volcano,strictv1__train__la_palma_volcano_00000726,train,spain_la_palma_volcano,False,43b7ce9e002a68e3e6c46762f5773df1e0cad49fa95fe1ae4d783055ce53679c
train,spain_volcano_00000727,spain_volcano,strictv1__train__la_palma_volcano_00000727,train,spain_la_palma_volcano,False,73c9b24294969a093e149ab87c10a9e51e45723e3f8f26ae652107dd7bedcd08
train,spain_volcano_00000728,spain_volcano,strictv1__train__la_palma_volcano_00000728,train,spain_la_palma_volcano,False,032091e9ab2ba4c5070f8ba26a11a74c950ced6e2f938e7a303f46d730d891f9
train,spain_volcano_00000729,spain_volcano,strictv1__train__la_palma_volcano_00000729,train,spain_la_palma_volcano,False,721d90a9ddb1e8ca8af3249a9d0399e17ddb88031809af987866ae3f1aa7aff8
train,spain_volcano_00000730,spain_volcano,strictv1__train__la_palma_volcano_00000730,train,spain_la_palma_volcano,False,c5d9d71129aa6dc6fa51a3d15aa1d347d7ff83b193c42114d89f8e745cc7bfbd
train,spain_volcano_00000735,spain_volcano,strictv1__train__la_palma_volcano_00000735,train,spain_la_palma_volcano,False,3618e7a2b9c01cfa840c9fb8933b230c365ea52d8435ef45d739b2045abc207b
train,spain_volcano_00000736,spain_volcano,strictv1__train__la_palma_volcano_00000736,train,spain_la_palma_volcano,False,02a39e57e11c61affe3ffe88a686ea65aa29edbc12f97b5825d9937c30473ffb
train,spain_volcano_00000737,spain_volcano,strictv1__train__la_palma_volcano_00000737,train,spain_la_palma_volcano,False,41544244ad59dfb5e4ea06da6e1f715a74100f4cae6f7d00e90ce540e28fa2e8
train,spain_volcano_00000738,spain_volcano,strictv1__train__la_palma_volcano_00000738,train,spain_la_palma_volcano,False,d7ed737bc170a6a5c3fef5b3c57e77d1d8c2de4028865123185818c2b14ebf6f
train,spain_volcano_00000739,spain_volcano,strictv1__train__la_palma_volcano_00000739,train,spain_la_palma_volcano,False,b758cc2e569f72f57270c243ce0bceb8e6c468198e099e58e2ab3837a6a495c5
train,spain_volcano_00000740,spain_volcano,strictv1__train__la_palma_volcano_00000740,train,spain_la_palma_volcano,False,3e4c95bd25841cf1b89bb557e16fa57aa3e976c2f94d0dc73613cc6fe78f03ee
train,spain_volcano_00000741,spain_volcano,strictv1__train__la_palma_volcano_00000741,train,spain_la_palma_volcano,False,cfee8c634daa9863e1a8494b3378f15a6cc40128cbbd5e36c66230e7b21bc439
train,spain_volcano_00000742,spain_volcano,strictv1__train__spain_volcano_00000742,train,spain_la_palma_volcano,True,aa127e22417cb6c11e450e49ee91863ba521e3297e4c123c5862ad7968a4d336
train,spain_volcano_00000743,spain_volcano,strictv1__train__la_palma_volcano_00000743,train,spain_la_palma_volcano,False,f97ce3061ea286c4efff90658ada3515eb7e5c1fe48345b53eacf2328a3c05a2
train,spain_volcano_00000744,spain_volcano,strictv1__train__la_palma_volcano_00000744,train,spain_la_palma_volcano,False,47380e27df1d257443a5895c47fcfa10999832226184b6c8c84861d98dafd8c1
train,spain_volcano_00000745,spain_volcano,strictv1__train__la_palma_volcano_00000745,train,spain_la_palma_volcano,False,82e45a3492ce378078787cdd8de8af75a98efb451886df2399e1b129e057e3b4
train,spain_volcano_00000748,spain_volcano,strictv1__train__la_palma_volcano_00000748,train,spain_la_palma_volcano,False,9d837dd080c31ce2075528cbae9b6215f3d77315a6d298c44773bcb93a9502ef
train,spain_volcano_00000749,spain_volcano,strictv1__train__la_palma_volcano_00000749,train,spain_la_palma_volcano,False,929d8f3ea4b0ec270a8b2aefdf777a07b3b4baa18b97e1aee9a68ae60df9c7f1
train,spain_volcano_00000750,spain_volcano,strictv1__train__la_palma_volcano_00000750,train,spain_la_palma_volcano,False,9fe2638702aadf7bb7d57771dea9e0a9eafcfc68e7bcba211de8913bcd0bd6c7
train,spain_volcano_00000751,spain_volcano,strictv1__train__spain_volcano_00000751,train,spain_la_palma_volcano,True,843c07610b660970182bf62641e2630829833bf74a112a167850fd4c305f587e
train,spain_volcano_00000755,spain_volcano,strictv1__train__la_palma_volcano_00000755,train,spain_la_palma_volcano,False,c831e09b4e512ab865b357b6bcb17b1d3b1642b90aa843a283af365165f1f882
train,spain_volcano_00000756,spain_volcano,strictv1__train__la_palma_volcano_00000756,train,spain_la_palma_volcano,False,632f99113b1e3f5a6bc1153670a64daa9ac6d58b72732f16531901fb24f7c3a0
train,spain_volcano_00000757,spain_volcano,strictv1__train__la_palma_volcano_00000757,train,spain_la_palma_volcano,False,d1171bd98e93a7d9c5ce98e7cd0be6fc72962705795d447ab4a38150b5f98638
train,spain_volcano_00000758,spain_volcano,strictv1__train__la_palma_volcano_00000758,train,spain_la_palma_volcano,False,90b9ced1ea95b4a4750ef83d6fc3fdc9db9c8b308a934367ee44f8e80fea2f74
train,spain_volcano_00000759,spain_volcano,strictv1__train__la_palma_volcano_00000759,train,spain_la_palma_volcano,False,0d914beb046921bd246fffe486db00e909894dd90e4ad65dcf37a79081f9a2af
train,spain_volcano_00000760,spain_volcano,strictv1__train__la_palma_volcano_00000760,train,spain_la_palma_volcano,False,041267b161d9c4348822b5023bce7f14e5a298f8921692eeb57e0831419b0dbb
train,spain_volcano_00000761,spain_volcano,strictv1__train__spain_volcano_00000761,train,spain_la_palma_volcano,True,af40dfdd8857e086876b07ae289de380534ea35e8fd8b8034fba6f3755695c6c
train,spain_volcano_00000762,spain_volcano,strictv1__train__la_palma_volcano_00000762,train,spain_la_palma_volcano,False,fa15783395e22fcd1ee9b08c6b7e93c792dba5821b5c891695b23c421c64c0c2
train,spain_volcano_00000763,spain_volcano,strictv1__train__la_palma_volcano_00000763,train,spain_la_palma_volcano,False,4527bb87856b0b96a5c4796dc346106588c08bda8a215d1ab0df20e16bdb7dea
train,spain_volcano_00000764,spain_volcano,strictv1__train__la_palma_volcano_00000764,train,spain_la_palma_volcano,False,a7e925e117d485dd486680424f9be2db5b5cfbcbaa7dae8eb1f80fd97b13a931
train,spain_volcano_00000765,spain_volcano,strictv1__train__la_palma_volcano_00000765,train,spain_la_palma_volcano,False,3191a32bedaebe750799482d14b1a99614b83025eb83a130a1ba528bc3a7b7db
train,spain_volcano_00000766,spain_volcano,strictv1__train__la_palma_volcano_00000766,train,spain_la_palma_volcano,False,fdf3511756162d5557ed89a9b9ede3a433749db1117797bf62f3ad1db9356f55
train,spain_volcano_00000767,spain_volcano,strictv1__train__la_palma_volcano_00000767,train,spain_la_palma_volcano,False,5e6a6dc2eab2fa350927fcc62a73c2d9976e4548e53c964a70acb926e8441c51
train,spain_volcano_00000768,spain_volcano,strictv1__train__la_palma_volcano_00000768,train,spain_la_palma_volcano,False,e2dd7d09aed8e62194cb59006e2eaaf32f1aa1f2dea8533ce1a9a0e92d5ccbed
train,spain_volcano_00000769,spain_volcano,strictv1__train__la_palma_volcano_00000769,train,spain_la_palma_volcano,False,6c2b80ecea6a785ff46964c24c2fbe7be3010db943f8c25536fbd13013618003
train,spain_volcano_00000775,spain_volcano,strictv1__train__la_palma_volcano_00000775,train,spain_la_palma_volcano,False,a8b2aeb783ee87a6cfb107b5364aeb5d362b299e763f9595d522679455dfd133
train,spain_volcano_00000776,spain_volcano,strictv1__train__la_palma_volcano_00000776,train,spain_la_palma_volcano,False,9e21f195f187430d8faf95dd74e27d3a647c8d0562dfb93e5c8b13e35957c0dc
train,spain_volcano_00000780,spain_volcano,strictv1__train__la_palma_volcano_00000780,train,spain_la_palma_volcano,False,0a8d39402b7a9e452154d88981c3ae7889a839a087d48aa0d8c493ba044d8268
train,spain_volcano_00000781,spain_volcano,strictv1__train__spain_volcano_00000781,train,spain_la_palma_volcano,True,447ca700d0883c7abf3e5ee27f433805a4be1dac4fde20ae1482bdc28127ece8
train,spain_volcano_00000782,spain_volcano,strictv1__train__la_palma_volcano_00000782,train,spain_la_palma_volcano,False,197afdf937595363b1e227cadba4f9c22e9ec8c7cfb9c0b1ac13ddb8e531291b
train,spain_volcano_00000783,spain_volcano,strictv1__train__la_palma_volcano_00000783,train,spain_la_palma_volcano,False,5d023390fbe96e637732b7bb21e6e29cbd898ae16926d383949d4625778f0e9c
train,spain_volcano_00000784,spain_volcano,strictv1__train__la_palma_volcano_00000784,train,spain_la_palma_volcano,False,a48896c2f3712229a6a7b335232d08ba6b6b9ca4759a18c8a3341dd070f2d3a3
train,spain_volcano_00000785,spain_volcano,strictv1__train__la_palma_volcano_00000785,train,spain_la_palma_volcano,False,311bcdb0d3e2dcf7eb7cb7a4fb9ad4aa615349a3d14c688c17459ac50ae12bb6
train,spain_volcano_00000793,spain_volcano,strictv1__train__la_palma_volcano_00000793,train,spain_la_palma_volcano,False,2591bb1c6d3837a352aa20ab7a29330f37257cf1c3cf7fe4bae3fa9497eb4887
train,spain_volcano_00000794,spain_volcano,strictv1__train__la_palma_volcano_00000794,train,spain_la_palma_volcano,False,81028a92a812ac6f17e31e2978dc8482b974e762bb1f1551b8892ce1667f7a2a
train,spain_volcano_00000795,spain_volcano,strictv1__train__la_palma_volcano_00000795,train,spain_la_palma_volcano,False,6d642d6b344b73accc205c81ae950939f8f0e49b4f383b06f79772b4d0e09ada
train,spain_volcano_00000796,spain_volcano,strictv1__train__la_palma_volcano_00000796,train,spain_la_palma_volcano,False,ca14295d26900f1de9694380109514b95afd3d1592abdb84c0536fa489978847
train,spain_volcano_00000798,spain_volcano,strictv1__train__la_palma_volcano_00000798,train,spain_la_palma_volcano,False,f12ae9cd8e1d3aa3250aae3ecc1070a12261a27028cae85493128958b626f6dd
train,spain_volcano_00000802,spain_volcano,strictv1__train__la_palma_volcano_00000802,train,spain_la_palma_volcano,False,01164801ce5c91e5419f3a5fd9f8c10b5bb7e3df111087bcec326a4846359a9b
train,spain_volcano_00000803,spain_volcano,strictv1__train__la_palma_volcano_00000803,train,spain_la_palma_volcano,False,934db985dc74ab6eeb6f21086ae906db4f73bbb73d4bde4a1de1d93ed5b347d0
train,spain_volcano_00000804,spain_volcano,strictv1__train__la_palma_volcano_00000804,train,spain_la_palma_volcano,False,fe1a71ce8a061e44e83aafbdaa7742268ce7125b7825d550bdd58cfb20ed9d9e
train,spain_volcano_00000810,spain_volcano,strictv1__train__spain_volcano_00000810,train,spain_la_palma_volcano,True,4996857f0cd2b8310104d475c1c6c5bdf9e0103fd0df3d2cb00a5664ed8e1d0f
train,spain_volcano_00000812,spain_volcano,strictv1__train__la_palma_volcano_00000812,train,spain_la_palma_volcano,False,4e9fd13a596a4c5e0178183d438c16fc9a82a8293e028f6864733ea4e007dcac
train,spain_volcano_00000813,spain_volcano,strictv1__train__la_palma_volcano_00000813,train,spain_la_palma_volcano,False,f7a27def24d60405c72d3f905f401676f74f3f50c4d3a14d5b6c3d140298dd63
train,spain_volcano_00000814,spain_volcano,strictv1__train__la_palma_volcano_00000814,train,spain_la_palma_volcano,False,ee8fd840c44f7374361327eac63ae8ace6bcf005897cb4adcc9a46c0217fb44e
train,spain_volcano_00000817,spain_volcano,strictv1__train__la_palma_volcano_00000817,train,spain_la_palma_volcano,False,2701cd4f299194f6ecf5b4638bd5d1cf18e7670463721a507b559e698b23e60e
train,spain_volcano_00000818,spain_volcano,strictv1__train__la_palma_volcano_00000818,train,spain_la_palma_volcano,False,a5aadb6a2b5ac305e7a783d4961a9f79c999ce5a7d688d1be66d2991f301c27f
train,spain_volcano_00000821,spain_volcano,strictv1__train__la_palma_volcano_00000821,train,spain_la_palma_volcano,False,6fe734b262e93bd37318ea2b6907f12b9c9da1f8edf57307be83b42507e1712b
train,spain_volcano_00000822,spain_volcano,strictv1__train__la_palma_volcano_00000822,train,spain_la_palma_volcano,False,d33c20c122ecd842e16d9876781c8d78d7579d527eb7245f324be963b43570ab
train,spain_volcano_00000823,spain_volcano,strictv1__train__la_palma_volcano_00000823,train,spain_la_palma_volcano,False,fc7e5928c8b6b50a49ea3d70df5c5cfbdfce291496f900c5dcde3fee39be44ae
train,spain_volcano_00000824,spain_volcano,strictv1__train__la_palma_volcano_00000824,train,spain_la_palma_volcano,False,f470277032cc916197eda3a1e15d53d30cd8cb619d6e23826a8703e0710dc4c5
train,spain_volcano_00000826,spain_volcano,strictv1__train__la_palma_volcano_00000826,train,spain_la_palma_volcano,False,9d9845412160ba90852109cc64aaebac1368910db3987c40a732de15e258ca6a
train,spain_volcano_00000827,spain_volcano,strictv1__train__la_palma_volcano_00000827,train,spain_la_palma_volcano,False,e53845fd71a292ac2e1cee7140f4b3ba9c4d6743e5eaf715af8ff4a99de78755
train,spain_volcano_00000830,spain_volcano,strictv1__train__la_palma_volcano_00000830,train,spain_la_palma_volcano,False,efa3194d5328b4eaf9bb16c471ebd582a5a154e8ea8ae57e5e36fc1a79c4b42f
train,spain_volcano_00000831,spain_volcano,strictv1__train__la_palma_volcano_00000831,train,spain_la_palma_volcano,False,48a4ee256ddfb41240ed6f5d8f67164419bfe75e09fa1a2f10b5162e8c7b61f3
train,spain_volcano_00000835,spain_volcano,strictv1__train__la_palma_volcano_00000835,train,spain_la_palma_volcano,False,cb2cd8bbe5d3356ef3b4884bf620815c50cf779eb0339db1c6552fc50946bc00
train,spain_volcano_00000836,spain_volcano,strictv1__train__la_palma_volcano_00000836,train,spain_la_palma_volcano,False,e62375173477565c4fa69380498bfcad9cd191c59bef8a4ee28d2fb90d1d2a13
train,spain_volcano_00000837,spain_volcano,strictv1__train__la_palma_volcano_00000837,train,spain_la_palma_volcano,False,8c888afcc507c364f7ca7ab58b66894a577435219bbdd90986cbfdcc2c1fa723
train,spain_volcano_00000841,spain_volcano,strictv1__train__la_palma_volcano_00000841,train,spain_la_palma_volcano,False,06c3f99955d0b73d11a953336252a366c295a0990d342e1d004c5f559449e4fe
train,spain_volcano_00000849,spain_volcano,strictv1__train__spain_volcano_00000849,train,spain_la_palma_volcano,True,36e145e748b06557d6cf585b31b0cac4296c7a7ccf984759ad1073c659ddb86b
train,spain_volcano_00000850,spain_volcano,strictv1__train__la_palma_volcano_00000850,train,spain_la_palma_volcano,False,c309d23973c05f7bc15db0a7cfda4880c6c951ccfa428902bf94cb35088501da
train,spain_volcano_00000851,spain_volcano,strictv1__train__la_palma_volcano_00000851,train,spain_la_palma_volcano,False,3935a7cebb13c4afdbcfc367e15c6fe13946973a1a2d9a115a4f21086a090099
train,spain_volcano_00000852,spain_volcano,strictv1__train__la_palma_volcano_00000852,train,spain_la_palma_volcano,False,e4498459b52fa225bb14e5bfd3f5fa70f7bd26a31fcf4ae29fcd94c305fca2e4
train,spain_volcano_00000853,spain_volcano,strictv1__train__la_palma_volcano_00000853,train,spain_la_palma_volcano,False,fd6c11e7e01717e76eacefaf40b963e9cfab727737d1b73857b519f76ac2d237
train,spain_volcano_00000863,spain_volcano,strictv1__train__la_palma_volcano_00000863,train,spain_la_palma_volcano,False,d8a37a25dec12664ac01b57cebbf25e2ef908fa1ca5ea089edbee7a0522b6a80
train,spain_volcano_00000864,spain_volcano,strictv1__train__la_palma_volcano_00000864,train,spain_la_palma_volcano,False,903a61f077d9ba8776822287f76819013d85277fa2b20768499552c05a225db9
train,spain_volcano_00000865,spain_volcano,strictv1__train__la_palma_volcano_00000865,train,spain_la_palma_volcano,False,3031ad01ce23a6968a3933df6a5c32cf29f72ed1ecfdc4aec868e132de2ffe8d
train,spain_volcano_00000874,spain_volcano,strictv1__train__la_palma_volcano_00000874,train,spain_la_palma_volcano,False,51abde58d9269f6bfe34072835a252a49c5c15908c118a68662fb8b3fd2cac21
train,spain_volcano_00000875,spain_volcano,strictv1__train__la_palma_volcano_00000875,train,spain_la_palma_volcano,False,b22ef034f46fa3917e253ea0eee14b85a397d6c0d2031551d9958d7aabc97181
train,spain_volcano_00000876,spain_volcano,strictv1__train__la_palma_volcano_00000876,train,spain_la_palma_volcano,False,3455b38951ff5e639363a6d044665a45fa77e29fae31a0a0b67f0d6b86e41682
train,spain_volcano_00000879,spain_volcano,strictv1__train__la_palma_volcano_00000879,train,spain_la_palma_volcano,False,1d966b053b1611e0a07a6b6c4ba71899992f6c311badfe4011cd83c065638ab9
train,spain_volcano_00000886,spain_volcano,strictv1__train__spain_volcano_00000886,train,spain_la_palma_volcano,True,44a60a398d2be6a64a4304d63c8f1ebd20bc7557ad7df08134eb414bba91fa2f
train,spain_volcano_00000887,spain_volcano,strictv1__train__la_palma_volcano_00000887,train,spain_la_palma_volcano,False,02fad1658f69ec1b24f2af5bd92e8a28f63e455fe9ac99a76a836a676e9a5141
train,spain_volcano_00000888,spain_volcano,strictv1__train__la_palma_volcano_00000888,train,spain_la_palma_volcano,False,d995cc89237420353af39a8b28ae626efec363051855dd3af96a30fe8058bc51
train,spain_volcano_00000890,spain_volcano,strictv1__train__la_palma_volcano_00000890,train,spain_la_palma_volcano,False,b39912223aa9a09ddc05425382dbfe8d450580a79a947a1fb370664288790efc
train,spain_volcano_00000897,spain_volcano,strictv1__train__la_palma_volcano_00000897,train,spain_la_palma_volcano,False,36ddcbc6e4c6b2abd38f29cba8d254c30fd994a245471372e859d435d3d890eb
train,spain_volcano_00000898,spain_volcano,strictv1__train__la_palma_volcano_00000898,train,spain_la_palma_volcano,False,05be595e2459118c621ac57f0faffe8375514015cb77f63147a72b9fb896ff74
train,spain_volcano_00000899,spain_volcano,strictv1__train__la_palma_volcano_00000899,train,spain_la_palma_volcano,False,287d3d05d2683c188c07a0f6b15459f0b3c734822084ab300d92582f0f4ec3be
train,spain_volcano_00000908,spain_volcano,strictv1__train__la_palma_volcano_00000908,train,spain_la_palma_volcano,False,38a85a2b01f95e9d5499328ad2300d10bf399e294c00dad72c23ab6effb493f5
train,spain_volcano_00000909,spain_volcano,strictv1__train__la_palma_volcano_00000909,train,spain_la_palma_volcano,False,9dce646556a99f197e83b58c607219dd3bb2f1fc1f49c5591667bf64cce3dc43
train,spain_volcano_00000910,spain_volcano,strictv1__train__la_palma_volcano_00000910,train,spain_la_palma_volcano,False,d366964856d89dcef86d53cf4bb092e06e0a24ae973cfba70ad6fa2c1516446f
train,spain_volcano_00000911,spain_volcano,strictv1__train__la_palma_volcano_00000911,train,spain_la_palma_volcano,False,88292d83b9fbde9a62390052e05957260a877ce25c5bbb3a585d80e3f98889b4
train,spain_volcano_00000919,spain_volcano,strictv1__train__la_palma_volcano_00000919,train,spain_la_palma_volcano,False,64629724fff1e720387032bc27bcf0e73f812cc73eb8b7b5088e8e13dd165b6e
train,spain_volcano_00000920,spain_volcano,strictv1__train__la_palma_volcano_00000920,train,spain_la_palma_volcano,False,c9cbf94bb00b0da51356251086d3bc61dd12f6e0deb384e7026dad8bdc8c89b7
train,spain_volcano_00000921,spain_volcano,strictv1__train__la_palma_volcano_00000921,train,spain_la_palma_volcano,False,2671f7579ee913c6462f4463f07c6d02279dba7bebb4a4ce8228c177794e57d8
train,spain_volcano_00000930,spain_volcano,strictv1__train__la_palma_volcano_00000930,train,spain_la_palma_volcano,False,654ab8f8aa726337063ff651d5c6599dc604898d79bea2293c1f3c6e50c50012
train,turkey_earthquake1_480,turkey_earthquake1,strictv1__train__turkey_earthquake1_480,test,turkey_earthquake1,True,988b48ec6b6b8c56438eb4151d70a840171361b1c377143fe9e6b9d1b2c2ca5e
train,turkey_earthquake1_482,turkey_earthquake1,strictv1__train__turkey_earthquake1_482,test,turkey_earthquake1,True,e42a9be0105a2769eaa6ecb2df28fdbc02db0ec579d9731e48db3f81364b571f
train,turkey_earthquake1_483,turkey_earthquake1,strictv1__train__turkey_earthquake1_483,test,turkey_earthquake1,True,6f8153badafc718f6441f77bd6ebb72140877b447f6b61651a94357a7bf6b500
train,turkey_earthquake1_484,turkey_earthquake1,strictv1__train__turkey_earthquake1_484,test,turkey_earthquake1,True,03d891fb29700a4021a229abc502788f6bc630fea8471871bbe73590d24b2303
train,turkey_earthquake1_485,turkey_earthquake1,strictv1__train__turkey_earthquake1_485,test,turkey_earthquake1,True,9a359213484bf2e41ed78061cc0fb25b9db2327ddf9c849974fe333b317e528c
train,turkey_earthquake1_486,turkey_earthquake1,strictv1__train__turkey_earthquake1_486,test,turkey_earthquake1,True,a0c1ec4886396d436bf5b72be391efb9d27e4a8cc6c6bd2a0a3ae5af62d144ce
train,turkey_earthquake1_487,turkey_earthquake1,strictv1__train__turkey_earthquake1_487,test,turkey_earthquake1,True,d0e5bb7d0298e42319f82114d0408bcf237a87f83c7dfa68036b90c4529cadca
train,turkey_earthquake1_488,turkey_earthquake1,strictv1__train__turkey_earthquake1_488,test,turkey_earthquake1,True,d4df690c32ceaa58f98b20ed8c0927b958ef4b714dbdffecd3506afc5e743781
train,turkey_earthquake1_489,turkey_earthquake1,strictv1__train__turkey_earthquake1_489,test,turkey_earthquake1,True,757591330aa4d0386ef42c4594cbb118014a3aa537e36d7daca99570ea7a9cff
train,turkey_earthquake1_490,turkey_earthquake1,strictv1__train__turkey_earthquake1_490,test,turkey_earthquake1,True,9bb8d8375dc6f311c2c882b3f5ab1244ce5aded9e3e58815f393bc8e028810ad
train,turkey_earthquake1_524,turkey_earthquake1,strictv1__train__turkey_earthquake1_524,test,turkey_earthquake1,True,7e241b38c33f1ca74b75f678e964d6bedfcf583a49597b23a021e24ff1afc8f8
train,turkey_earthquake1_528,turkey_earthquake1,strictv1__train__turkey_earthquake1_528,test,turkey_earthquake1,True,8fc0a2e6c2f27f5c0eddabf7d6af6436831cfd84b113c0b901d8d7bf865a2a0b
train,turkey_earthquake1_536,turkey_earthquake1,strictv1__train__turkey_earthquake1_536,test,turkey_earthquake1,True,9f49c14528d364b8fd80127c89a620cca08e9d68b277c458fa411a05d24bddd6
train,turkey_earthquake1_537,turkey_earthquake1,strictv1__train__turkey_earthquake1_537,test,turkey_earthquake1,True,9dbfbdaaea61496f8efb9104e890e00e3531874cd71d1ab520ac7f1c35082afe
train,turkey_earthquake1_539,turkey_earthquake1,strictv1__train__turkey_earthquake1_539,test,turkey_earthquake1,True,aebe866faeb0c3eff7e66c442bfa9ad9c3d4d740a30572948def2266aaee6b77
train,turkey_earthquake1_540,turkey_earthquake1,strictv1__train__turkey_earthquake1_540,test,turkey_earthquake1,True,363f4d08017e6f5ad4643ca564f06175545c6115897c3de379a85711fab74a37
train,turkey_earthquake1_541,turkey_earthquake1,strictv1__train__turkey_earthquake1_541,test,turkey_earthquake1,True,5d04a9cd4f0451994bc1eec6f7469529379f72b1aea14cfa52d66cda68b47ed2
train,turkey_earthquake1_542,turkey_earthquake1,strictv1__train__turkey_earthquake1_542,test,turkey_earthquake1,True,2fc6bf970280867b63b80ad7e485b810abf2244768ba44cc8efef37a924b1329
train,turkey_earthquake1_544,turkey_earthquake1,strictv1__train__turkey_earthquake1_544,test,turkey_earthquake1,True,a033a9e43e72a23a97f1a0b3293a33db60503a4a95a7cde211dbfb7f6044c9e2
train,turkey_earthquake1_545,turkey_earthquake1,strictv1__train__turkey_earthquake1_545,test,turkey_earthquake1,True,d33b4070da1d5bf96bfa36e7dba9349773ad6d9ad7763ce940301450a279a1fa
train,turkey_earthquake1_546,turkey_earthquake1,strictv1__train__turkey_earthquake1_546,test,turkey_earthquake1,True,0d7cd2d7060e402fa4cb9efd67c49bf615d39a44c60facef64d0ee0acf6aadd1
train,turkey_earthquake1_548,turkey_earthquake1,strictv1__train__turkey_earthquake1_548,test,turkey_earthquake1,True,56d2fb90ad6e10f8463d9e4ebc01c44972f27a03ee423b51717f41783abcb518
train,turkey_earthquake1_549,turkey_earthquake1,strictv1__train__turkey_earthquake1_549,test,turkey_earthquake1,True,d55e1ba6e5cb79a5e8fabdcc6e8d0a95ca84d09b3edadbdecbd8c1df27d0c001
train,turkey_earthquake1_551,turkey_earthquake1,strictv1__train__turkey_earthquake1_551,test,turkey_earthquake1,True,7353a28ca2896e9dae13a451b61d64d8372b8626f2ef65c14892e98901b42dbf
train,turkey_earthquake1_555,turkey_earthquake1,strictv1__train__turkey_earthquake1_555,test,turkey_earthquake1,True,2f05792f5d56fbe8eac416abafd4d7dedaf43180cb2b268d8c11890e30f1a226
train,turkey_earthquake1_556,turkey_earthquake1,strictv1__train__turkey_earthquake1_556,test,turkey_earthquake1,True,94505e9a29bf5b5ab1fb9c0f7d526f49faecaa70d7d0cdecd7bf271c34d7298b
train,turkey_earthquake1_557,turkey_earthquake1,strictv1__train__turkey_earthquake1_557,test,turkey_earthquake1,True,143ee3e49af0a5ef712988315670cb5862f22a5f7fb9698ccc1f260cc4945454
train,turkey_earthquake1_558,turkey_earthquake1,strictv1__train__turkey_earthquake1_558,test,turkey_earthquake1,True,75e8fbac3f4eb0ac21d8be43cbfa4b3490eb48c6e856b95951a8116bd5c5cc2d
train,turkey_earthquake1_559,turkey_earthquake1,strictv1__train__turkey_earthquake1_559,test,turkey_earthquake1,True,b77421fb85121e97853f8d192b089d01a186a953150a230f4050bc59d08b36b1
train,turkey_earthquake1_560,turkey_earthquake1,strictv1__train__turkey_earthquake1_560,test,turkey_earthquake1,True,b22bb1060db86e09a78e5e7103ea55bdfb9eff8db0ffcddc3a316556788e76f0
train,turkey_earthquake1_561,turkey_earthquake1,strictv1__train__turkey_earthquake1_561,test,turkey_earthquake1,True,3bd6e08157314feb39dff8254b045dc8e188345aa530c023c6b8830b0b49f15c
train,turkey_earthquake1_562,turkey_earthquake1,strictv1__train__turkey_earthquake1_562,test,turkey_earthquake1,True,d9652f08a581cf99079a370b625ce1bf017c923e57084acb4349e61516233d5a
train,turkey_earthquake1_563,turkey_earthquake1,strictv1__train__turkey_earthquake1_563,test,turkey_earthquake1,True,283e37fb5126c6f36c1ee080468db6a4a9b6f5bf3daa663dad4fe7f725074a6c
train,turkey_earthquake1_564,turkey_earthquake1,strictv1__train__turkey_earthquake1_564,test,turkey_earthquake1,True,86dd9435d3e63d5e0b6d9c44edf69c8382d5418e9e5119a89720aed1491bac11
train,turkey_earthquake1_565,turkey_earthquake1,strictv1__train__turkey_earthquake1_565,test,turkey_earthquake1,True,cca4304b53978f5d2bff0a5d9a96ca8ff01089419159d42d12e24e64e579c3ec
train,turkey_earthquake1_568,turkey_earthquake1,strictv1__train__turkey_earthquake1_568,test,turkey_earthquake1,True,2b1c5ffcbf6f635550be41e1252a986f7fc7421d5f01bfcf309302be1cb643d1
train,turkey_earthquake1_570,turkey_earthquake1,strictv1__train__turkey_earthquake1_570,test,turkey_earthquake1,True,c45edd397a9982d2cb3d6b6272b1c34bf0e85d338cdb621fd563fe8fe3c4e12e
train,turkey_earthquake1_571,turkey_earthquake1,strictv1__train__turkey_earthquake1_571,test,turkey_earthquake1,True,e54f5def56f05c8e115b928cc2166e4d7d7a1bc8453a4140109fd05059e01c43
train,turkey_earthquake1_572,turkey_earthquake1,strictv1__train__turkey_earthquake1_572,test,turkey_earthquake1,True,35ec3345d4dd3309efc4533ee86049935113bdfc705186c3b9b972ba09fd1bfd
train,turkey_earthquake1_573,turkey_earthquake1,strictv1__train__turkey_earthquake1_573,test,turkey_earthquake1,True,1badc0d464056dc58cff3731ee3d6b0b6ba46e9ad449f92c85f79dd96b185b6f
train,turkey_earthquake1_575,turkey_earthquake1,strictv1__train__turkey_earthquake1_575,test,turkey_earthquake1,True,0664a6f9a955c2215803345b84a44eb6693bae8c69f0941ad1d76d3fb179af79
train,turkey_earthquake1_576,turkey_earthquake1,strictv1__train__turkey_earthquake1_576,test,turkey_earthquake1,True,d0e66e55bcc4a15a51946afbcd34bb494007617ab262a6782ed3c1427f83d237
train,turkey_earthquake1_577,turkey_earthquake1,strictv1__train__turkey_earthquake1_577,test,turkey_earthquake1,True,84146acb211be777a2068f3695d5f473e189b0c22c125b4d455b0f9761e4dbed
train,turkey_earthquake1_578,turkey_earthquake1,strictv1__train__turkey_earthquake1_578,test,turkey_earthquake1,True,9c82bcd5f570f00d4382ed22a1f2a9efe545462f4ee3ae0116ee59e6639b56d1
train,turkey_earthquake1_581,turkey_earthquake1,strictv1__train__turkey_earthquake1_581,test,turkey_earthquake1,True,0d75eacc95eed946a11c1788a02ffd9b0b651b264c06b16804dca75f4ee93961
train,turkey_earthquake1_582,turkey_earthquake1,strictv1__train__turkey_earthquake1_582,test,turkey_earthquake1,True,243cef6ac278f7b3517f37bca269594152842bee0cce827fcdc56d302759fece
train,turkey_earthquake1_583,turkey_earthquake1,strictv1__train__turkey_earthquake1_583,test,turkey_earthquake1,True,07b0be19aa5c5463e3f2ef1fce57d97d3db6e78be22acf61f200d9160845a518
train,turkey_earthquake1_584,turkey_earthquake1,strictv1__train__turkey_earthquake1_584,test,turkey_earthquake1,True,9b47d3c65f9e933c223a1664cebbfcf2eaaceecd195c16e4e74431703a4a98a4
train,turkey_earthquake1_585,turkey_earthquake1,strictv1__train__turkey_earthquake1_585,test,turkey_earthquake1,True,48f8390c4393e7fe1096861e8466150f0418fb7053f0c0bbf5f918eb9a78a8c9
train,turkey_earthquake1_586,turkey_earthquake1,strictv1__train__turkey_earthquake1_586,test,turkey_earthquake1,True,bd40cf7c754a4eeea766bd89a07343f876e161136107e53f69ff79d18f4affd0
train,turkey_earthquake1_587,turkey_earthquake1,strictv1__train__turkey_earthquake1_587,test,turkey_earthquake1,True,340759562db5e8d8398e4c20dd70fe4c24307c060a0c0ee5920400742455be93
train,turkey_earthquake1_593,turkey_earthquake1,strictv1__train__turkey_earthquake1_593,test,turkey_earthquake1,True,192792396f1b6b77aeb574304f6ac994d6fa383756e2c47b67d2572410d983bf
train,turkey_earthquake1_594,turkey_earthquake1,strictv1__train__turkey_earthquake1_594,test,turkey_earthquake1,True,0b8da8921d0c9298262179fb8225158d06415c0501b26a92cdd6b472abddd1b7
train,turkey_earthquake1_595,turkey_earthquake1,strictv1__train__turkey_earthquake1_595,test,turkey_earthquake1,True,202bd1a714d7d5892993c977a58984a06cd78d3e6d3a4bf7eb875b49524f80ca
train,turkey_earthquake1_596,turkey_earthquake1,strictv1__train__turkey_earthquake1_596,test,turkey_earthquake1,True,7f6bf60f3c585495e03c52e1de874c412fbd6e5e12861b9cf3e4f7eac3b2470d
train,turkey_earthquake1_597,turkey_earthquake1,strictv1__train__turkey_earthquake1_597,test,turkey_earthquake1,True,2127efe59adeb880612d6e59d1e4963cca833f795ac8c09e6df187734f5b3762
train,turkey_earthquake1_598,turkey_earthquake1,strictv1__train__turkey_earthquake1_598,test,turkey_earthquake1,True,ed01faa7f2a9f78f6c8ccfe3bc8a201f8087c9048878fdb66d6438a5f182f4da
train,turkey_earthquake1_599,turkey_earthquake1,strictv1__train__turkey_earthquake1_599,test,turkey_earthquake1,True,2228a8d2b3be26af95c91e97e96cf2a3ae56e211a4fd94eb49753c9c767a05c4
train,turkey_earthquake3_645,turkey_earthquake3,strictv1__train__turkey_earthquake3_645,test,turkey_earthquake3,True,ccc28c6e25c71fabaa8316929a93785962d5882e7c6cb91501f18321d5a29b40
train,turkey_earthquake3_655,turkey_earthquake3,strictv1__train__turkey_earthquake3_655,test,turkey_earthquake3,True,dd660d7733569d9149e265e21604eeb2290a268e55cd7457c3a6e5b278a4138f
train,turkey_earthquake3_656,turkey_earthquake3,strictv1__train__turkey_earthquake3_656,test,turkey_earthquake3,True,226625cec48330c68a1a6d9c8c00c0a97a3d978338a9352d0620bcfbc23a8a01
train,turkey_earthquake3_657,turkey_earthquake3,strictv1__train__turkey_earthquake3_657,test,turkey_earthquake3,True,9ecc9f1d0bb89e5247efdffa062738dbf1cf37374632ae6abf88c8307eb443ce
train,turkey_earthquake3_666,turkey_earthquake3,strictv1__train__turkey_earthquake3_666,test,turkey_earthquake3,True,8291610136fcfdb0be2f5351064f7a9212b942445c32faee5bb12f25413a9673
train,turkey_earthquake3_667,turkey_earthquake3,strictv1__train__turkey_earthquake3_667,test,turkey_earthquake3,True,7729298943a1261ae4dc042a5318884891e4f5ee8d02526aca096f05381f3337
train,turkey_earthquake3_668,turkey_earthquake3,strictv1__train__turkey_earthquake3_668,test,turkey_earthquake3,True,4fc1fdfbdca512fd27f755823fdd0585e5d0b929984f430780ec69969016f62d
train,turkey_earthquake3_669,turkey_earthquake3,strictv1__train__turkey_earthquake3_669,test,turkey_earthquake3,True,52b8b758cda95fd6f74ccb0036ca765619d53d097d3964ca0115ec744565de5d
train,turkey_earthquake3_670,turkey_earthquake3,strictv1__train__turkey_earthquake3_670,test,turkey_earthquake3,True,00c7fb4174efc408edb6d6914cc55224f7ad4a1c2da382c3d5963756fe89a748
train,turkey_earthquake3_675,turkey_earthquake3,strictv1__train__turkey_earthquake3_675,test,turkey_earthquake3,True,359720ddc650529f312a6cfff8ce6b532ad87c50f43a13a5200b277fa4b71d06
train,turkey_earthquake3_677,turkey_earthquake3,strictv1__train__turkey_earthquake3_677,test,turkey_earthquake3,True,3112a667f962db0523c8eef353265d491b7c9beff26f1ac19a517e464abb66d9
train,turkey_earthquake3_679,turkey_earthquake3,strictv1__train__turkey_earthquake3_679,test,turkey_earthquake3,True,0fd507bd8c07a1c0c115699a367211956d0beb880341e37f6b8b975c256bfad2
train,turkey_earthquake3_680,turkey_earthquake3,strictv1__train__turkey_earthquake3_680,test,turkey_earthquake3,True,af0796a643cb45c3012ec38536cda9e71953902ba42fb74e3fd6d5b9fae812a9
train,turkey_earthquake3_681,turkey_earthquake3,strictv1__train__turkey_earthquake3_681,test,turkey_earthquake3,True,e1d8a98a1be0bebea32007ffbeb715b4539866d2d20641a375b0faa8108da17f
train,turkey_earthquake3_682,turkey_earthquake3,strictv1__train__turkey_earthquake3_682,test,turkey_earthquake3,True,795e7671b941537834d08b822ae62a1ec9069631b3c91cd5d44537313721bb95
train,turkey_earthquake3_688,turkey_earthquake3,strictv1__train__turkey_earthquake3_688,test,turkey_earthquake3,True,4db43f75978884b68cf895d875b07d6187810e9115ba83f6b37a0d48f019eec2
train,turkey_earthquake3_689,turkey_earthquake3,strictv1__train__turkey_earthquake3_689,test,turkey_earthquake3,True,057fedb71672140076d5541055892181ee5c81ddac4484457068dc3c5866d520
train,turkey_earthquake3_691,turkey_earthquake3,strictv1__train__turkey_earthquake3_691,test,turkey_earthquake3,True,8317e380dd1d07e1eefa3888a114ee57043a89870a8d9cc55fb266627d955fdc
train,turkey_earthquake3_693,turkey_earthquake3,strictv1__train__turkey_earthquake3_693,test,turkey_earthquake3,True,6ccbc1983eb73d13e1794b5761cca66c6dc42783c5ca54a89c82b5a685279e8d
train,turkey_earthquake3_711,turkey_earthquake3,strictv1__train__turkey_earthquake3_711,test,turkey_earthquake3,True,c59a74fd5379206904e35aef7e6a83422b040af0feb3f038e4c5ec90b01ccede
train,turkey_earthquake3_720,turkey_earthquake3,strictv1__train__turkey_earthquake3_720,test,turkey_earthquake3,True,32d8a930d79ce7186d71117add3a23b3a4ec7f017ec856ea6b64a8ffcadaa136
train,turkey_earthquake4_726,turkey_earthquake4,strictv1__train__turkey_earthquake4_726,val,turkey_earthquake4,True,24c4508c61235412bcb8c7efe0cc4fa074808764e9d105fdadfa13ac6bed957c
train,turkey_earthquake4_727,turkey_earthquake4,strictv1__train__turkey_earthquake4_727,val,turkey_earthquake4,True,78b43ca5aca801d2dd2d18aaefeae6392e197dbb91b0dc732471743e98b9c5bd
train,turkey_earthquake4_730,turkey_earthquake4,strictv1__train__turkey_earthquake4_730,val,turkey_earthquake4,True,595ddb212c7a94b81781a08b89a10d9b571c16606f6e91f66792136b70b1aa9f
train,turkey_earthquake4_731,turkey_earthquake4,strictv1__train__turkey_earthquake4_731,val,turkey_earthquake4,True,8dec3b6a15431fbd150b994fe5620d49a4bce903d80293c71c1d2a3f01a95041
train,turkey_earthquake4_732,turkey_earthquake4,strictv1__train__turkey_earthquake4_732,val,turkey_earthquake4,True,08c447bcb6d840f4adbace1437dcfad2ed5982264f40edb8c247e3e8151689a9
train,turkey_earthquake4_733,turkey_earthquake4,strictv1__train__turkey_earthquake4_733,val,turkey_earthquake4,True,445c58780ac8e77d958decab5055728bdcdaf3b986e25de3ee24d667e56d5e87
train,turkey_earthquake4_738,turkey_earthquake4,strictv1__train__turkey_earthquake4_738,val,turkey_earthquake4,True,78539c7a899c3efa2b5d3f7c091caa0c17fdaaf7ca37fdedd767e0ed3078ffb5
train,turkey_earthquake4_740,turkey_earthquake4,strictv1__train__turkey_earthquake4_740,val,turkey_earthquake4,True,86d474f0d5bd7b05d534f59828871462127af96c311db9399081c7f018267c50
train,turkey_earthquake4_741,turkey_earthquake4,strictv1__train__turkey_earthquake4_741,val,turkey_earthquake4,True,e12dc987f0751e905a4a375441c9a50c3e3bd679f6b5cb469cfb5d8af3fd35c2
train,turkey_earthquake4_743,turkey_earthquake4,strictv1__train__turkey_earthquake4_743,val,turkey_earthquake4,True,4054222f105e87b1ed99253ce506d9a474f368bc60a9f2d82f96136868295507
train,turkey_earthquake4_744,turkey_earthquake4,strictv1__train__turkey_earthquake4_744,val,turkey_earthquake4,True,f69e437b750580da1d6c98adf6a08af8c914903615f97e0e0b342c60b3755ec4
train,turkey_earthquake4_752,turkey_earthquake4,strictv1__train__turkey_earthquake4_752,val,turkey_earthquake4,True,c4a6a9207dbc91a5605258b1a48381de44c6040cb2df95b34019b5da702d2941
train,turkey_earthquake4_757,turkey_earthquake4,strictv1__train__turkey_earthquake4_757,val,turkey_earthquake4,True,2422344cb3fedf2110be31a41b038d793f5d3d7abf90708446895d65b8bfdb4f
train,turkey_earthquake4_758,turkey_earthquake4,strictv1__train__turkey_earthquake4_758,val,turkey_earthquake4,True,f82a6d12972244889a5e6016db8541e27d17615441f774b88d2d41dcc58200b4
train,turkey_earthquake4_759,turkey_earthquake4,strictv1__train__turkey_earthquake4_759,val,turkey_earthquake4,True,398fb47beee1cc98c9ceab61cdd95f659e0530aa60fc98b2ec5a2e028bd3caf4
train,turkey_earthquake4_762,turkey_earthquake4,strictv1__train__turkey_earthquake4_762,val,turkey_earthquake4,True,a466c1489eda9777ce0151a2cb01bbf393031852fba3dcbbb06c183e73d29216
train,turkey_earthquake4_763,turkey_earthquake4,strictv1__train__turkey_earthquake4_763,val,turkey_earthquake4,True,91ed265cf2afcbf66bb044bd35b5a1505ff1d7916ec6e199c9d8a66e2009ebb2
train,turkey_earthquake4_764,turkey_earthquake4,strictv1__train__turkey_earthquake4_764,val,turkey_earthquake4,True,6ff375438f283778fe20b4d79ae07039a0fd681e336afe4efc572c949e9973f9
train,turkey_earthquake4_765,turkey_earthquake4,strictv1__train__turkey_earthquake4_765,val,turkey_earthquake4,True,fe426e7f73fb351c1b0bd1f2d807df10fa974dcfc632926ce24bf4f93c67b35a
train,turkey_earthquake4_766,turkey_earthquake4,strictv1__train__turkey_earthquake4_766,val,turkey_earthquake4,True,30863724061e2afc8b2ca6b585aff2f54a27851adc0fe2247128ffd1f1a0c328
train,turkey_earthquake4_768,turkey_earthquake4,strictv1__train__turkey_earthquake4_768,val,turkey_earthquake4,True,d1d08bcba6aa74db39ef54848ddc30a3cf3c68efa64a7375aaca1d2313297333
train,turkey_earthquake4_769,turkey_earthquake4,strictv1__train__turkey_earthquake4_769,val,turkey_earthquake4,True,11e60fad97e564578d89d713b848363d7e8a79b147fcdf141e4142355ba43f46
train,turkey_earthquake4_770,turkey_earthquake4,strictv1__train__turkey_earthquake4_770,val,turkey_earthquake4,True,30a727286c77bb69217cd6da0fe8e83d48e2a300a683bba5d5584a55c0d37f27
train,turkey_earthquake4_771,turkey_earthquake4,strictv1__train__turkey_earthquake4_771,val,turkey_earthquake4,True,d2bd53fab82d8e53d7d394ced88fe24b1fb5777fc9a635f67c8c77d204046048
train,turkey_earthquake4_774,turkey_earthquake4,strictv1__train__turkey_earthquake4_774,val,turkey_earthquake4,True,f5e8106ac29c19cbacf8541a9a334f157fd9cc1ad90cbd557f66cc789151d1b9
train,turkey_earthquake4_775,turkey_earthquake4,strictv1__train__turkey_earthquake4_775,val,turkey_earthquake4,True,c24c0e7814ed053d92a8579c27dacdd39c0b85e39e3059cbb7885875c85f96c4
train,turkey_earthquake4_776,turkey_earthquake4,strictv1__train__turkey_earthquake4_776,val,turkey_earthquake4,True,62cf82e26dce06ef6c2ff8e3ba504dfcb9ba18b42f1ac4f442293463e265351d
train,turkey_earthquake4_777,turkey_earthquake4,strictv1__train__turkey_earthquake4_777,val,turkey_earthquake4,True,13db97ebdb654435b752e2fb1494500a2f6532c903381bdb71143a0a98ceaebf
train,turkey_earthquake4_778,turkey_earthquake4,strictv1__train__turkey_earthquake4_778,val,turkey_earthquake4,True,cb962eec83d5ce07344ac66f037a5bf310da264a590bc470dc00c70d0f124ddd
train,turkey_earthquake4_779,turkey_earthquake4,strictv1__train__turkey_earthquake4_779,val,turkey_earthquake4,True,57015e802c7e1c98757bf19c88d379b0cea9eddf490fe01b11d1c0e38afea9c2
train,turkey_earthquake4_780,turkey_earthquake4,strictv1__train__turkey_earthquake4_780,val,turkey_earthquake4,True,c3ac48ee3a8f5763d88e57ee4d4dbb1b2dde1f85c5d217322e0a7103f44ce0c7
train,turkey_earthquake4_781,turkey_earthquake4,strictv1__train__turkey_earthquake4_781,val,turkey_earthquake4,True,028c7924d02175373e942b287ec5566739b6838432ce66d47042fc1208667257
train,turkey_earthquake4_784,turkey_earthquake4,strictv1__train__turkey_earthquake4_784,val,turkey_earthquake4,True,36c91c63f532ec11e09054609131cc0a11654390e63584d5cf99e3446a85e7a5
train,turkey_earthquake4_785,turkey_earthquake4,strictv1__train__turkey_earthquake4_785,val,turkey_earthquake4,True,7c2554bf7bf4e190ff4e34eb0b0d4b74eaf942b0e1ef443c3b394f649b7cf93f
train,turkey_earthquake4_786,turkey_earthquake4,strictv1__train__turkey_earthquake4_786,val,turkey_earthquake4,True,029e286d5625a916416bffa64982d492f9e45360ad42396cad368d88af4547bf
train,turkey_earthquake5_791,turkey_earthquake5,strictv1__train__turkey_earthquake5_791,train,turkey_earthquake5,True,8727426b512e8974b056c5fba1045677abd0f0b0f43cdef25d7351cc7a539958
train,turkey_earthquake5_792,turkey_earthquake5,strictv1__train__turkey_earthquake5_792,train,turkey_earthquake5,True,c5b315583986b39eb79dde144a211748568222feaf0a29f9d9a9c2741df9cc34
train,turkey_earthquake5_850,turkey_earthquake5,strictv1__train__turkey_earthquake5_850,train,turkey_earthquake5,True,bde0f9356ccfba161d8e7fae33dc339e001cd22a9a782f57e5542e973f6304e2
train,turkey_earthquake5_851,turkey_earthquake5,strictv1__train__turkey_earthquake5_851,train,turkey_earthquake5,True,9d5c1f9058c01552116d022eddef3732e5895d9b9e275058bcc5fa5b9e5c2df9
train,turkey_earthquake5_853,turkey_earthquake5,strictv1__train__turkey_earthquake5_853,train,turkey_earthquake5,True,b5077889874eb55ca1fc659b69591e44ad63bd33bd58c80e5b003281717a8f41
train,turkey_earthquake5_858,turkey_earthquake5,strictv1__train__turkey_earthquake5_858,train,turkey_earthquake5,True,36e1f32b82a0796117f7f153c6f7ed9eb93272b8cccb32864ca2f736b0e7c726
train,turkey_earthquake5_864,turkey_earthquake5,strictv1__train__turkey_earthquake5_864,train,turkey_earthquake5,True,20123acece722416901b7e014433307538bb6185dbd90b92e98576fb96e2c204
train,turkey_earthquake5_876,turkey_earthquake5,strictv1__train__turkey_earthquake5_876,train,turkey_earthquake5,True,2650df6dec7c80044b8ebcda21a2e9d033452fd871b7403275da01f8690bd518
train,turkey_earthquake5_886,turkey_earthquake5,strictv1__train__turkey_earthquake5_886,train,turkey_earthquake5,True,ccad3a525e63d9ee224fc0ceef598dd5d13e7002cce4b818de8e735747a71a5b
train,turkey_earthquake5_887,turkey_earthquake5,strictv1__train__turkey_earthquake5_887,train,turkey_earthquake5,True,900a7da4cfc87350ee6bec48d47a9df45ae3e1ca5ef8b46eccd3ad0a4a880dae
train,turkey_earthquake5_898,turkey_earthquake5,strictv1__train__turkey_earthquake5_898,train,turkey_earthquake5,True,82b6fea3214277c06cc2fa9f0491d16947ad8cc2452ce5a7fac0cbb6a849721c
train,turkey_earthquake5_899,turkey_earthquake5,strictv1__train__turkey_earthquake5_899,train,turkey_earthquake5,True,01ff26e72001bbc8edcea54b782e570995d2f8fa1bbf0f6f68e58b53e5ad0175
train,turkey_earthquake5_907,turkey_earthquake5,strictv1__train__turkey_earthquake5_907,train,turkey_earthquake5,True,d8c74708f450a3d1afcafe8b609661e4d30935bacc65ed7bddda21d6d331d29c
train,turkey_earthquake5_909,turkey_earthquake5,strictv1__train__turkey_earthquake5_909,train,turkey_earthquake5,True,8bc726f19f9c676d979036384db1c9a80f25174a3c49ecdf12fe1e1d12dff77f
train,turkey_earthquake5_910,turkey_earthquake5,strictv1__train__turkey_earthquake5_910,train,turkey_earthquake5,True,efd80a754dd4ba4a9043c7ca6b170a8214e4b754a8c3800b0d2e0571fb931e4b
train,turkey_earthquake5_924,turkey_earthquake5,strictv1__train__turkey_earthquake5_924,train,turkey_earthquake5,True,c86c43c81a0099a12346d4ea9530e23c12bf229cfb6df994f75586398b156cae
val,bata_explosion_1,bata_explosion,strictv1__val__bata_explosion_1,val,bata_explosion,True,ef3cdde5deadc2e91f980cb91edc08f46d983c9bec2b85a746f26f8bd9b3e5a6
val,bata_explosion_11,bata_explosion,strictv1__val__bata_explosion_11,val,bata_explosion,True,7daafc5390c59bf8fb3aa406c6d59b585e8ca12b3e90f909462cb4985f685dd9
val,bata_explosion_16,bata_explosion,strictv1__val__bata_explosion_16,val,bata_explosion,True,213a86fc0114c20805cf8f42c0b3d1980cbbda49d4531ae787f6c691bbab0ea1
val,bata_explosion_2,bata_explosion,strictv1__val__bata_explosion_2,val,bata_explosion,True,1e75d9cb8bdd4b28c6cb41b154483728741f858f0c0c31f69a0387e834c9f067
val,bata_explosion_22,bata_explosion,strictv1__val__bata_explosion_22,val,bata_explosion,True,9ce148ad762ce9850603ba0ea8cf1593f1f67f66ac745f4b671d486a7f898fc9
val,bata_explosion_3,bata_explosion,strictv1__val__bata_explosion_3,val,bata_explosion,True,c0144f950d9bf18d4055e4a5a6ddacda60656e8a47799ab20d5183e3d1dbc1f4
val,bata_explosion_6,bata_explosion,strictv1__val__bata_explosion_6,val,bata_explosion,True,efb94da081801d1dd82a0444a27647c1024bb97550f6c2ab1a89b28781e36b14
val,bata_explosion_7,bata_explosion,strictv1__val__bata_explosion_7,val,bata_explosion,True,18f6f8d6615445111fcf435ea2f729c023dcb0992569797641fb004088f19f42
val,bata_explosion_8,bata_explosion,strictv1__val__bata_explosion_8,val,bata_explosion,True,0cbf5a00bb1880af3d669cc6df2af8a10bb8e74193999712ab734728c9eaf167
val,mexico_hurricane_00000004,mexico_hurricane,strictv1__val__mexico_hurricane_00000004,test,mexico_hurricane,True,d221b89315849e0ca277db48e6c61cf2a149781bee4b33f81ab25880b9a0fa73
val,mexico_hurricane_00000006,mexico_hurricane,strictv1__val__mexico_hurricane_00000006,test,mexico_hurricane,True,622383c53f2501b76887d3da7dc4fb123ff421717b508181fc10a184c6940067
val,mexico_hurricane_00000008,mexico_hurricane,strictv1__val__mexico_hurricane_00000008,test,mexico_hurricane,True,4f3dca6a5b9b20177a79c5d6b139f8a94c850b06fd9f564b928636378573ae70
val,mexico_hurricane_00000009,mexico_hurricane,strictv1__val__mexico_hurricane_00000009,test,mexico_hurricane,True,49c124391b3c0ad9787f6bd88092383362f1d721ec8fc2ff69ccc416ebc397eb
val,mexico_hurricane_00000012,mexico_hurricane,strictv1__val__mexico_hurricane_00000012,test,mexico_hurricane,True,93ea34a201b662871e2edfa1a88da9d445c1c5edc241cd72e83aff6f8664dae4
val,mexico_hurricane_00000013,mexico_hurricane,strictv1__val__mexico_hurricane_00000013,test,mexico_hurricane,True,5bab4cb9ebdfcea91e9b9481c240e34b8f7d3e2d261d77d3f930ece5f4340e1c
val,mexico_hurricane_00000015,mexico_hurricane,strictv1__val__mexico_hurricane_00000015,test,mexico_hurricane,True,85988e9775ff087c10ed0195fbb386d56aeb3b14670dcf85d1a17fe500fa2863
val,mexico_hurricane_00000018,mexico_hurricane,strictv1__val__mexico_hurricane_00000018,test,mexico_hurricane,True,b88cf769a37836e7611078050543f1b2206d901b979a018c5cb490c30db45d94
val,mexico_hurricane_00000019,mexico_hurricane,strictv1__val__mexico_hurricane_00000019,test,mexico_hurricane,True,26c00c0073067c76880fb3aec70bbb1ea44b21e8d1905959d4912beaa804f4fd
val,mexico_hurricane_00000020,mexico_hurricane,strictv1__val__mexico_hurricane_00000020,test,mexico_hurricane,True,da550fe1838d940a43ec31261bfc376f40c9c746be36930582efb3efb51a7fb4
val,mexico_hurricane_00000023,mexico_hurricane,strictv1__val__mexico_hurricane_00000023,test,mexico_hurricane,True,ebb7e3d16992f07851f7aa8f295cdb42fa395ed25ed46612e24dbbe24d322fd8
val,mexico_hurricane_00000025,mexico_hurricane,strictv1__val__mexico_hurricane_00000025,test,mexico_hurricane,True,8cc0eb28509cbed05bf4f7322029b04f8a48ff35446d60bfe4e7639c4665bf2d
val,mexico_hurricane_00000026,mexico_hurricane,strictv1__val__mexico_hurricane_00000026,test,mexico_hurricane,True,27e347b428645fb8a1784c10875a27ac345a7f9ae32ed056019ce3d6ed035a9d
val,mexico_hurricane_00000029,mexico_hurricane,strictv1__val__mexico_hurricane_00000029,test,mexico_hurricane,True,dbdc24f94eca38b6b215a956e87bf615642747b17c1afbbf27ac8b24026485c2
val,mexico_hurricane_00000030,mexico_hurricane,strictv1__val__mexico_hurricane_00000030,test,mexico_hurricane,True,48f7e9c14bfe741d0647b0bf514ded3653b208a323e7cd3c07e48df279fd22d4
val,mexico_hurricane_00000036,mexico_hurricane,strictv1__val__mexico_hurricane_00000036,test,mexico_hurricane,True,fb5c72e964034a41cea9b35d0f2d3f1283fba0eb257f1d512c4c8548a9b836b1
val,mexico_hurricane_00000039,mexico_hurricane,strictv1__val__mexico_hurricane_00000039,test,mexico_hurricane,True,e8ed6c2ce09cae6fdaf288a5d97989804cc41ec64a7f47f08c82611da5a4225c
val,mexico_hurricane_00000040,mexico_hurricane,strictv1__val__mexico_hurricane_00000040,test,mexico_hurricane,True,28d22ab3cb8f615ceb0a262ec0b8222f4a04a6a24792fb65f573669d12200234
val,mexico_hurricane_00000041,mexico_hurricane,strictv1__val__mexico_hurricane_00000041,test,mexico_hurricane,True,73aabd9b31f09d1bc0fbfbfdf3cc0954d8f0f2e0c46de08f19672621115a427d
val,mexico_hurricane_00000044,mexico_hurricane,strictv1__val__mexico_hurricane_00000044,test,mexico_hurricane,True,eaae41fb154684fd5e0986b7b7da6befb3ab702bc6fd2326e8b96431d119bb2c
val,mexico_hurricane_00000050,mexico_hurricane,strictv1__val__mexico_hurricane_00000050,test,mexico_hurricane,True,9d490dbe79b726b9e13a1a98ce441bd40df13178e7ca6dd69511c743f5d2da5d
val,mexico_hurricane_00000052,mexico_hurricane,strictv1__val__mexico_hurricane_00000052,test,mexico_hurricane,True,23ed88fc99b5930b00d2bf30e6cb2c14115698b3bde5439167ef083f1e2516a7
val,mexico_hurricane_00000055,mexico_hurricane,strictv1__val__mexico_hurricane_00000055,test,mexico_hurricane,True,ea7232015201f7fddf01cd5ef73a03174147a6ff61d7037130fd9971eb8663ec
val,mexico_hurricane_00000057,mexico_hurricane,strictv1__val__mexico_hurricane_00000057,test,mexico_hurricane,True,cff087319f7dccc14484bf3ecb836d8c770942686ac8fbf2b115ef702f472183
val,mexico_hurricane_00000059,mexico_hurricane,strictv1__val__mexico_hurricane_00000059,test,mexico_hurricane,True,abec7b9debc4fe19b71b1b7d00edcb5ac3d9c7f813c2466aa8b5654fa2c18fb4
val,mexico_hurricane_00000066,mexico_hurricane,strictv1__val__mexico_hurricane_00000066,test,mexico_hurricane,True,90b5f39d162c9da4d68359cc30a14c3ea7802ac8f56189e3f734ca1bbd03fbd5
val,mexico_hurricane_00000068,mexico_hurricane,strictv1__val__mexico_hurricane_00000068,test,mexico_hurricane,True,8912bb397ab00e12ae73e5ed9f3f9c3ad749f7a0f0e014a9d190981dd10a7451
val,mexico_hurricane_00000071,mexico_hurricane,strictv1__val__mexico_hurricane_00000071,test,mexico_hurricane,True,a17ba70ad0a0c322fb188445d1b2bc44d4044f464e93a7fa6e9c7e635c2bd247
val,mexico_hurricane_00000076,mexico_hurricane,strictv1__val__mexico_hurricane_00000076,test,mexico_hurricane,True,b4545447d53bbee05db20b986c0d4fb0b96199d261827a22022513a8dc3d1237
val,mexico_hurricane_00000078,mexico_hurricane,strictv1__val__mexico_hurricane_00000078,test,mexico_hurricane,True,6b06e38a23bb33ea74dde01e35389cea3eaf23156e1569d9b85c4f6ead687261
val,mexico_hurricane_00000079,mexico_hurricane,strictv1__val__mexico_hurricane_00000079,test,mexico_hurricane,True,aaf193e419a17f4e8e0e6441ab8da80e6421fd3ced584bdb657d9649402f4006
val,mexico_hurricane_00000086,mexico_hurricane,strictv1__val__mexico_hurricane_00000086,test,mexico_hurricane,True,4af039b35d27765de8ca17bfaef32973a09bcc8dcadca23cb4fc4e7d4bbf2579
val,mexico_hurricane_00000087,mexico_hurricane,strictv1__val__mexico_hurricane_00000087,test,mexico_hurricane,True,df181a544ef900dbcbeccc0e2779177cbecfdc516abdaf83ad8a64652d694318
val,mexico_hurricane_00000092,mexico_hurricane,strictv1__val__mexico_hurricane_00000092,test,mexico_hurricane,True,1504306bb6f71458c3a0cb4cfde7b12d7dcf65573d2a433ffcf2eb5cd97c6416
val,mexico_hurricane_00000093,mexico_hurricane,strictv1__val__mexico_hurricane_00000093,test,mexico_hurricane,True,9b10cf5f5e6ed9e3bdda44046fd16eaa2c6c131de1fd8cbbf934236eefafe9b9
val,mexico_hurricane_00000094,mexico_hurricane,strictv1__val__mexico_hurricane_00000094,test,mexico_hurricane,True,2bdfdcba00dc3efee235723732aa92365417a0e2ccab21b7a1b2b4765cf352b0
val,mexico_hurricane_00000099,mexico_hurricane,strictv1__val__mexico_hurricane_00000099,test,mexico_hurricane,True,6a49426520eeb6c0909f702d6c65c906453c729b1fd011fbe69159ff9f52db69
val,mexico_hurricane_00000100,mexico_hurricane,strictv1__val__mexico_hurricane_00000100,test,mexico_hurricane,True,347e7fd316dc70ddc8bc2288adb8c1fffc406081aa576fdd31e957799dd7ba59
val,mexico_hurricane_00000103,mexico_hurricane,strictv1__val__mexico_hurricane_00000103,test,mexico_hurricane,True,2a6f79e84e22b2e10ec3f1cecc4160fb97ba0bf4d9d165bb6c36015a48ff6859
val,mexico_hurricane_00000104,mexico_hurricane,strictv1__val__mexico_hurricane_00000104,test,mexico_hurricane,True,f93b2c6a1a1db7e38af367936836644ea8597e5c5449678097b626d094a01f24
val,mexico_hurricane_00000105,mexico_hurricane,strictv1__val__mexico_hurricane_00000105,test,mexico_hurricane,True,3a8cfbbf0659df84d2926aa2f34326041daf3f274727b74f96809ac4e1442940
val,mexico_hurricane_00000108,mexico_hurricane,strictv1__val__mexico_hurricane_00000108,test,mexico_hurricane,True,ec91ddb39eef04a467ee563cedc87a816364873ae75d617da968fa54424fd785
val,mexico_hurricane_00000110,mexico_hurricane,strictv1__val__mexico_hurricane_00000110,test,mexico_hurricane,True,657b560556e8d2a1b064d41a894a23002c686ddc358c9bb8c82e996a2b06ade0
val,mexico_hurricane_00000112,mexico_hurricane,strictv1__val__mexico_hurricane_00000112,test,mexico_hurricane,True,66fd699993c714ac8676d4cde25a5f235fa497908c61a3774847b3bec6b7fdcd
val,mexico_hurricane_00000114,mexico_hurricane,strictv1__val__mexico_hurricane_00000114,test,mexico_hurricane,True,3c144f111bd68917b5da5f2b960248721363cfa228253e3b260bcb384ff2af85
val,mexico_hurricane_00000115,mexico_hurricane,strictv1__val__mexico_hurricane_00000115,test,mexico_hurricane,True,b60ff83451df78768b01edf458e951a272aa497f938eb6a24b56d7ec7b7ebabc
val,mexico_hurricane_00000118,mexico_hurricane,strictv1__val__mexico_hurricane_00000118,test,mexico_hurricane,True,18dbdc5683826a2c826a2ca227d1023a4d78b61eff416e1406a9ee1b196f21b8
val,mexico_hurricane_00000121,mexico_hurricane,strictv1__val__mexico_hurricane_00000121,test,mexico_hurricane,True,0227711811175dc5d8dd733030f2436397f42889162f34aaa3119e4c89fe0f62
val,mexico_hurricane_00000124,mexico_hurricane,strictv1__val__mexico_hurricane_00000124,test,mexico_hurricane,True,d724bfb80d98ca4d72e2525e36a4b0a0ab06e7252fbba4660c3d939bb85f035f
val,mexico_hurricane_00000125,mexico_hurricane,strictv1__val__mexico_hurricane_00000125,test,mexico_hurricane,True,e8c56649cb1edef8d2a3ccd5a10c67cfaabbf82fdb04c6761a265f85c1789f73
val,mexico_hurricane_00000129,mexico_hurricane,strictv1__val__mexico_hurricane_00000129,test,mexico_hurricane,True,8092dee75128b30167bc6973899eb8ed0282d638c15c3a533a940ee7e60af661
val,mexico_hurricane_00000131,mexico_hurricane,strictv1__val__mexico_hurricane_00000131,test,mexico_hurricane,True,f731e9c4ddf5d2bc2cdd2245a3980c41353bcd945ec941c92f5b9c07c9a18340
val,mexico_hurricane_00000135,mexico_hurricane,strictv1__val__mexico_hurricane_00000135,test,mexico_hurricane,True,89fc494ded123d2f15219f34112b64562f4f0167827ce4774b47c57eb6d9b23d
val,mexico_hurricane_00000136,mexico_hurricane,strictv1__val__mexico_hurricane_00000136,test,mexico_hurricane,True,00b7f936ec34b9d71569cd527da5f72d40221daba1868585912c632922546300
val,mexico_hurricane_00000139,mexico_hurricane,strictv1__val__mexico_hurricane_00000139,test,mexico_hurricane,True,5a7f23c5fc689dcd9e51141365087aedf0cb12fc45b76b94012182c755a3c049
val,mexico_hurricane_00000140,mexico_hurricane,strictv1__val__mexico_hurricane_00000140,test,mexico_hurricane,True,4adb911231f01af8b6b156f5983447515bba3926f074bf9706c0be391a41efc8
val,mexico_hurricane_00000142,mexico_hurricane,strictv1__val__mexico_hurricane_00000142,test,mexico_hurricane,True,cecb6025b1164c0b7cce7757dfafd295a6cc5f071d574f011b47b2a4f785a960
val,mexico_hurricane_00000147,mexico_hurricane,strictv1__val__mexico_hurricane_00000147,test,mexico_hurricane,True,1304c94e3afa83cd018220fa64a5c7e1885fb5584dfaab5870da665b678911cf
val,mexico_hurricane_00000150,mexico_hurricane,strictv1__val__mexico_hurricane_00000150,test,mexico_hurricane,True,8c802a95d000866e8d3ee083625fb4b894e635e8dc55ae4eb4719db9ec7b2ce1
val,mexico_hurricane_00000152,mexico_hurricane,strictv1__val__mexico_hurricane_00000152,test,mexico_hurricane,True,5888f52d6e06b459c22841f2310791b5cbe25a2741ad47ef327e8f516e6b9437
val,mexico_hurricane_00000153,mexico_hurricane,strictv1__val__mexico_hurricane_00000153,test,mexico_hurricane,True,04a62efed8ba2756a7e058fd9809cdb722cf489a52bd8ff5f0e4a33a43d058ea
val,mexico_hurricane_00000157,mexico_hurricane,strictv1__val__mexico_hurricane_00000157,test,mexico_hurricane,True,827c7f6f7d588da25aca6a68f85814b6228d02aa1c5e6b04307514f4b05f9264
val,mexico_hurricane_00000161,mexico_hurricane,strictv1__val__mexico_hurricane_00000161,test,mexico_hurricane,True,9084a0d481e74654cc97a6d89823079a94e692a2164b979e59e701e25939795e
val,mexico_hurricane_00000163,mexico_hurricane,strictv1__val__mexico_hurricane_00000163,test,mexico_hurricane,True,4687070fdc0e8e5c9d43d0f81db05dc0c25800e6d37878d8d3d13e191b4e51ab
val,mexico_hurricane_00000165,mexico_hurricane,strictv1__val__mexico_hurricane_00000165,test,mexico_hurricane,True,7528ffeedd8700ec47127644ee7877bd7f6c701cc33c15da9a97a2ee8202e07c
val,mexico_hurricane_00000167,mexico_hurricane,strictv1__val__mexico_hurricane_00000167,test,mexico_hurricane,True,8b89892d84853ef76cdd777cb6a9397637908aec0f1dc44f7bde8545cdb8c24d
val,mexico_hurricane_00000168,mexico_hurricane,strictv1__val__mexico_hurricane_00000168,test,mexico_hurricane,True,9bd754d37fa6999df9f8fab00b1f64e9f710852483374f75e5aafc1fce5b102b
val,mexico_hurricane_00000172,mexico_hurricane,strictv1__val__mexico_hurricane_00000172,test,mexico_hurricane,True,208a0366e499ad968e8dd7dccf94bf26768903e6af876957c9d4bfecefa5cf66
val,mexico_hurricane_00000177,mexico_hurricane,strictv1__val__mexico_hurricane_00000177,test,mexico_hurricane,True,94bbf37a16d7d51cd165cabe8bd6e5e34c27477bf119db92b26c183f4e09a03d
val,mexico_hurricane_00000178,mexico_hurricane,strictv1__val__mexico_hurricane_00000178,test,mexico_hurricane,True,af8b7469115d10ae9fcb02ac55abf3257921e7db6e6d938d1a3496800dbca3cd
val,mexico_hurricane_00000179,mexico_hurricane,strictv1__val__mexico_hurricane_00000179,test,mexico_hurricane,True,89b9c3d159df4a594469f34e3130504b7b5542e2f202442358d66ab8ccdc1a4b
val,mexico_hurricane_00000182,mexico_hurricane,strictv1__val__mexico_hurricane_00000182,test,mexico_hurricane,True,8f7fb2a085faf6cc1b0ac8ac81a94bb2660849ced645b08a41036be137609593
val,mexico_hurricane_00000184,mexico_hurricane,strictv1__val__mexico_hurricane_00000184,test,mexico_hurricane,True,a0ca98ef103a7d7fd55403894d122a8690f89d90ec345051900c5f0b7a34813b
val,mexico_hurricane_00000185,mexico_hurricane,strictv1__val__mexico_hurricane_00000185,test,mexico_hurricane,True,91a8a399aa2e4ad90206a9bf4fdff09ea1f7f08fac8c1bfa546fef8a5c785e94
val,mexico_hurricane_00000192,mexico_hurricane,strictv1__val__mexico_hurricane_00000192,test,mexico_hurricane,True,4bc28f118f5f71b66a48257e5842e9872e737a416d098d37b9ba938bcdb528b3
val,mexico_hurricane_00000193,mexico_hurricane,strictv1__val__mexico_hurricane_00000193,test,mexico_hurricane,True,c8c4055ef38f19be122919c32333327119cae43ca901a3e7634be3ff9f663961
val,mexico_hurricane_00000195,mexico_hurricane,strictv1__val__mexico_hurricane_00000195,test,mexico_hurricane,True,6d1e752967e97bd467c3e1a508d39c6d03c56e4feb30c646c2b8814eb58fbe7f
val,mexico_hurricane_00000198,mexico_hurricane,strictv1__val__mexico_hurricane_00000198,test,mexico_hurricane,True,1ebc1a2ece42d4740eef6173fed0c1899702e5c4a9addd4882195fad68451285
val,mexico_hurricane_00000199,mexico_hurricane,strictv1__val__mexico_hurricane_00000199,test,mexico_hurricane,True,7bf5657f35306b4f9f802387b3f4d18bf9a00d7f1eea7919d136007337c57d06
val,mexico_hurricane_00000200,mexico_hurricane,strictv1__val__mexico_hurricane_00000200,test,mexico_hurricane,True,8a5fdd804e67d7097eb5452e34ef643816451acd678d46a22183a75deb7f0737
val,mexico_hurricane_00000203,mexico_hurricane,strictv1__val__mexico_hurricane_00000203,test,mexico_hurricane,True,6f7c919f04a766880eaa4956b65d33a67660f7bb8492697790dc537a7f2117eb
val,mexico_hurricane_00000205,mexico_hurricane,strictv1__val__mexico_hurricane_00000205,test,mexico_hurricane,True,4b88261c7fcd486f82b0dedccbbd320ae7a7873b4f497d226ac92a963af8b5cb
val,mexico_hurricane_00000206,mexico_hurricane,strictv1__val__mexico_hurricane_00000206,test,mexico_hurricane,True,50724266afc8a6e3f5150fc19feb53919b347e1061f8cba4dcd9e35358b1d045
val,mexico_hurricane_00000209,mexico_hurricane,strictv1__val__mexico_hurricane_00000209,test,mexico_hurricane,True,70bd6b79c234bc64e4a5bc56fe20a4035216d597a679ce655cf546e73eb113c5
val,mexico_hurricane_00000210,mexico_hurricane,strictv1__val__mexico_hurricane_00000210,test,mexico_hurricane,True,9708251032b31ce4c7801a27ee9313e705fa1607545d91b275d6073fb8bfad69
val,mexico_hurricane_00000211,mexico_hurricane,strictv1__val__mexico_hurricane_00000211,test,mexico_hurricane,True,09bf2f6764afcddd385198e35608b67e1c15d96f7a2b8d2a21dc2888cd904e69
val,rwanda_volcano_00000001,rwanda_volcano,strictv1__val__rwanda_volcano_00000001,test,rwanda_volcano,True,fdbc0ffb30f9a4d32f09f4cb7b2a3366533b3b157d377e32bbdf1b6702f1944e
val,rwanda_volcano_00000009,rwanda_volcano,strictv1__val__rwanda_volcano_00000009,test,rwanda_volcano,True,9b90e689bb806c870123ea001de287cf9b34fa934af3620ead6d707cfa1fca71
val,rwanda_volcano_00000011,rwanda_volcano,strictv1__val__rwanda_volcano_00000011,test,rwanda_volcano,True,a3a0f4116cc615d073b83de024096a4e8738d40f986d6e1459180844b3e6ae1e
val,rwanda_volcano_00000013,rwanda_volcano,strictv1__val__rwanda_volcano_00000013,test,rwanda_volcano,True,746bcfe0ad4f2d3276806aecdb5eb32c509133e8d8f2d77074f31df1d79a010b
val,rwanda_volcano_00000014,rwanda_volcano,strictv1__val__rwanda_volcano_00000014,test,rwanda_volcano,True,8cb0026306a1be3309d930e5e187be683c323c73b373875883c71010c5fe0235
val,rwanda_volcano_00000021,rwanda_volcano,strictv1__val__rwanda_volcano_00000021,test,rwanda_volcano,True,eba60211ba5aa523fbc41b23f4382aec8e9129eb9d18e1e02d28de46188e197e
val,rwanda_volcano_00000023,rwanda_volcano,strictv1__val__rwanda_volcano_00000023,test,rwanda_volcano,True,3378c22c2ff69e360191684717e9814a055687eb60d8cf34321968e5d66398ca
val,rwanda_volcano_00000025,rwanda_volcano,strictv1__val__rwanda_volcano_00000025,test,rwanda_volcano,True,76a67c80a258a38720a6438cf31793214f6a4da5deba718601d57142478712ea
val,rwanda_volcano_00000026,rwanda_volcano,strictv1__val__rwanda_volcano_00000026,test,rwanda_volcano,True,6fed36743a5b752c0c9c3c9427d2d9f67c8006a16485ce3e2587b5b30d454ae7
val,rwanda_volcano_00000027,rwanda_volcano,strictv1__val__rwanda_volcano_00000027,test,rwanda_volcano,True,52a04aa861cc3e64603076d030a5e46158f137dca41f72cb1ec82ac1ccc1e36c
val,rwanda_volcano_00000029,rwanda_volcano,strictv1__val__rwanda_volcano_00000029,test,rwanda_volcano,True,7bdc96aa8e8924b7e0c15eb8a71f19f802bd3482533960e6660de2b23cb90dfe
val,rwanda_volcano_00000030,rwanda_volcano,strictv1__val__rwanda_volcano_00000030,test,rwanda_volcano,True,a207cdf0f8013bae472a432a70a1758622029215562364cfa2b015e91e2e1a43
val,rwanda_volcano_00000031,rwanda_volcano,strictv1__val__rwanda_volcano_00000031,test,rwanda_volcano,True,ef498fc76b2fc0c9ca55edb3ddaf6a36468bdd4c18520ebd660a13fca7ca696a
val,rwanda_volcano_00000037,rwanda_volcano,strictv1__val__rwanda_volcano_00000037,test,rwanda_volcano,True,ff06d8c5665a0221269b06cdcae7b6865421e6932d038521ff54894f1379349a
val,rwanda_volcano_00000038,rwanda_volcano,strictv1__val__rwanda_volcano_00000038,test,rwanda_volcano,True,6869923c0a7c27e6da559635e228db95179660e9e372be278288ad2d64c50cfd
val,rwanda_volcano_00000039,rwanda_volcano,strictv1__val__rwanda_volcano_00000039,test,rwanda_volcano,True,45100252f9d8d59c3b78558863a1cf5b054fea19008bf3eeaf591fc4b7eade7e
val,rwanda_volcano_00000040,rwanda_volcano,strictv1__val__rwanda_volcano_00000040,test,rwanda_volcano,True,fecef116927afa68ff70aa1f94f3da11885210206f6cd8a65b412e7dc789ff85
val,rwanda_volcano_00000042,rwanda_volcano,strictv1__val__rwanda_volcano_00000042,test,rwanda_volcano,True,4a095f6244a88e3096e2df655e1604150e9d9e4909857bb58eb30e92899bfd4f
val,rwanda_volcano_00000043,rwanda_volcano,strictv1__val__rwanda_volcano_00000043,test,rwanda_volcano,True,335500374a5b9f05747b783483665f12c142ed9ff03ac830e9fa7c92f5328879
val,rwanda_volcano_00000044,rwanda_volcano,strictv1__val__rwanda_volcano_00000044,test,rwanda_volcano,True,e36898915f1470eaabbf3138f767a76f4859da0fabe682ceaa78cf0a5180d70c
val,rwanda_volcano_00000047,rwanda_volcano,strictv1__val__rwanda_volcano_00000047,test,rwanda_volcano,True,d36982eb92c6d0e81774112002bbc107e9a4270a036e790674aacac3a5683a22
val,rwanda_volcano_00000050,rwanda_volcano,strictv1__val__rwanda_volcano_00000050,test,rwanda_volcano,True,8377585b4ccd1d91c464d132bb6a0734d39a0edef723dad719d9a4b4fb7170b8
val,rwanda_volcano_00000051,rwanda_volcano,strictv1__val__rwanda_volcano_00000051,test,rwanda_volcano,True,f6f2af5eb7ca3d48b1558f577d546177069c73bb559acdeee3ea4a48c3eb976b
val,rwanda_volcano_00000052,rwanda_volcano,strictv1__val__rwanda_volcano_00000052,test,rwanda_volcano,True,0df0f568d14988dd90d63c40febbc575470f4380ac28a38aa800c862e94c0fb7
val,rwanda_volcano_00000054,rwanda_volcano,strictv1__val__rwanda_volcano_00000054,test,rwanda_volcano,True,9de15f77723e49bfaa37adb47451776238eaeb61ba62957fa87fbd457246ecad
val,rwanda_volcano_00000055,rwanda_volcano,strictv1__val__rwanda_volcano_00000055,test,rwanda_volcano,True,ffdc5260f0acc819e99c47f65c40db27da3704ffd77313b8fdd13fc4a37503e5
val,rwanda_volcano_00000056,rwanda_volcano,strictv1__val__rwanda_volcano_00000056,test,rwanda_volcano,True,5ccf3a89bbf326a70b1e872c72b9f3f9567c33cd6c894011ea3fc7bf3bcfab3e
val,rwanda_volcano_00000058,rwanda_volcano,strictv1__val__rwanda_volcano_00000058,test,rwanda_volcano,True,0c4625d81cb5d13ac33d1d6a0b271ef801d311df77a8da3d09b0bbf84df8c739
val,rwanda_volcano_00000059,rwanda_volcano,strictv1__val__rwanda_volcano_00000059,test,rwanda_volcano,True,5f3f2f9e7fdd7243194c959ba6f2f7231095a5a967dec68ae5423b4acb61e09a
val,rwanda_volcano_00000060,rwanda_volcano,strictv1__val__rwanda_volcano_00000060,test,rwanda_volcano,True,eaffd1be742d2460b75134f5de7c52f0532e7a6c0000b17278b89cf797642bd5
val,rwanda_volcano_00000062,rwanda_volcano,strictv1__val__rwanda_volcano_00000062,test,rwanda_volcano,True,36d6caa92a3f44afd334126585289b4c83bc337a6143280edb48dfb106505646
val,rwanda_volcano_00000063,rwanda_volcano,strictv1__val__rwanda_volcano_00000063,test,rwanda_volcano,True,e163c65e6e2fcf021064310647dee8e355ff8970c3cf53e14af4eeacad81973b
val,rwanda_volcano_00000064,rwanda_volcano,strictv1__val__rwanda_volcano_00000064,test,rwanda_volcano,True,49fda6032e162099a7b44be48f42c2f073d39294ae3fb0096474e46466c6fafa
val,rwanda_volcano_00000066,rwanda_volcano,strictv1__val__rwanda_volcano_00000066,test,rwanda_volcano,True,78fd2554a65fe3cd92526c19801f5ad5e795b48d8633275d8996fa01d695d57b
val,rwanda_volcano_00000067,rwanda_volcano,strictv1__val__rwanda_volcano_00000067,test,rwanda_volcano,True,72f9316e1171d09bcc197a86f448ef3b9516360553a30f5a23bec6009de6c617
val,rwanda_volcano_00000068,rwanda_volcano,strictv1__val__rwanda_volcano_00000068,test,rwanda_volcano,True,8f37a0a5a72af65f189463c01c6bdeb01f004b6813ebf61ec55e592104db3d97
val,rwanda_volcano_00000070,rwanda_volcano,strictv1__val__rwanda_volcano_00000070,test,rwanda_volcano,True,abf6ed971e4a36199d927c50f87a2ca4047e9cee2957cd126a3d6262cd2e9e36
val,rwanda_volcano_00000072,rwanda_volcano,strictv1__val__rwanda_volcano_00000072,test,rwanda_volcano,True,93e6c4daa9f55daa7968ac76fe4a853accdcd71749ce4949e82518a13cb98c62
val,rwanda_volcano_00000074,rwanda_volcano,strictv1__val__rwanda_volcano_00000074,test,rwanda_volcano,True,a450b01f7367ac49f73507548860e4f9719210c8f158a1c4d521d4f0a9c76a05
val,rwanda_volcano_00000075,rwanda_volcano,strictv1__val__rwanda_volcano_00000075,test,rwanda_volcano,True,e85dbb782c0cd9ebd9739e0ae0416d5c2b3d5209eae562c3489172127ae98acb
val,rwanda_volcano_00000076,rwanda_volcano,strictv1__val__rwanda_volcano_00000076,test,rwanda_volcano,True,87a36cbef1c43dce53acf31388173d588e270c144d58ae77808f011bf474e19f
val,rwanda_volcano_00000078,rwanda_volcano,strictv1__val__rwanda_volcano_00000078,test,rwanda_volcano,True,17371e30e6037004156392b827dd2b88d38bf893e3af424342760482f95c8ddb
val,rwanda_volcano_00000079,rwanda_volcano,strictv1__val__rwanda_volcano_00000079,test,rwanda_volcano,True,5c28745514f07a9822360468610c6b614a0666384e61d50ee894c9c3cc3f20ae
val,rwanda_volcano_00000080,rwanda_volcano,strictv1__val__rwanda_volcano_00000080,test,rwanda_volcano,True,8f3438ee8d4502943774925450686f77b3caf9b2aeaddb72448a434711fede78
val,rwanda_volcano_00000083,rwanda_volcano,strictv1__val__rwanda_volcano_00000083,test,rwanda_volcano,True,111ac97cc0cb066d9d142ade1d127932a3a802f249413d56d0e22d519cf03844
val,rwanda_volcano_00000084,rwanda_volcano,strictv1__val__rwanda_volcano_00000084,test,rwanda_volcano,True,610cc59ed8b3235c967b1f16d84ed8025741db8d3e7fcc642aa206a04f037608
val,rwanda_volcano_00000085,rwanda_volcano,strictv1__val__rwanda_volcano_00000085,test,rwanda_volcano,True,a511ae0eb3e1a0025840b7adeb089a7f9c6259d1601e85dac48bdfca18d9be19
val,rwanda_volcano_00000087,rwanda_volcano,strictv1__val__rwanda_volcano_00000087,test,rwanda_volcano,True,fa7a4a4b557a82eb2c05785ce6c533ce1c71a27d8be322f691d3da95a1741eaf
val,rwanda_volcano_00000088,rwanda_volcano,strictv1__val__rwanda_volcano_00000088,test,rwanda_volcano,True,acbe715c0ca81d3d2de558e0b375daec1885b29403ae088f2ac251fbb5e586a1
val,rwanda_volcano_00000089,rwanda_volcano,strictv1__val__rwanda_volcano_00000089,test,rwanda_volcano,True,20d258ee5b330ce8aaa0f0647a6fc5108324ad044d152e888bf740632a1c9351
val,rwanda_volcano_00000091,rwanda_volcano,strictv1__val__rwanda_volcano_00000091,test,rwanda_volcano,True,32a3db10d28dde940fe6a9023f6fa101c1b718b2831f6d26b5b421b7881e7a31
val,rwanda_volcano_00000092,rwanda_volcano,strictv1__val__rwanda_volcano_00000092,test,rwanda_volcano,True,f26de47187e8ea5d707911cf03c36b4367f013deac425d24f13544e1e9c5360d
val,rwanda_volcano_00000093,rwanda_volcano,strictv1__val__rwanda_volcano_00000093,test,rwanda_volcano,True,af00d5ec2e4c1492132b590543d3f5cee363660d7258f327dba6bebdb6721801
val,rwanda_volcano_00000095,rwanda_volcano,strictv1__val__rwanda_volcano_00000095,test,rwanda_volcano,True,a888b9c9d16ce0068d511f45a15f862cc7e5129ec9c01a7424986c96686f3d6c
val,rwanda_volcano_00000096,rwanda_volcano,strictv1__val__rwanda_volcano_00000096,test,rwanda_volcano,True,6a565a3dd41cc292da628afea255f9f9daf58b3f00f70daa225b9ee4fa5d91c4
val,rwanda_volcano_00000097,rwanda_volcano,strictv1__val__rwanda_volcano_00000097,test,rwanda_volcano,True,75105f3cffc406da236214fd2a3de00a4b73991bb64db1b6a1cdccc62e0d71c4
val,rwanda_volcano_00000099,rwanda_volcano,strictv1__val__rwanda_volcano_00000099,test,rwanda_volcano,True,e03dd21213cd49485eff8a2dc7a63c97c98cac74671aee869a5ca21fb0c40a5a
val,rwanda_volcano_00000100,rwanda_volcano,strictv1__val__rwanda_volcano_00000100,test,rwanda_volcano,True,0beefb5caedfaccb8732cfe1721aef25159399c1cd14623bb6a70dfeeb91a08f
val,rwanda_volcano_00000101,rwanda_volcano,strictv1__val__rwanda_volcano_00000101,test,rwanda_volcano,True,9b28ce1d7363495e253aeafaf43fc8f2fff63d69bb452bbd03620c652e102e9f
val,rwanda_volcano_00000103,rwanda_volcano,strictv1__val__rwanda_volcano_00000103,test,rwanda_volcano,True,79d14b8b687be1b4f9f399a83192e31f00fd2504343998dfee02ba4826015cda
val,rwanda_volcano_00000104,rwanda_volcano,strictv1__val__rwanda_volcano_00000104,test,rwanda_volcano,True,4d01593dfbc22bfcf4613a193292fcdd0eceedf7c11533d5a734712f6627a9d8
val,rwanda_volcano_00000105,rwanda_volcano,strictv1__val__rwanda_volcano_00000105,test,rwanda_volcano,True,6f6aa413f561e2459b566bd56d9d0daab455b414d4765fcb057c18393dee08f9
val,rwanda_volcano_00000107,rwanda_volcano,strictv1__val__rwanda_volcano_00000107,test,rwanda_volcano,True,bd4b732b2533fa63762950601ebfe98608d021b3dc2af35d30b1615050a05f22
val,rwanda_volcano_00000108,rwanda_volcano,strictv1__val__rwanda_volcano_00000108,test,rwanda_volcano,True,61519b6ff1bf48c953e61e25547aba91359daae67e60abd62002f4b6937b4791
val,rwanda_volcano_00000109,rwanda_volcano,strictv1__val__rwanda_volcano_00000109,test,rwanda_volcano,True,d29b5cd3655d8d766422a211c50edb7822017a362e7c1969011cfc8ce73c3ab2
val,rwanda_volcano_00000111,rwanda_volcano,strictv1__val__rwanda_volcano_00000111,test,rwanda_volcano,True,0d0da43daf8bc657e0529a4b1bbaac72a0fb5fdee90450aae27c8dc9b0029a1f
val,rwanda_volcano_00000112,rwanda_volcano,strictv1__val__rwanda_volcano_00000112,test,rwanda_volcano,True,1865d368c2005611b18ec4ff3ea19bdde04a0851f1c75bd4f2071d20eb70c634
val,rwanda_volcano_00000113,rwanda_volcano,strictv1__val__rwanda_volcano_00000113,test,rwanda_volcano,True,c7b7f8400b9a9df625625cfe3830190f3f3c5b9f42ba41ad0a6e7860a4a5aba8
val,rwanda_volcano_00000115,rwanda_volcano,strictv1__val__rwanda_volcano_00000115,test,rwanda_volcano,True,3e58b1f8dfb3e5da4a3d8db3c9909a1e4f1c6378ae598cfc981354f24c47349d
val,rwanda_volcano_00000119,rwanda_volcano,strictv1__val__rwanda_volcano_00000119,test,rwanda_volcano,True,24afd250d62aa7f01fc3ac701336323af4e5680aae0c15683dae2445ad8a47a7
val,rwanda_volcano_00000122,rwanda_volcano,strictv1__val__rwanda_volcano_00000122,test,rwanda_volcano,True,41a16a7e1c8a67ac746564fbbf9dfdf19d6ff48096c0cb82d48dbe787f9608b2
val,ukraine_conflict_00000002,ukraine_conflict,strictv1__val__ukraine_conflict_00000002,train,ukraine_conflict,True,816172ee32489753bcdd33cbe1266f056555a89ec2e089d02e10363a812a14d4
val,ukraine_conflict_00000003,ukraine_conflict,strictv1__val__ukraine_conflict_00000003,train,ukraine_conflict,True,51ebe120e8af1ac4ff136da99ca4a47c95ed8d6046b7444bbd2a44a211949685
val,ukraine_conflict_00000004,ukraine_conflict,strictv1__val__ukraine_conflict_00000004,train,ukraine_conflict,True,aaf3bf3036471af78d0a9881f137e466f321861306adc2775633b8bdf9d7aa11
val,ukraine_conflict_00000005,ukraine_conflict,strictv1__val__ukraine_conflict_00000005,train,ukraine_conflict,True,823df0b451fe36f95662ea638d6927fded2430f0631dc24499b4fc36c36462a3
val,ukraine_conflict_00000006,ukraine_conflict,strictv1__val__ukraine_conflict_00000006,train,ukraine_conflict,True,542fb6c43c9c7600f9e9f80af6d03942bc0e3aaf2563cb0be93a6fe3b2fdd084
val,ukraine_conflict_00000007,ukraine_conflict,strictv1__val__ukraine_conflict_00000007,train,ukraine_conflict,True,0204ab8847eef6d8efb21bbf8dbf1e90b8af28ff0542646cb61a4bf9fab46349
val,ukraine_conflict_00000009,ukraine_conflict,strictv1__val__ukraine_conflict_00000009,train,ukraine_conflict,True,9bf2fa33b826ef2125c2157214ef343873090ec1bc8039e6c493b7a7b878205e
val,ukraine_conflict_00000010,ukraine_conflict,strictv1__val__ukraine_conflict_00000010,train,ukraine_conflict,True,1920b2d35b7ef716f1d4b7535884220c451e26e1b24e7092268d4c8d46fdd7b2
val,ukraine_conflict_00000011,ukraine_conflict,strictv1__val__ukraine_conflict_00000011,train,ukraine_conflict,True,89ebf2cb788d084099f4ef3580ef68c98539b525d1db2bbe3addbe1fb8d61684
val,ukraine_conflict_00000013,ukraine_conflict,strictv1__val__ukraine_conflict_00000013,train,ukraine_conflict,True,523933e67ff1033552d992d2afe3ed0f96dc6684ed774392104055cbd72e1949
val,ukraine_conflict_00000014,ukraine_conflict,strictv1__val__ukraine_conflict_00000014,train,ukraine_conflict,True,48c0daa3277a387556c296830f21b8e3ee2d9ef252a8fe4042562d424b7465ee
val,ukraine_conflict_00000015,ukraine_conflict,strictv1__val__ukraine_conflict_00000015,train,ukraine_conflict,True,248b74f6f3ac28e6c317b672277e726ba9cd76f6ad7faa8c45b3362dca9634a3
val,ukraine_conflict_00000016,ukraine_conflict,strictv1__val__ukraine_conflict_00000016,train,ukraine_conflict,True,5e30b8a0636da90fa70e8ef2a114124cf9fa32f94d25e07baf6ce6b8a41d2f01
val,ukraine_conflict_00000018,ukraine_conflict,strictv1__val__ukraine_conflict_00000018,train,ukraine_conflict,True,660b5e85075478821601e73a93f894c6189191a43d27e50fce9464c11f349d90
val,ukraine_conflict_00000019,ukraine_conflict,strictv1__val__ukraine_conflict_00000019,train,ukraine_conflict,True,6f49f5a3112a97dfe8a1d26cbdb45e1a826634616f76bec8693c9f91eedb7c44
val,ukraine_conflict_00000020,ukraine_conflict,strictv1__val__ukraine_conflict_00000020,train,ukraine_conflict,True,6fd5358e85fd673b3d434b54d3806012e57172eab710c610c532ccb4dac779f8
val,ukraine_conflict_00000021,ukraine_conflict,strictv1__val__ukraine_conflict_00000021,train,ukraine_conflict,True,a8282fb3c844e2dd206992149cecd00cc45c45ff33516cfa23609aa41debf75b
val,ukraine_conflict_00000022,ukraine_conflict,strictv1__val__ukraine_conflict_00000022,train,ukraine_conflict,True,2810ab2550c21231a8fb0b9ec18cb951e4c0901a094a3eaf58857ce3ff8e6707
val,ukraine_conflict_00000023,ukraine_conflict,strictv1__val__ukraine_conflict_00000023,train,ukraine_conflict,True,3198a2063c594404a745fbb8d9b82dac5e13c6ec4d4c28723594c6b377dde2ff
val,ukraine_conflict_00000024,ukraine_conflict,strictv1__val__ukraine_conflict_00000024,train,ukraine_conflict,True,3799f2a68c073917b14db6d634e4705a34f58d7e0ca9955cfe69321e8011a3f0
val,ukraine_conflict_00000027,ukraine_conflict,strictv1__val__ukraine_conflict_00000027,train,ukraine_conflict,True,0d6f8fdf0b924200e7190bd77dc04ecd696a62310e6c7e4f7e1a61d06f7ea770
val,ukraine_conflict_00000028,ukraine_conflict,strictv1__val__ukraine_conflict_00000028,train,ukraine_conflict,True,455a08c42563d346164d47aa0d927890fea3bf235c5742eee8676acda5d6289c
val,ukraine_conflict_00000029,ukraine_conflict,strictv1__val__ukraine_conflict_00000029,train,ukraine_conflict,True,3672126f29ee7cf9798774bd02e9746be58558db9c4c20ea60a3718beacb459d
val,ukraine_conflict_00000030,ukraine_conflict,strictv1__val__ukraine_conflict_00000030,train,ukraine_conflict,True,de23c7ca239c36bb9659687566d41bdf0ece66d3a3935377c2807aa3dbe807c5
val,ukraine_conflict_00000031,ukraine_conflict,strictv1__val__ukraine_conflict_00000031,train,ukraine_conflict,True,aaa3c09d1a2f1cc3bafbae6486f5acd420376d17bd94d3fcd1662704b8f4cea9
val,ukraine_conflict_00000032,ukraine_conflict,strictv1__val__ukraine_conflict_00000032,train,ukraine_conflict,True,2b5aa7aaba18d46f1c69a7b1c61ae495710e8c8a7c84bf8d4fdd0de5658f59a0
val,ukraine_conflict_00000033,ukraine_conflict,strictv1__val__ukraine_conflict_00000033,train,ukraine_conflict,True,4442b3d76428484843fe06c6fc8ef0443e97a8618f7026fe7cd079cfaa352da4
val,ukraine_conflict_00000037,ukraine_conflict,strictv1__val__ukraine_conflict_00000037,train,ukraine_conflict,True,61fa4cae4ae5a40d5359cf531b9ff24990f060009014be2649fc54a5d24f6d8d
val,ukraine_conflict_00000039,ukraine_conflict,strictv1__val__ukraine_conflict_00000039,train,ukraine_conflict,True,0a506f77b3e61b8956a274705d4eb458ce6a26ca15ae365205e98cfbb724c4e3
val,ukraine_conflict_00000040,ukraine_conflict,strictv1__val__ukraine_conflict_00000040,train,ukraine_conflict,True,6bb65d03810a5355813b4ace63fbd6aca6d292fa7f1ae36ff045495fe4f228e6
val,ukraine_conflict_00000041,ukraine_conflict,strictv1__val__ukraine_conflict_00000041,train,ukraine_conflict,True,bfa2d270b1750726c2ca391122395e2e592f67f82e0254d00e5ba665aeaa7c80
val,ukraine_conflict_00000042,ukraine_conflict,strictv1__val__ukraine_conflict_00000042,train,ukraine_conflict,True,a6f40308ade989b40e290d20772c0c335748df8b1cbe3f152deb5f5f9f09c000
val,ukraine_conflict_00000044,ukraine_conflict,strictv1__val__ukraine_conflict_00000044,train,ukraine_conflict,True,f08be5ef4fe91c7c2b0868f20b5a1d399b871ee71e76b1705468fde5c2983af4
val,ukraine_conflict_00000045,ukraine_conflict,strictv1__val__ukraine_conflict_00000045,train,ukraine_conflict,True,c0509259db12884b48aba07f28e37fc2d6af69f408454b7b77204db0923843e0
val,ukraine_conflict_00000046,ukraine_conflict,strictv1__val__ukraine_conflict_00000046,train,ukraine_conflict,True,9b5c0afba0ca22d0e20909dc2c58e679e82a7bad93b722f5fe97e775a17bb9e7
val,ukraine_conflict_00000047,ukraine_conflict,strictv1__val__ukraine_conflict_00000047,train,ukraine_conflict,True,5e73375ca5fe112a9cbb0ccd60447b30da9ac2fd817ca605f708f654642239ae
val,ukraine_conflict_00000048,ukraine_conflict,strictv1__val__ukraine_conflict_00000048,train,ukraine_conflict,True,8b355a6c91a495898fbe40a29890016ff7671c61ed22beca4bcdeb6e8647046c
val,ukraine_conflict_00000049,ukraine_conflict,strictv1__val__ukraine_conflict_00000049,train,ukraine_conflict,True,a42cf68b04aa2d1b3e5dd53cd5a86e7dc29ee97261a390ca5efffa24366a1de8
val,ukraine_conflict_00000050,ukraine_conflict,strictv1__val__ukraine_conflict_00000050,train,ukraine_conflict,True,61e00d14f6ea8b0eb647f2de48d32e3d8dacd20026871ceecffa1a71ea8fae06
val,ukraine_conflict_00000053,ukraine_conflict,strictv1__val__ukraine_conflict_00000053,train,ukraine_conflict,True,c80cae562509432422133e1b0ce94c3168491e4b92efdff865978c3b556247e2
val,ukraine_conflict_00000056,ukraine_conflict,strictv1__val__ukraine_conflict_00000056,train,ukraine_conflict,True,3abf121542c0027e94f52984f829cb5090de6f26a05842cdaac6f6e76d79403e
val,ukraine_conflict_00000057,ukraine_conflict,strictv1__val__ukraine_conflict_00000057,train,ukraine_conflict,True,044e92555ff525afb3f29a9ef21674207cc87f4104f33df9814eb06d3d7ca10d
val,ukraine_conflict_00000058,ukraine_conflict,strictv1__val__ukraine_conflict_00000058,train,ukraine_conflict,True,addab122a9893c81d0e6b5f456e8d8802cc2bfdd548b07d66ff02ec64c67a3e6
val,ukraine_conflict_00000059,ukraine_conflict,strictv1__val__ukraine_conflict_00000059,train,ukraine_conflict,True,83093dc61e5d2482c6cf00655c5a1f58b13d972aba7886ba75dafd0772692c40
val,ukraine_conflict_00000061,ukraine_conflict,strictv1__val__ukraine_conflict_00000061,train,ukraine_conflict,True,824f80f763e7e0b0e49cc70e0dcaff3db91b6dc035ee369341100253426be33a
val,ukraine_conflict_00000062,ukraine_conflict,strictv1__val__ukraine_conflict_00000062,train,ukraine_conflict,True,729fdc3a497e811f3097160982d66494425598efe407cdb2d4da258bd27ccf13
val,ukraine_conflict_00000063,ukraine_conflict,strictv1__val__ukraine_conflict_00000063,train,ukraine_conflict,True,be46eeb8d014ad5304ccaefc11c882957adaff7ef3db08b986059d2933264866
val,ukraine_conflict_00000065,ukraine_conflict,strictv1__val__ukraine_conflict_00000065,train,ukraine_conflict,True,98fe60105c3d96a8c008b016048ba7578e38b28b8885fc1ca73917d8f1d7a1ae
val,ukraine_conflict_00000066,ukraine_conflict,strictv1__val__ukraine_conflict_00000066,train,ukraine_conflict,True,d3da6b3d9380cee6337ad098d2e9e4bc719d71eb2057ac3b958cc8a351f3f51a
val,ukraine_conflict_00000067,ukraine_conflict,strictv1__val__ukraine_conflict_00000067,train,ukraine_conflict,True,5d8a7b2e3f1c089af4c0ab5e575d9d36baaa3674d4ab699e952b08061fff27c9
val,ukraine_conflict_00000068,ukraine_conflict,strictv1__val__ukraine_conflict_00000068,train,ukraine_conflict,True,3fe21831a110f4ad1fea4b4f4ad2ff76597b3086a6f9e39459aa59c84190f81b
val,ukraine_conflict_00000070,ukraine_conflict,strictv1__val__ukraine_conflict_00000070,train,ukraine_conflict,True,54565bbd7038bab6b070012205a9c207b141aa7efcc0d919ad9814f524cb273e
val,ukraine_conflict_00000071,ukraine_conflict,strictv1__val__ukraine_conflict_00000071,train,ukraine_conflict,True,d6be66471a3eda1160cf0f6d4384c27e37ceb89d991dd88abe0eeb45bc4646a8
val,ukraine_conflict_00000072,ukraine_conflict,strictv1__val__ukraine_conflict_00000072,train,ukraine_conflict,True,5b201994d6c208b1c0645431219336da65ca3d1bd70db49ad91094d05eed00fb
val,ukraine_conflict_00000075,ukraine_conflict,strictv1__val__ukraine_conflict_00000075,train,ukraine_conflict,True,6880191ca75c9f217e224f88b447ea0d183ece6e9fcfc07e6415d9b58895ab6f
val,ukraine_conflict_00000078,ukraine_conflict,strictv1__val__ukraine_conflict_00000078,train,ukraine_conflict,True,5c70671c391c7da5f3c4f1b6a24b4ae55d7aa1f90ed26777c1a36d2e492af785
val,ukraine_conflict_00000079,ukraine_conflict,strictv1__val__ukraine_conflict_00000079,train,ukraine_conflict,True,6692172f9362228ff2f0bda9b6311e022462ce2e7faac3f8d43427f64f19b9b3
val,ukraine_conflict_00000080,ukraine_conflict,strictv1__val__ukraine_conflict_00000080,train,ukraine_conflict,True,65e42540e4eb9631d0171a8059ae4d435688947717987327bed71f1e7270d3f6
val,ukraine_conflict_00000081,ukraine_conflict,strictv1__val__ukraine_conflict_00000081,train,ukraine_conflict,True,9ff427c19ddbfce4641cf5940e68df21e46f4c9cb244f0301f168fdba9954969
val,ukraine_conflict_00000082,ukraine_conflict,strictv1__val__ukraine_conflict_00000082,train,ukraine_conflict,True,667868e1bdf6387281b3a1dfc4b998ea1c0e529a5e2b2ce9e9a1b3184b56e301
val,ukraine_conflict_00000083,ukraine_conflict,strictv1__val__ukraine_conflict_00000083,train,ukraine_conflict,True,1aac2a73ac2f08a274a13c7ee7471984a5d578e453219c8963b1e443fc35f966
val,ukraine_conflict_00000084,ukraine_conflict,strictv1__val__ukraine_conflict_00000084,train,ukraine_conflict,True,f49ef626efb54e7e89fff94a672432e3582543d74fcd9bcce4778e335a586bae
val,ukraine_conflict_00000086,ukraine_conflict,strictv1__val__ukraine_conflict_00000086,train,ukraine_conflict,True,3631a7a0e8894ecc987a6c2faed8d1f06182bd7982ae1bbfd20c6abced50371b
val,ukraine_conflict_00000087,ukraine_conflict,strictv1__val__ukraine_conflict_00000087,train,ukraine_conflict,True,16c73a5ec5599189ec429817d5befd183668abd00a66706d6b2f766c1003f337
val,ukraine_conflict_00000088,ukraine_conflict,strictv1__val__ukraine_conflict_00000088,train,ukraine_conflict,True,4a74dc88a3133889f59b302a9034024bcd9220585a0bb2406f13d308e42a5085
val,ukraine_conflict_00000090,ukraine_conflict,strictv1__val__ukraine_conflict_00000090,train,ukraine_conflict,True,ac3d62f83afda6c11d74e28bb1ae6e6798f32d35277df3520a4271e68de9469b
val,ukraine_conflict_00000093,ukraine_conflict,strictv1__val__ukraine_conflict_00000093,train,ukraine_conflict,True,6bd69999349335bcf100976126f0475421ebbe168433c95eec278cc13440ca72
val,ukraine_conflict_00000095,ukraine_conflict,strictv1__val__ukraine_conflict_00000095,train,ukraine_conflict,True,0e7b4f384502746a31810c2d37e063c9c6365977a9946e7682d92e1ffaae506e
val,ukraine_conflict_00000096,ukraine_conflict,strictv1__val__ukraine_conflict_00000096,train,ukraine_conflict,True,1da85c96a83e938a0b8e3d661ddc5da2ff456feff6fc732893830a9c53be6ca7
val,ukraine_conflict_00000097,ukraine_conflict,strictv1__val__ukraine_conflict_00000097,train,ukraine_conflict,True,c295cbe53fcd899351c6e700573eff5a43e06f1b00f0a73ac577a360610ae54c
val,ukraine_conflict_00000098,ukraine_conflict,strictv1__val__ukraine_conflict_00000098,train,ukraine_conflict,True,c8f09b3b1a5ee81f907ee18230abba7da9b595986f1795ad17ecd683b4caa2c4
val,ukraine_conflict_00000099,ukraine_conflict,strictv1__val__ukraine_conflict_00000099,train,ukraine_conflict,True,eb03848415f8355769f8393931848388dbd5af6960c4bf9c29ef234bbe2c264d
val,ukraine_conflict_00000101,ukraine_conflict,strictv1__val__ukraine_conflict_00000101,train,ukraine_conflict,True,54b727a0a10611eab2ef337e0cf5bc676f2cea19e6809933a23fd5e9d1444ae1
val,ukraine_conflict_00000105,ukraine_conflict,strictv1__val__ukraine_conflict_00000105,train,ukraine_conflict,True,37e3d0b9993a1df9d2260b6ad3b5302d9bc6915e8e5d0f3b08970233d38a16be
val,ukraine_conflict_00000106,ukraine_conflict,strictv1__val__ukraine_conflict_00000106,train,ukraine_conflict,True,5e1d3a7cc3e5f802e13c52d2de30908e64a0800b8951922eeeb5e0bb29d97633
val,ukraine_conflict_00000108,ukraine_conflict,strictv1__val__ukraine_conflict_00000108,train,ukraine_conflict,True,1f34c61619ff7ab866a6ec6281baf6f865f95d7a90539862e35837e9906f3a69
val,ukraine_conflict_00000109,ukraine_conflict,strictv1__val__ukraine_conflict_00000109,train,ukraine_conflict,True,d021658a97557318b30bfc615ce13fb4090cc2b48e7fd316f20e5646c5161bc0
val,ukraine_conflict_00000110,ukraine_conflict,strictv1__val__ukraine_conflict_00000110,train,ukraine_conflict,True,51f735b35ee26b36b7599f65e0e35829886a459a51e95d3c1e29393df3321798
val,ukraine_conflict_00000114,ukraine_conflict,strictv1__val__ukraine_conflict_00000114,train,ukraine_conflict,True,4f81595404f33355701f4ec8bd8ad2840f228263086335bfae5a62954967bc55
val,ukraine_conflict_00000116,ukraine_conflict,strictv1__val__ukraine_conflict_00000116,train,ukraine_conflict,True,01203e03b53323a77cc889738cdc52e2d3eff034bd9c4e30209c9de34b090034
val,ukraine_conflict_00000117,ukraine_conflict,strictv1__val__ukraine_conflict_00000117,train,ukraine_conflict,True,50614b9d586e2b1da881dae2560748f95108778e31a9b62ad16d68b65107ad37
val,ukraine_conflict_00000118,ukraine_conflict,strictv1__val__ukraine_conflict_00000118,train,ukraine_conflict,True,8c31cadd3e8b56f705a91393c97e45d234fd879b8fc49ee68b75a1f07301ff44
val,ukraine_conflict_00000119,ukraine_conflict,strictv1__val__ukraine_conflict_00000119,train,ukraine_conflict,True,97c2f61b4d58ba5a23867f431f85dbe131b60704485615791d57ed4a3af4857e
val,ukraine_conflict_00000121,ukraine_conflict,strictv1__val__ukraine_conflict_00000121,train,ukraine_conflict,True,c0514c77e365a4e1eeaefdf9a74b954b17af44968011d0451a515c1a88934fe8
val,ukraine_conflict_00000122,ukraine_conflict,strictv1__val__ukraine_conflict_00000122,train,ukraine_conflict,True,c0d7d931cafa6e628483f61af6351ae62c5ba4bb1600011e9910254046ee82d0
val,ukraine_conflict_00000123,ukraine_conflict,strictv1__val__ukraine_conflict_00000123,train,ukraine_conflict,True,69537386f979c10b7193f2d9153f0d7aea7006965890681942798a08ab689c68
val,ukraine_conflict_00000124,ukraine_conflict,strictv1__val__ukraine_conflict_00000124,train,ukraine_conflict,True,4474367a2494c82b9ea03e877c56dad8dc95db865948f5ec6336be24a592878c
val,ukraine_conflict_00000125,ukraine_conflict,strictv1__val__ukraine_conflict_00000125,train,ukraine_conflict,True,6e5a326c1bef92a230b149a5c0cf14589c767218d41ef88f01194d44084b2406
val,ukraine_conflict_00000126,ukraine_conflict,strictv1__val__ukraine_conflict_00000126,train,ukraine_conflict,True,39567db050d46e4793c21770f5e510490dadd6c668d3ca50cd38f84f4e8083b8
val,ukraine_conflict_00000127,ukraine_conflict,strictv1__val__ukraine_conflict_00000127,train,ukraine_conflict,True,a42040e511de40e03708db8a5587a62bc4e729c2f3dba496221765e9bf934266
val,ukraine_conflict_00000131,ukraine_conflict,strictv1__val__ukraine_conflict_00000131,train,ukraine_conflict,True,af73d635e1d0e5383c7817b0afc668ad06b81c7565887e9f1781cba1b1ad609e
val,ukraine_conflict_00000132,ukraine_conflict,strictv1__val__ukraine_conflict_00000132,train,ukraine_conflict,True,9668ed4b80060775a8cfbb84322a3603ca775dfeac296d76bf1119f228a11b4e
val,ukraine_conflict_00000133,ukraine_conflict,strictv1__val__ukraine_conflict_00000133,train,ukraine_conflict,True,e68eff02c1ce6ebfa45779e214ef0a572355aa06b3db7bc9fc7f5565afd32ccb
val,ukraine_conflict_00000134,ukraine_conflict,strictv1__val__ukraine_conflict_00000134,train,ukraine_conflict,True,35681c87c6ccba0b52527a0296eb37ecfd49b7391b8a6a8e08db3f0665c34646
val,ukraine_conflict_00000135,ukraine_conflict,strictv1__val__ukraine_conflict_00000135,train,ukraine_conflict,True,d29f7ccbed984cb304656663d86c5cc19cc29c158e26d948253db42edc851802
val,ukraine_conflict_00000136,ukraine_conflict,strictv1__val__ukraine_conflict_00000136,train,ukraine_conflict,True,392ae9b650c2e2aed7e873d776466af8392a4100fd447af887f74d9f4ae6f990
val,ukraine_conflict_00000138,ukraine_conflict,strictv1__val__ukraine_conflict_00000138,train,ukraine_conflict,True,9065d0a12eeba7ac4d0054651c41af8f71af68580c8d7ba3c8f7b666e6cca0b4
val,ukraine_conflict_00000139,ukraine_conflict,strictv1__val__ukraine_conflict_00000139,train,ukraine_conflict,True,686776e95825bed9ab7a75c768a54c32c21afa4632d81f9d859888b819ea78ac
val,ukraine_conflict_00000140,ukraine_conflict,strictv1__val__ukraine_conflict_00000140,train,ukraine_conflict,True,90a1959ab63d76ef81f1b7174d65394ce521fe74ffb22b1a3db511876e4cc686
val,ukraine_conflict_00000142,ukraine_conflict,strictv1__val__ukraine_conflict_00000142,train,ukraine_conflict,True,c2df945521e33690db5b6fc4fbc008eed77865c1a05dfd768252402364f27177
val,ukraine_conflict_00000143,ukraine_conflict,strictv1__val__ukraine_conflict_00000143,train,ukraine_conflict,True,8b3744b7508834ade1f3ef2735affb4e0045df323653e4f90301c7b68e7eeda3
val,ukraine_conflict_00000144,ukraine_conflict,strictv1__val__ukraine_conflict_00000144,train,ukraine_conflict,True,5c302e9e709340eba277ea9320aa667c7599ed6195b93831b54969bbf090e671
val,ukraine_conflict_00000145,ukraine_conflict,strictv1__val__ukraine_conflict_00000145,train,ukraine_conflict,True,c1d14d7363cbbeb4d02d8b47c7992d9bdf6da25a645500f9d8eaa7c8226b9c43
val,ukraine_conflict_00000147,ukraine_conflict,strictv1__val__ukraine_conflict_00000147,train,ukraine_conflict,True,cd7e6ef10a8f59bbf14d781adec0164b4f6e167602f3e559096719829c29a090
val,ukraine_conflict_00000148,ukraine_conflict,strictv1__val__ukraine_conflict_00000148,train,ukraine_conflict,True,f2a7496373c7a71ad2e3a90899299a52c5088b839dbeb4ba978215ddcba50f09
val,ukraine_conflict_00000149,ukraine_conflict,strictv1__val__ukraine_conflict_00000149,train,ukraine_conflict,True,59e6285b5c72caf842bf29f91cec5a1519e44953dcd8b87b647dea3cab836203
val,ukraine_conflict_00000150,ukraine_conflict,strictv1__val__ukraine_conflict_00000150,train,ukraine_conflict,True,4e14ceb63b8b155c66d2fe3b671e1ac79726f193b135644b594a693159451929
val,ukraine_conflict_00000151,ukraine_conflict,strictv1__val__ukraine_conflict_00000151,train,ukraine_conflict,True,6e60953028b92a3752d1338d8b1892e7357e8b124a41aa74a541391abdc59398
val,ukraine_conflict_00000152,ukraine_conflict,strictv1__val__ukraine_conflict_00000152,train,ukraine_conflict,True,066f9fba5b22bcaabeb5292171fdeb78c4b160085af93f399e19f50f9a4f43b1
val,ukraine_conflict_00000158,ukraine_conflict,strictv1__val__ukraine_conflict_00000158,train,ukraine_conflict,True,c62c012dd85314bffeded3960ad6e20ec35de3a98244c31c21c1ce6a910a9f41
val,ukraine_conflict_00000159,ukraine_conflict,strictv1__val__ukraine_conflict_00000159,train,ukraine_conflict,True,29569077e7b2e0cc321e893463a0660c0d7626cd64554e1747893e1160e352ed
val,ukraine_conflict_00000160,ukraine_conflict,strictv1__val__ukraine_conflict_00000160,train,ukraine_conflict,True,48be953f1963cbbadfafe82450fe81c6ec0538159136425f203d61b3488029b8
val,ukraine_conflict_00000161,ukraine_conflict,strictv1__val__ukraine_conflict_00000161,train,ukraine_conflict,True,0d9df258cf7280ebaa69bdd57181dc1e887cfd3cb29325b95fe492fa9aa13137
val,ukraine_conflict_00000163,ukraine_conflict,strictv1__val__ukraine_conflict_00000163,train,ukraine_conflict,True,82ba223e33e225a16d922dc5b75cb6e04baf04e67537f514cce99963635e4a2d
val,ukraine_conflict_00000164,ukraine_conflict,strictv1__val__ukraine_conflict_00000164,train,ukraine_conflict,True,554c35862cfc376f38c071453454c20a279dbee7b55c1a1c48951e20780e93ba
val,ukraine_conflict_00000165,ukraine_conflict,strictv1__val__ukraine_conflict_00000165,train,ukraine_conflict,True,b7b9ed8e6b23159c19b728b15b410d1a2db3e3f158573d270957aa544c105d80
val,ukraine_conflict_00000167,ukraine_conflict,strictv1__val__ukraine_conflict_00000167,train,ukraine_conflict,True,34cffeaaf1189e21b2ab73f2ed9c9f04be980d71f725d4685bcb5859fd7965f8
val,ukraine_conflict_00000168,ukraine_conflict,strictv1__val__ukraine_conflict_00000168,train,ukraine_conflict,True,7feb6624f051379b9bddb5fd11a5ef36ff362cec32eafa49ad534800bb37fd6d
val,ukraine_conflict_00000169,ukraine_conflict,strictv1__val__ukraine_conflict_00000169,train,ukraine_conflict,True,a252f3073c1e84a7ab70cfaf247570b3a18d537e9042173b0c300550debac8a5
val,ukraine_conflict_00000170,ukraine_conflict,strictv1__val__ukraine_conflict_00000170,train,ukraine_conflict,True,d2bc76ef638d4cff9a28b09c2d64280c4eb6954db98a77ed49be0ddadd11100e
val,ukraine_conflict_00000172,ukraine_conflict,strictv1__val__ukraine_conflict_00000172,train,ukraine_conflict,True,47963d1d4571f5de34050a6b71c6296c073dde4b0295e97829855e20e0b04495
val,ukraine_conflict_00000173,ukraine_conflict,strictv1__val__ukraine_conflict_00000173,train,ukraine_conflict,True,0bfe2f885006fc411596e5a1e3191097d2b50ed265b358a2b9d3de4b94030b90
val,ukraine_conflict_00000174,ukraine_conflict,strictv1__val__ukraine_conflict_00000174,train,ukraine_conflict,True,872ee5cacbc06b5d50cf79bc62f4246e90a0859684d7889a636270d9d93c466c
val,ukraine_conflict_00000175,ukraine_conflict,strictv1__val__ukraine_conflict_00000175,train,ukraine_conflict,True,0c8b09db4d8d6b99e5e088dd8f1fb39119c3fbd3e0aa2d6fd5a7cc80ab764162
val,ukraine_conflict_00000176,ukraine_conflict,strictv1__val__ukraine_conflict_00000176,train,ukraine_conflict,True,4be3b38fdd79df4b9a81f1e6ebf8685bfa6f113bf7ebc4eede2feebe77f3640f
val,ukraine_conflict_00000177,ukraine_conflict,strictv1__val__ukraine_conflict_00000177,train,ukraine_conflict,True,08a146b0cdeb599a5fc17d5172db3a40cf9575fcf8085ed36132d12e8d4c56fe
val,ukraine_conflict_00000178,ukraine_conflict,strictv1__val__ukraine_conflict_00000178,train,ukraine_conflict,True,b572b07024b22e563ebadcac908e84cf7d762aab631292d47158c9847d7fcdc3
val,ukraine_conflict_00000181,ukraine_conflict,strictv1__val__ukraine_conflict_00000181,train,ukraine_conflict,True,9ddd1f8bfae4e90050ec11950bd7a23dd0d0ad28eaf19319c7a004064bbbc6a3
val,ukraine_conflict_00000183,ukraine_conflict,strictv1__val__ukraine_conflict_00000183,train,ukraine_conflict,True,73f3d1dd1cc2deb64209b08fa3bfcd9666cf3e92f562ba7c999a3c1f98bb79de
val,ukraine_conflict_00000184,ukraine_conflict,strictv1__val__ukraine_conflict_00000184,train,ukraine_conflict,True,f207dd64d4b50034bd2f77bc551f73ded3e13a921e4a08e47b9ea8edb67f6b95
val,ukraine_conflict_00000185,ukraine_conflict,strictv1__val__ukraine_conflict_00000185,train,ukraine_conflict,True,13aa893b909d727f6fc8881ceec2577abed5630d6d4cf24976ff928a80ec0b8d
val,ukraine_conflict_00000186,ukraine_conflict,strictv1__val__ukraine_conflict_00000186,train,ukraine_conflict,True,ec3f43c6a9506758d0b8256a13d93bb9ee8b001005ea1dafab893d45546e481c
val,ukraine_conflict_00000187,ukraine_conflict,strictv1__val__ukraine_conflict_00000187,train,ukraine_conflict,True,48aade9a89eff3d5316a9bba3fac1366da6e637cd118104850d8ad4b415fde70
val,ukraine_conflict_00000189,ukraine_conflict,strictv1__val__ukraine_conflict_00000189,train,ukraine_conflict,True,10961f3eba318133a1a97e02fb8ada3cc9ee3c4fca29ee7a9da00eb742fe843f
val,ukraine_conflict_00000190,ukraine_conflict,strictv1__val__ukraine_conflict_00000190,train,ukraine_conflict,True,363f1cc5a2c770e13c9925cba39c43825cb9c421b897d9a6866fc22367c8984f
val,ukraine_conflict_00000191,ukraine_conflict,strictv1__val__ukraine_conflict_00000191,train,ukraine_conflict,True,ea0a583ede1150837ed86789fefb30fa540643b22b0fe08403de5c9812482c9f
val,ukraine_conflict_00000193,ukraine_conflict,strictv1__val__ukraine_conflict_00000193,train,ukraine_conflict,True,1b8f6f2fe8fe7f7d83183907e33cd76a04c40921e35732e74fb2f4e8e1d23d60
val,ukraine_conflict_00000195,ukraine_conflict,strictv1__val__ukraine_conflict_00000195,train,ukraine_conflict,True,96ada9a8fbbdf7ede2ac42c8f3434d1ed6667a52549cc8bf38551ff702be49dd
val,ukraine_conflict_00000196,ukraine_conflict,strictv1__val__ukraine_conflict_00000196,train,ukraine_conflict,True,06eee6e5d8471d2b5976e35203d1c91291d769d50625ebc43678ddb63b707a63
val,ukraine_conflict_00000198,ukraine_conflict,strictv1__val__ukraine_conflict_00000198,train,ukraine_conflict,True,7a55e1f99800ed4b5867c2b49a6c6e60b980094a23bd19c799477d21b6c4937c
val,ukraine_conflict_00000199,ukraine_conflict,strictv1__val__ukraine_conflict_00000199,train,ukraine_conflict,True,90cd60df1396dab13e941dfaf6306fc0a69b33cc8ac9b46e692dd2ae618c4f3f
val,ukraine_conflict_00000200,ukraine_conflict,strictv1__val__ukraine_conflict_00000200,train,ukraine_conflict,True,48e6b4bbeb478f7fbb1adff0a0e658d81d5c1dcf616d8e0dcc8696827f1c854f
val,ukraine_conflict_00000201,ukraine_conflict,strictv1__val__ukraine_conflict_00000201,train,ukraine_conflict,True,420d1d038861e80de9d3274a2e52153ac596ec06ad6479e5c4d66b5284cd5ca6
val,ukraine_conflict_00000202,ukraine_conflict,strictv1__val__ukraine_conflict_00000202,train,ukraine_conflict,True,71d6306cf463ee021c2024c5514d3021a97a25315169de8edb9aa29a1c87bdf2
val,ukraine_conflict_00000203,ukraine_conflict,strictv1__val__ukraine_conflict_00000203,train,ukraine_conflict,True,15f8d75430a24b164e84b0d01659b0ab7ef27f96ac0bb389e04d20190d4c0ff6
val,ukraine_conflict_00000204,ukraine_conflict,strictv1__val__ukraine_conflict_00000204,train,ukraine_conflict,True,7b449ea743287672efbcc0b886bcbd2ffc1f65f5275c7d01476989efc5912d58
val,ukraine_conflict_00000208,ukraine_conflict,strictv1__val__ukraine_conflict_00000208,train,ukraine_conflict,True,57104109c29be087f45274f11eac9514cf2d380766430ce01e6322b4990443f9
val,ukraine_conflict_00000209,ukraine_conflict,strictv1__val__ukraine_conflict_00000209,train,ukraine_conflict,True,aa7132bcc1b3648057bebf968fcafdefcc59332bb8be55ef92fa0d96b08483a4
val,ukraine_conflict_00000210,ukraine_conflict,strictv1__val__ukraine_conflict_00000210,train,ukraine_conflict,True,a509ef0bc39a646817184893c0ea6b92ea82be0c6e9631278f2356a9cdc84205
val,ukraine_conflict_00000211,ukraine_conflict,strictv1__val__ukraine_conflict_00000211,train,ukraine_conflict,True,106ba98c195f6e5dbf7f94a8abc8d986612d65d5ba6b27618c2cc2f671e4a85c
val,ukraine_conflict_00000212,ukraine_conflict,strictv1__val__ukraine_conflict_00000212,train,ukraine_conflict,True,eaf9f72c720d573786420d3aafcae21fa244465642cca137ca87ccb1a5466593
val,ukraine_conflict_00000213,ukraine_conflict,strictv1__val__ukraine_conflict_00000213,train,ukraine_conflict,True,f720ac370de9e68cc98e7ad417a467c9814fe7dc58e57300d8bfa6513a471c34
val,ukraine_conflict_00000215,ukraine_conflict,strictv1__val__ukraine_conflict_00000215,train,ukraine_conflict,True,854cf62e22d6bc64523e2935e9173364be0fedf315adcf6ea6017ab19e90819e
val,ukraine_conflict_00000216,ukraine_conflict,strictv1__val__ukraine_conflict_00000216,train,ukraine_conflict,True,2d83da17f2cd297f938bc59d07c758c65a070f272e3b07f636269427e692d6cc
val,ukraine_conflict_00000219,ukraine_conflict,strictv1__val__ukraine_conflict_00000219,train,ukraine_conflict,True,3a72e71568dfbbab81e91ac018fd1eca24914b3103ee3a97bbb5dd759ee59d87
val,ukraine_conflict_00000220,ukraine_conflict,strictv1__val__ukraine_conflict_00000220,train,ukraine_conflict,True,da166e4d69811713fd5c9a6995485158f0a7a42ab5abfdcb1fc261bffbb3e2a5
val,ukraine_conflict_00000221,ukraine_conflict,strictv1__val__ukraine_conflict_00000221,train,ukraine_conflict,True,06d1d6aa0c14ddbabc6ac5d7a8517b0bbabf0faf191f6d31f28866773002289d
val,ukraine_conflict_00000223,ukraine_conflict,strictv1__val__ukraine_conflict_00000223,train,ukraine_conflict,True,a3030355265578d19dda450aca2e53dc15c9caa4fee4c4c576c6f8d2f5e7f68d
val,ukraine_conflict_00000224,ukraine_conflict,strictv1__val__ukraine_conflict_00000224,train,ukraine_conflict,True,40d487a8e0c3dd29387bd9ff0fb9b01c3c6d9ad41e61be7f4a77062d548d85d9
val,ukraine_conflict_00000227,ukraine_conflict,strictv1__val__ukraine_conflict_00000227,train,ukraine_conflict,True,f6d7492e60fe780d883bd17dc4cf2bf43f6b0e00bbc5964972e86ad041801c34
val,ukraine_conflict_00000228,ukraine_conflict,strictv1__val__ukraine_conflict_00000228,train,ukraine_conflict,True,6ade5d17f49c73c1dee43ed109633a197510eae5cc026dcf40bfe1c8601358fa
val,ukraine_conflict_00000229,ukraine_conflict,strictv1__val__ukraine_conflict_00000229,train,ukraine_conflict,True,d688c71d828c0988a9aac1390a5cac86a0e7f5830ba56411b20894dc0f096bd6
val,ukraine_conflict_00000232,ukraine_conflict,strictv1__val__ukraine_conflict_00000232,train,ukraine_conflict,True,bf0bebd98de22527e96d1b4e579a313004530b757833adf7842a9f92c51d8fdf
val,ukraine_conflict_00000233,ukraine_conflict,strictv1__val__ukraine_conflict_00000233,train,ukraine_conflict,True,f6e25df9afe8d9f773fd48af0042ac4df272c675cba1e179a8abf92b9de3a0b6
val,ukraine_conflict_00000235,ukraine_conflict,strictv1__val__ukraine_conflict_00000235,train,ukraine_conflict,True,1ceccac0ce80386d9315ebd76c6afad526e84f96b900f2c701cdf612cf8e8b43
val,ukraine_conflict_00000236,ukraine_conflict,strictv1__val__ukraine_conflict_00000236,train,ukraine_conflict,True,6939408580773f4e58cdcd8c4fea3150d53d3aea91b88cee768c8a06c7145ca2
val,ukraine_conflict_00000237,ukraine_conflict,strictv1__val__ukraine_conflict_00000237,train,ukraine_conflict,True,75acdca8b6cb18e37054c13852de56b464473cad114e0f84ba8fe8d6e218c130
val,ukraine_conflict_00000238,ukraine_conflict,strictv1__val__ukraine_conflict_00000238,train,ukraine_conflict,True,5aae060bfde1b2477c92a90dc2b57d2225686c687aeb7e7c164cef98a64646bf
val,ukraine_conflict_00000240,ukraine_conflict,strictv1__val__ukraine_conflict_00000240,train,ukraine_conflict,True,e241ab3c57ba546d8c529db2a196e5f92870f412bb5c8e5662d73b3ca906d8b6
val,ukraine_conflict_00000241,ukraine_conflict,strictv1__val__ukraine_conflict_00000241,train,ukraine_conflict,True,ac1d19ba40aee2beb86d7cdc525375b8fe17879d6a1f38507134d66e691b9a37
val,ukraine_conflict_00000242,ukraine_conflict,strictv1__val__ukraine_conflict_00000242,train,ukraine_conflict,True,35686a4495cd3059c9b40f108b4614d6df727275c369dc6d5348db59221d8ce6
val,ukraine_conflict_00000249,ukraine_conflict,strictv1__val__ukraine_conflict_00000249,train,ukraine_conflict,True,77824d12a046029404c72206fad9735cb82a9d448935f76c8acd9d07c1a0d4ff
val,ukraine_conflict_00000250,ukraine_conflict,strictv1__val__ukraine_conflict_00000250,train,ukraine_conflict,True,f56df2fe01e9d99f7f41c4cdcadf941b287427f720bb23ff1918d55f5b4aaead
val,ukraine_conflict_00000251,ukraine_conflict,strictv1__val__ukraine_conflict_00000251,train,ukraine_conflict,True,4184573ba9d32b5c987aeba3147cb16f3f966124061599f578e57e553bf698b2
val,ukraine_conflict_00000252,ukraine_conflict,strictv1__val__ukraine_conflict_00000252,train,ukraine_conflict,True,0586d3a4f162a27387ffd76cce94214158f44898a3d3e206264049b8cc9dc3f4
val,ukraine_conflict_00000253,ukraine_conflict,strictv1__val__ukraine_conflict_00000253,train,ukraine_conflict,True,a00eaeeef722babe7f87a7eb97cc1968a9cb8655b64cf45e7c1c47cbe5eee3fe
val,ukraine_conflict_00000254,ukraine_conflict,strictv1__val__ukraine_conflict_00000254,train,ukraine_conflict,True,137fd33bb2fd40a5c87c7713a253210a317ad197e3555ee95d12cebcb645ba17
val,ukraine_conflict_00000255,ukraine_conflict,strictv1__val__ukraine_conflict_00000255,train,ukraine_conflict,True,fcbae081734934ba49048b9f79b04bafa05270871ac9e8d020c80d6f67524c5f
val,ukraine_conflict_00000258,ukraine_conflict,strictv1__val__ukraine_conflict_00000258,train,ukraine_conflict,True,58c5a7719f034a892136d87999d806b150130b8a038d6163ae722e721a1073f6
val,ukraine_conflict_00000259,ukraine_conflict,strictv1__val__ukraine_conflict_00000259,train,ukraine_conflict,True,6c242468ae5db124e52da4490bfef1fb35324570e92b1cd9a3818c5b3e60b8e2
val,ukraine_conflict_00000260,ukraine_conflict,strictv1__val__ukraine_conflict_00000260,train,ukraine_conflict,True,9c4a297ef436736c3934ab99a3872074e140a1a21234d1da4948a9937e80735c
val,ukraine_conflict_00000261,ukraine_conflict,strictv1__val__ukraine_conflict_00000261,train,ukraine_conflict,True,7503d3a111cfc1c9e7b6c8484cd25ae4096f6cf9c39c35500f3c745ed36e34d5
val,ukraine_conflict_00000262,ukraine_conflict,strictv1__val__ukraine_conflict_00000262,train,ukraine_conflict,True,18530f33fa36f0348cde70393443a248a7b685eb2c105597031ba8e07b6d2628
val,ukraine_conflict_00000266,ukraine_conflict,strictv1__val__ukraine_conflict_00000266,train,ukraine_conflict,True,1d5a153a910d00e55914b51e6619e3605c014dc38792b4593ca9eeab1ab12400
val,ukraine_conflict_00000267,ukraine_conflict,strictv1__val__ukraine_conflict_00000267,train,ukraine_conflict,True,8b45b72f6a1811e4d2268d028d0261f62df579ec5d57d0103bc53779665c1afc
val,ukraine_conflict_00000268,ukraine_conflict,strictv1__val__ukraine_conflict_00000268,train,ukraine_conflict,True,10e998ef9228a9a7e78f6b3eca93d5471df6f879e5f721967a7af653935771c2
val,ukraine_conflict_00000270,ukraine_conflict,strictv1__val__ukraine_conflict_00000270,train,ukraine_conflict,True,5a4b04537b8c92ebf22ff9b0f93899fae222c0a5116e778b8802abcf550ca130
val,ukraine_conflict_00000271,ukraine_conflict,strictv1__val__ukraine_conflict_00000271,train,ukraine_conflict,True,2c649cc8c80a7f7e8a22185bf564f22d64e064adabc1b571533a0f2365ca4ae8
val,ukraine_conflict_00000272,ukraine_conflict,strictv1__val__ukraine_conflict_00000272,train,ukraine_conflict,True,ecc4307ab9cc4647f40535ca696b89520378d387b71619b2c474be43381f5870
val,ukraine_conflict_00000273,ukraine_conflict,strictv1__val__ukraine_conflict_00000273,train,ukraine_conflict,True,70ec1534fb4ceab097090dbe4c546ea16142849584dbd86035aac78c7159cebe
val,ukraine_conflict_00000275,ukraine_conflict,strictv1__val__ukraine_conflict_00000275,train,ukraine_conflict,True,94261817a48ee4c906c173b32af5585cdd98549706c065d22dd4c1d2c69014be
val,ukraine_conflict_00000276,ukraine_conflict,strictv1__val__ukraine_conflict_00000276,train,ukraine_conflict,True,5dc69b13dfc1114cde6a351902a3e334923e5f967a0d17adbb1e8877481a6333
val,ukraine_conflict_00000277,ukraine_conflict,strictv1__val__ukraine_conflict_00000277,train,ukraine_conflict,True,2491abee75e7ebed2bfcc7dd607626cb2f7e7903dd74ea6983f20bdb73613759
val,ukraine_conflict_00000278,ukraine_conflict,strictv1__val__ukraine_conflict_00000278,train,ukraine_conflict,True,6804b1689f6ef78ac07040e3322265975808fca00c7af636c8620f0227b3f482
val,ukraine_conflict_00000279,ukraine_conflict,strictv1__val__ukraine_conflict_00000279,train,ukraine_conflict,True,25f1179f253e101aaae25c8f916cfdaec4c6a1f5840e227b61add487d61df31a
val,ukraine_conflict_00000280,ukraine_conflict,strictv1__val__ukraine_conflict_00000280,train,ukraine_conflict,True,de84c3ee77b3af065c3c769ab20a8cebc5ba8a225d7c3a36dfd1378e4c2da165
val,ukraine_conflict_00000281,ukraine_conflict,strictv1__val__ukraine_conflict_00000281,train,ukraine_conflict,True,b3a525bf49944c1752cf943067d357d5a752e8649c06fbc4da34d75ff6a6d5c2
val,ukraine_conflict_00000284,ukraine_conflict,strictv1__val__ukraine_conflict_00000284,train,ukraine_conflict,True,fb79675f09898ed677b863a7efd2b81cee97e915cfa277795387ec9546d40fc1
val,ukraine_conflict_00000285,ukraine_conflict,strictv1__val__ukraine_conflict_00000285,train,ukraine_conflict,True,80955fc5857f9536472f767489771b552c7f61f7b30d9d3b5d05dc032581c683
val,ukraine_conflict_00000286,ukraine_conflict,strictv1__val__ukraine_conflict_00000286,train,ukraine_conflict,True,7892a82fa20e3ef6b9196fa49a14b652e77f070b7c95d52cd5e89938f32b5e1f
val,ukraine_conflict_00000287,ukraine_conflict,strictv1__val__ukraine_conflict_00000287,train,ukraine_conflict,True,d119f9bdead6ae66872fbcfa72d05a1ba2ec26bfec4196eaa0551b012a6d5a0d
val,ukraine_conflict_00000288,ukraine_conflict,strictv1__val__ukraine_conflict_00000288,train,ukraine_conflict,True,71eed12292b96217d2fe7044f84d6489bb10c6900182ab22adc94888fd9e2185
val,ukraine_conflict_00000289,ukraine_conflict,strictv1__val__ukraine_conflict_00000289,train,ukraine_conflict,True,e21749b09afe59bea723b95311ffb2890d13eac096854fa88adceeab60fe23ee
val,ukraine_conflict_00000290,ukraine_conflict,strictv1__val__ukraine_conflict_00000290,train,ukraine_conflict,True,e24ed46bb0f611d4607767091ac71f2b768ea60366d57150d0d6c93e59b4bd3d
val,ukraine_conflict_00000292,ukraine_conflict,strictv1__val__ukraine_conflict_00000292,train,ukraine_conflict,True,6df0ff9a5bacb3d8c7f472842e597a30eda5cfd74aae64e50ddd5e5f1919342e
val,ukraine_conflict_00000293,ukraine_conflict,strictv1__val__ukraine_conflict_00000293,train,ukraine_conflict,True,db976fb930db223974b154c4d4169cb7de01d4b50f76c79485dbaec4ece176cd
val,ukraine_conflict_00000295,ukraine_conflict,strictv1__val__ukraine_conflict_00000295,train,ukraine_conflict,True,afccce729253a4e30aa31298b12daacf10f2ece309eac7686147772b38682820
val,ukraine_conflict_00000296,ukraine_conflict,strictv1__val__ukraine_conflict_00000296,train,ukraine_conflict,True,c6aec1d9ffccf2d478c3acfddfb98390316a403b1ea8d3f1357b6f41971ac0a7
val,ukraine_conflict_00000297,ukraine_conflict,strictv1__val__ukraine_conflict_00000297,train,ukraine_conflict,True,c9b1e332b7105b4f68b149d38dafb7821b342bc90af70ab5a65da6296abfe469
val,ukraine_conflict_00000298,ukraine_conflict,strictv1__val__ukraine_conflict_00000298,train,ukraine_conflict,True,180d4e8a2388a525954d85c66dedd5786ef34178f3be184c752a0295c63948e9
val,ukraine_conflict_00000300,ukraine_conflict,strictv1__val__ukraine_conflict_00000300,train,ukraine_conflict,True,82b03969a078b6951ff11ae4c6959dd72d9921e3eaad235dcb01f506129f6f16
val,ukraine_conflict_00000301,ukraine_conflict,strictv1__val__ukraine_conflict_00000301,train,ukraine_conflict,True,9da8c0d31119a0f310e94a68227521fa6ff0ed4d87a2002e7500f0c28082704f
val,ukraine_conflict_00000303,ukraine_conflict,strictv1__val__ukraine_conflict_00000303,train,ukraine_conflict,True,57856649ab2c223a42fe3ea1c0b084e6c4e2b62d3312a9ec165db8012db3bd55
val,ukraine_conflict_00000304,ukraine_conflict,strictv1__val__ukraine_conflict_00000304,train,ukraine_conflict,True,293cae845dcc1c6b50fbbe8a3413ac2eb9dd1aef7ee9812d3b48ffe34d074a09
val,ukraine_conflict_00000305,ukraine_conflict,strictv1__val__ukraine_conflict_00000305,train,ukraine_conflict,True,21458b7408966107f11d64ee6914c4ab79c5ba4676114a83f0be9f1735bd5266
val,ukraine_conflict_00000306,ukraine_conflict,strictv1__val__ukraine_conflict_00000306,train,ukraine_conflict,True,f4271b6744eed68869db01de56b4f2df711e4b06f06f638d47ce0c80b6740edb
val,ukraine_conflict_00000309,ukraine_conflict,strictv1__val__ukraine_conflict_00000309,train,ukraine_conflict,True,80674264666eacf6f078df300231c00565ac2254e14ebb1f1f3dc3dde13266c5
val,ukraine_conflict_00000310,ukraine_conflict,strictv1__val__ukraine_conflict_00000310,train,ukraine_conflict,True,58f9a79dbdfe786ae91f78634375a571a7ce0b30ffbc8820409e0104ac7ce4dc
val,ukraine_conflict_00000311,ukraine_conflict,strictv1__val__ukraine_conflict_00000311,train,ukraine_conflict,True,5d91d5bf03c60aeaa31771ea27638b618118db9a68ec5a155b1ae8c0355bb6d0
val,ukraine_conflict_00000312,ukraine_conflict,strictv1__val__ukraine_conflict_00000312,train,ukraine_conflict,True,f7df89cc4aabf4d3b2d441e3a63c11dfc945a56400a8ad0e2d3d5d0b9338b688
val,ukraine_conflict_00000313,ukraine_conflict,strictv1__val__ukraine_conflict_00000313,train,ukraine_conflict,True,7cf51662b1a92947ed8776ff33117f3997c3397f866215a721e26a2d749a2ec8
val,ukraine_conflict_00000314,ukraine_conflict,strictv1__val__ukraine_conflict_00000314,train,ukraine_conflict,True,7296e58053c87defed0f5d2f38ee7e930fd493b1f0d7774a41db1a1fef8e1466
val,ukraine_conflict_00000315,ukraine_conflict,strictv1__val__ukraine_conflict_00000315,train,ukraine_conflict,True,ccef98f18588d45551e32fdf85f89e148f422a9f934831a775dba8228f95b386
val,ukraine_conflict_00000317,ukraine_conflict,strictv1__val__ukraine_conflict_00000317,train,ukraine_conflict,True,7bd85c13ae0e2eb30b7065c8249221d5e21c2ab2f0f254886911e11cb37b77fd
val,ukraine_conflict_00000318,ukraine_conflict,strictv1__val__ukraine_conflict_00000318,train,ukraine_conflict,True,b6a31609ea46a9f5b82d1c7c38e0b0148e6bf66ecc917d93696a96f2f25c47ba
val,ukraine_conflict_00000319,ukraine_conflict,strictv1__val__ukraine_conflict_00000319,train,ukraine_conflict,True,1437c2e228028f6982cc2d85d22b0ac02650392a5c5779ae3e48a22331b58be2
val,ukraine_conflict_00000322,ukraine_conflict,strictv1__val__ukraine_conflict_00000322,train,ukraine_conflict,True,01a949718f852c00e6cd4d72199d15e8b6f256a7f661379ee46d2214ec4f4c81
val,ukraine_conflict_00000323,ukraine_conflict,strictv1__val__ukraine_conflict_00000323,train,ukraine_conflict,True,3e8483e3b9fba69a7d7a49dae15e58ff4269abb7b1853f343b21b2027c0e7cda
val,ukraine_conflict_00000324,ukraine_conflict,strictv1__val__ukraine_conflict_00000324,train,ukraine_conflict,True,05a203ce203e71ddf9302c8ca63f438e76ffbdebb77615f803c71d554e0da1b1
val,ukraine_conflict_00000326,ukraine_conflict,strictv1__val__ukraine_conflict_00000326,train,ukraine_conflict,True,9ce3a400e06c605877175d5d330b00f62c03b9a02fe3ad0a197b744dffff9d98
val,ukraine_conflict_00000327,ukraine_conflict,strictv1__val__ukraine_conflict_00000327,train,ukraine_conflict,True,45cf58c857ba506ccc3ac6c3b861047a71dabc1aa1e9569512929f56b0417568
val,ukraine_conflict_00000328,ukraine_conflict,strictv1__val__ukraine_conflict_00000328,train,ukraine_conflict,True,2112e25ea5ca719a217a9bafeca2aceaa43af27c934174b4322154e5f2758dce
val,ukraine_conflict_00000329,ukraine_conflict,strictv1__val__ukraine_conflict_00000329,train,ukraine_conflict,True,555e78013a2a2cebde710c10abdb5e40f66ae51b1ca570a2dd485cb7695c1011
val,ukraine_conflict_00000330,ukraine_conflict,strictv1__val__ukraine_conflict_00000330,train,ukraine_conflict,True,7bf90a5dc4b154214e6fd21836f0169e114b81f965ac0057ed9dc366dbd6f4e3
val,ukraine_conflict_00000331,ukraine_conflict,strictv1__val__ukraine_conflict_00000331,train,ukraine_conflict,True,edc4fcfb0b4d946e2caff5cccfde9533ced28060d7f7185c986e519b8d9100b8
val,ukraine_conflict_00000332,ukraine_conflict,strictv1__val__ukraine_conflict_00000332,train,ukraine_conflict,True,e3b9ee72212eb31ae60e002d9991a6174369df61c899a881d50954dda2ddb082
val,ukraine_conflict_00000335,ukraine_conflict,strictv1__val__ukraine_conflict_00000335,train,ukraine_conflict,True,a4e238a33625dde87d84f77947ee024570d72f77bbe38db990ff1fad3b9b49f1
val,ukraine_conflict_00000336,ukraine_conflict,strictv1__val__ukraine_conflict_00000336,train,ukraine_conflict,True,c9396dd24f4d768379c5571eaf2f084554878129451cca4a4474ff4c10ea2bf4
val,ukraine_conflict_00000337,ukraine_conflict,strictv1__val__ukraine_conflict_00000337,train,ukraine_conflict,True,708b818a6be67e45c26fcfb3eb59c110275c3ca643b863c8ccf3861e543f0258
val,ukraine_conflict_00000338,ukraine_conflict,strictv1__val__ukraine_conflict_00000338,train,ukraine_conflict,True,0afeeb9739c0a2a009c31521e0838f522adf6b8ef0511401883fdb1da3997424
val,ukraine_conflict_00000339,ukraine_conflict,strictv1__val__ukraine_conflict_00000339,train,ukraine_conflict,True,148416edbd894a7ba1f7a33bbf5048086c0d47836902397344eebd31c2afb471
val,ukraine_conflict_00000340,ukraine_conflict,strictv1__val__ukraine_conflict_00000340,train,ukraine_conflict,True,d314a782568131052642a1b07e54fdbd73765414f1a6767feed86d324779d0b6
val,ukraine_conflict_00000343,ukraine_conflict,strictv1__val__ukraine_conflict_00000343,train,ukraine_conflict,True,f78552bdf818fd09777c1fe2751213dbbc32b794773640a08fd9afcfb0695460
val,ukraine_conflict_00000344,ukraine_conflict,strictv1__val__ukraine_conflict_00000344,train,ukraine_conflict,True,95cc7518cbc3be9e250ca21c3e3c4ed31f41e5f6f149670a344252a646cd5e7a
val,ukraine_conflict_00000345,ukraine_conflict,strictv1__val__ukraine_conflict_00000345,train,ukraine_conflict,True,afd11ab90b798308e30296a4746c89f723a11b19862d8e64137e520082c5a363
val,ukraine_conflict_00000347,ukraine_conflict,strictv1__val__ukraine_conflict_00000347,train,ukraine_conflict,True,81a65b3a2908c933978f47ec7a2d530ab079bc3bc750d07155f2110cb46f9511
val,ukraine_conflict_00000348,ukraine_conflict,strictv1__val__ukraine_conflict_00000348,train,ukraine_conflict,True,19e0e20ad45ed195795cd02ca8d3946f49df1f94275b547b9361aea53bee0810
val,ukraine_conflict_00000349,ukraine_conflict,strictv1__val__ukraine_conflict_00000349,train,ukraine_conflict,True,4aaed6d81275db1b9736707aaea66a93ac06ddf03706847ccb2efce244dcdce0
val,ukraine_conflict_00000350,ukraine_conflict,strictv1__val__ukraine_conflict_00000350,train,ukraine_conflict,True,1f369fca7b331c154d20a1c7924c64cb617cb6eb7e0de83f5845c87ae789f412
val,ukraine_conflict_00000352,ukraine_conflict,strictv1__val__ukraine_conflict_00000352,train,ukraine_conflict,True,84a9a2c0641739423b50d6482fc328e5f481fd61e8988ae83ae7e583655692b6
val,ukraine_conflict_00000353,ukraine_conflict,strictv1__val__ukraine_conflict_00000353,train,ukraine_conflict,True,0aeb0e197042585322fc07123dcb1e3f10d6ba418b325bce2744c7a6163846d1
val,ukraine_conflict_00000354,ukraine_conflict,strictv1__val__ukraine_conflict_00000354,train,ukraine_conflict,True,fdb3a47e892cec2eb03c649ec80acfbe8714d25ee7696ca02417d4d32b8e13d0
val,ukraine_conflict_00000355,ukraine_conflict,strictv1__val__ukraine_conflict_00000355,train,ukraine_conflict,True,8935a25f789ddae8d3e9f5b998b98dcb9c8d981439ab46f622b962c421f9e786
val,ukraine_conflict_00000356,ukraine_conflict,strictv1__val__ukraine_conflict_00000356,train,ukraine_conflict,True,8af936053e61245402f325122a901bf64dbcc59c79bf189f8dc23a7117a644cf
val,ukraine_conflict_00000357,ukraine_conflict,strictv1__val__ukraine_conflict_00000357,train,ukraine_conflict,True,094b3392733b50e71733bb9f6cd50a07bf779eda29b795b912e13ba3da206ceb
val,ukraine_conflict_00000358,ukraine_conflict,strictv1__val__ukraine_conflict_00000358,train,ukraine_conflict,True,a5510946cb9d8adfda85bb00b1799e6a4708850c23aea29419156036379cdf07
val,ukraine_conflict_00000364,ukraine_conflict,strictv1__val__ukraine_conflict_00000364,train,ukraine_conflict,True,1a6e240cecd4a2f57d180f02ebed9e600264744f9c3da5f77be26aadcfcb9fea
val,ukraine_conflict_00000365,ukraine_conflict,strictv1__val__ukraine_conflict_00000365,train,ukraine_conflict,True,5b49ffbeb105fd610beccc8c230c6685cfba18253f29ff198d352c394b2ae163
val,ukraine_conflict_00000366,ukraine_conflict,strictv1__val__ukraine_conflict_00000366,train,ukraine_conflict,True,2b0ddf0b93b3288c19be37e7365e5fad178bd9b6affe3e6d037973ed1e110b7c
val,ukraine_conflict_00000368,ukraine_conflict,strictv1__val__ukraine_conflict_00000368,train,ukraine_conflict,True,01b198f33a199cd3416a8ba561056b513632ffa22f00e922f122e766392204ac
val,ukraine_conflict_00000369,ukraine_conflict,strictv1__val__ukraine_conflict_00000369,train,ukraine_conflict,True,2e2689dcf9edb38fb7ffb1789a7e5ed4f5f3d7204400bb19632d4adac58a519a
val,ukraine_conflict_00000370,ukraine_conflict,strictv1__val__ukraine_conflict_00000370,train,ukraine_conflict,True,756884292b682d329105c90647adf3a82b799c0cecd4a0cab527d7a500812e97
val,ukraine_conflict_00000372,ukraine_conflict,strictv1__val__ukraine_conflict_00000372,train,ukraine_conflict,True,6c22ecb2393b99736932e983fbf4003bc759677158dc01e4d417f1daa93d772c
val,ukraine_conflict_00000373,ukraine_conflict,strictv1__val__ukraine_conflict_00000373,train,ukraine_conflict,True,749c4402672a59985d1fab9420a86136476c097c4681eb811791219ce5fe066c
val,ukraine_conflict_00000374,ukraine_conflict,strictv1__val__ukraine_conflict_00000374,train,ukraine_conflict,True,4dc88cc586cfd0a0fd7b607427c52959262d24f5200df0cef9f5f0f5898f69c8
val,ukraine_conflict_00000375,ukraine_conflict,strictv1__val__ukraine_conflict_00000375,train,ukraine_conflict,True,bb93539e5ce1e1ee272959c46b7c92ea68cbf8280c2c64e978698f1e6f8372b3
val,ukraine_conflict_00000377,ukraine_conflict,strictv1__val__ukraine_conflict_00000377,train,ukraine_conflict,True,5251b5a38dae3d8bf6bba037e3b3dbd73581be19ab37b2eb4e689cbc519ceff2
val,ukraine_conflict_00000378,ukraine_conflict,strictv1__val__ukraine_conflict_00000378,train,ukraine_conflict,True,b8126e06e4a773ff2d3856f2038bbf3da60dd44b0407a236a21954385fad71f3
val,ukraine_conflict_00000379,ukraine_conflict,strictv1__val__ukraine_conflict_00000379,train,ukraine_conflict,True,100a0e2fa1baf482852467ec0a0ccbaf97e8c39294e1d2934cc05effa8d7b383
val,ukraine_conflict_00000380,ukraine_conflict,strictv1__val__ukraine_conflict_00000380,train,ukraine_conflict,True,424fd4be42ecb2d682bb1ad584ecc9eb1744cd3f3a972c755c5a1d28bb304ce1
val,ukraine_conflict_00000381,ukraine_conflict,strictv1__val__ukraine_conflict_00000381,train,ukraine_conflict,True,46d11159ce1933d3da9bec6f2ee00e524cf6cc1e4579457e13f61c9d48596dc7
val,ukraine_conflict_00000386,ukraine_conflict,strictv1__val__ukraine_conflict_00000386,train,ukraine_conflict,True,a2d69130da469be77be186f21380704dd713c4ab7dbddfe4ec7d86c1fd460246
val,ukraine_conflict_00000387,ukraine_conflict,strictv1__val__ukraine_conflict_00000387,train,ukraine_conflict,True,6be9ff57ff805a49da8dff71e0099e4d2b8dd6b4178b42489c389d674fee75f4
val,ukraine_conflict_00000388,ukraine_conflict,strictv1__val__ukraine_conflict_00000388,train,ukraine_conflict,True,ec3091f6d210d90f1fcdb77c895cedc0f4efba5897df6a1b49df1d52fec6537d
val,ukraine_conflict_00000389,ukraine_conflict,strictv1__val__ukraine_conflict_00000389,train,ukraine_conflict,True,5895b877e603755d58638f50bc43716b4ecf1f4bf1c56fc5cd168f24556420d4
val,ukraine_conflict_00000390,ukraine_conflict,strictv1__val__ukraine_conflict_00000390,train,ukraine_conflict,True,74618542e3e335197a91adfe8866c1302dad41b82fc3026569babdee4c954392
val,ukraine_conflict_00000391,ukraine_conflict,strictv1__val__ukraine_conflict_00000391,train,ukraine_conflict,True,b47d477cd532b8a43a1224b20175c9f1fee460a5be499039ab04faf44fc394b1
val,ukraine_conflict_00000392,ukraine_conflict,strictv1__val__ukraine_conflict_00000392,train,ukraine_conflict,True,0da7c7724434af0f38c8c2105c4e8eafe5abbab3d42d5eb0d5d9f04d5acdf195
val,ukraine_conflict_00000394,ukraine_conflict,strictv1__val__ukraine_conflict_00000394,train,ukraine_conflict,True,a6c7a97d77c2c929318f69f4f7730f606eff53a4514937e15ae337547124b0e2
val,ukraine_conflict_00000395,ukraine_conflict,strictv1__val__ukraine_conflict_00000395,train,ukraine_conflict,True,d7161eb4dfe845549534a624d786110645c2d0aa41a636fbdf5f15ea28cdeb92
val,ukraine_conflict_00000396,ukraine_conflict,strictv1__val__ukraine_conflict_00000396,train,ukraine_conflict,True,09c390550cce932972d3f3a76d5320cf021a1b2c17ea30083b5eadebb4bd6949
val,ukraine_conflict_00000398,ukraine_conflict,strictv1__val__ukraine_conflict_00000398,train,ukraine_conflict,True,b0c94ec13df5504a5f365b19a16306da5b8679d0651dbd713b369cbbde7b6d2a
val,ukraine_conflict_00000399,ukraine_conflict,strictv1__val__ukraine_conflict_00000399,train,ukraine_conflict,True,2673f9bcf95099e692cba1b87ef88a72287f8867c9630c55b41eda982dbd051f
val,ukraine_conflict_00000400,ukraine_conflict,strictv1__val__ukraine_conflict_00000400,train,ukraine_conflict,True,9f578b2134c001d9cf28ab20927aa6e0c9d2a14f292294c13fa8af66c8509f18
val,ukraine_conflict_00000401,ukraine_conflict,strictv1__val__ukraine_conflict_00000401,train,ukraine_conflict,True,924ce9653510d9ae5bdd21cad520a22023179e54124676fda2112d4b358f31b6
val,ukraine_conflict_00000403,ukraine_conflict,strictv1__val__ukraine_conflict_00000403,train,ukraine_conflict,True,3f51cbfac1609f434d1366200dd1d3ae4ddac7c66abec8c74b7829c2c69b4575
val,ukraine_conflict_00000408,ukraine_conflict,strictv1__val__ukraine_conflict_00000408,train,ukraine_conflict,True,d3faef16bca1af53ead9e49b140f70b419bdb12fa2fe6435b832ddbc4861f2a9
val,ukraine_conflict_00000409,ukraine_conflict,strictv1__val__ukraine_conflict_00000409,train,ukraine_conflict,True,f014632864e6fa53474d3364f65a912126e7459d29b6f078ba53f31b52288a36
val,ukraine_conflict_00000412,ukraine_conflict,strictv1__val__ukraine_conflict_00000412,train,ukraine_conflict,True,7e1920f613381cc34b81f7210f6c474c71f15a6c2f215bb964b2bd1ff012d381
val,ukraine_conflict_00000413,ukraine_conflict,strictv1__val__ukraine_conflict_00000413,train,ukraine_conflict,True,e8d545b4462aad2f93f0c6a3aab2b5b5239b1589818442226b6f94f56cb9be0b
val,ukraine_conflict_00000414,ukraine_conflict,strictv1__val__ukraine_conflict_00000414,train,ukraine_conflict,True,809a8acd95aadbab4869bde7ad74c980c2c21522c2d9a712f108d5811c45b0e1
val,ukraine_conflict_00000415,ukraine_conflict,strictv1__val__ukraine_conflict_00000415,train,ukraine_conflict,True,827c1bb7fff0cff0b9bc91b104ec0ea258e991884622a9fc97620687c7307bf9
val,ukraine_conflict_00000416,ukraine_conflict,strictv1__val__ukraine_conflict_00000416,train,ukraine_conflict,True,12ee59094890b5bd93e3bcc5f8d40f5c35999b306f1c802b112ad5f560723c8d
val,ukraine_conflict_00000417,ukraine_conflict,strictv1__val__ukraine_conflict_00000417,train,ukraine_conflict,True,c2aee8d6dc0ae946c304f731121c8a41d886381ea0cc09ce5a28174961f3cb30
val,ukraine_conflict_00000418,ukraine_conflict,strictv1__val__ukraine_conflict_00000418,train,ukraine_conflict,True,878c302fd76620073d3689002ff32d481dedf88dc8abddd38f2df64790bcf5b8
val,ukraine_conflict_00000420,ukraine_conflict,strictv1__val__ukraine_conflict_00000420,train,ukraine_conflict,True,30dd4383f83c5bc1ca9a46f2a6304608651dd4e8d1422756548237ff110fdbdd
val,ukraine_conflict_00000421,ukraine_conflict,strictv1__val__ukraine_conflict_00000421,train,ukraine_conflict,True,b8b081c97d00918d278f1a6c86181e134bfeeefd948676bd33ff68bee478b850
val,ukraine_conflict_00000422,ukraine_conflict,strictv1__val__ukraine_conflict_00000422,train,ukraine_conflict,True,61c5ce958049f0d97299598a5dd047a58ebab65f1137eecc70ff2a646ec7579f
val,ukraine_conflict_00000424,ukraine_conflict,strictv1__val__ukraine_conflict_00000424,train,ukraine_conflict,True,5bcbd803d006c76a0df8dbfb7e8fef20ff5047159631f51ff47a2bd01fb8f6ab
val,ukraine_conflict_00000430,ukraine_conflict,strictv1__val__ukraine_conflict_00000430,train,ukraine_conflict,True,e53edcf8f23193191275d3871f5ff28ba5e985adc3ec9497772caa8a2a5a9177
val,ukraine_conflict_00000431,ukraine_conflict,strictv1__val__ukraine_conflict_00000431,train,ukraine_conflict,True,863f65990b4658bf8e55af0a6a5132368398c2fbbef4739656b9745058d76b72
val,ukraine_conflict_00000432,ukraine_conflict,strictv1__val__ukraine_conflict_00000432,train,ukraine_conflict,True,b1c45e0324a2c9bf6a43308637d544782144868f5a205f70ec7b63fe7d06ca42
val,ukraine_conflict_00000433,ukraine_conflict,strictv1__val__ukraine_conflict_00000433,train,ukraine_conflict,True,844409280f9bd7b36c6aa5b35861fcf307ebe37785f801b5c0e4cf1dd72c7d82
val,ukraine_conflict_00000434,ukraine_conflict,strictv1__val__ukraine_conflict_00000434,train,ukraine_conflict,True,6983c158d447386b4b44cccdfb4128654afc50658a4cfcc3356e3ae6134cb768
val,ukraine_conflict_00000435,ukraine_conflict,strictv1__val__ukraine_conflict_00000435,train,ukraine_conflict,True,8fc1b862f1b6799c60320bf2fba387ae0e4527a046cffb1db5b4223805871dad
val,ukraine_conflict_00000438,ukraine_conflict,strictv1__val__ukraine_conflict_00000438,train,ukraine_conflict,True,ede9c4acd0efcd9486a8239be04192a15e5c7f0eb0857b879c8a2b0a87355d22
val,ukraine_conflict_00000439,ukraine_conflict,strictv1__val__ukraine_conflict_00000439,train,ukraine_conflict,True,c0de9661fa7765f8aa31490403947962e8b11926f64111f5ebe9386cf4083378
val,ukraine_conflict_00000440,ukraine_conflict,strictv1__val__ukraine_conflict_00000440,train,ukraine_conflict,True,aee090c9b4c0a40355151b1076241ab867ef084c5c0aefced2dd26b387729f2d
val,ukraine_conflict_00000441,ukraine_conflict,strictv1__val__ukraine_conflict_00000441,train,ukraine_conflict,True,dd71b58be70fc9c03182140bf095f3d1b490dcdead8ab5eaa31fb0e4aedc8905
val,ukraine_conflict_00000442,ukraine_conflict,strictv1__val__ukraine_conflict_00000442,train,ukraine_conflict,True,a80516fd87f3dab96bf9de3d0e635bddc337b7bd68da043726087e2e251d9320
val,ukraine_conflict_00000443,ukraine_conflict,strictv1__val__ukraine_conflict_00000443,train,ukraine_conflict,True,b19f9040470e2dcc1bf686035fbfa8af861d03bf1941f0a0612bd6ef41dd81f5
val,ukraine_conflict_00000445,ukraine_conflict,strictv1__val__ukraine_conflict_00000445,train,ukraine_conflict,True,555eef64d76d89f3a6b70cc0add4e7e8cab59e74bcfb2a6557801f197bebabc3
val,ukraine_conflict_00000446,ukraine_conflict,strictv1__val__ukraine_conflict_00000446,train,ukraine_conflict,True,b99161eb470b4d012c3d86821e540240264600ac706c7fe9881a528b861a8761
val,ukraine_conflict_00000452,ukraine_conflict,strictv1__val__ukraine_conflict_00000452,train,ukraine_conflict,True,c1211d7290d74642122b365749e968b80c144dc6468bc422f289f85c5f5ac1eb
val,ukraine_conflict_00000454,ukraine_conflict,strictv1__val__ukraine_conflict_00000454,train,ukraine_conflict,True,7f319456aa1effb77db61a7629a1eaee24fe475d1ed9deb1c5ed18a9ccaf7560
val,ukraine_conflict_00000455,ukraine_conflict,strictv1__val__ukraine_conflict_00000455,train,ukraine_conflict,True,c6bb6ff0a9cd7935cddd507f6d195d911b3bf5a31d2160b67148de2ca8f482d8
val,ukraine_conflict_00000456,ukraine_conflict,strictv1__val__ukraine_conflict_00000456,train,ukraine_conflict,True,eaa4f6e3fdd41a3ff886d587e21b997c112fcd58b7ef5b97ea9cff99926b21a4
val,ukraine_conflict_00000457,ukraine_conflict,strictv1__val__ukraine_conflict_00000457,train,ukraine_conflict,True,33b7939440a3e16c80c69946561ac9b0dfea4c6416ac43fc8a051454d7761ad2
val,ukraine_conflict_00000458,ukraine_conflict,strictv1__val__ukraine_conflict_00000458,train,ukraine_conflict,True,7b4b97b2f7dfaf4110d09680ce0f4bbd64c2941f6b06951195305448958fae9d
val,ukraine_conflict_00000459,ukraine_conflict,strictv1__val__ukraine_conflict_00000459,train,ukraine_conflict,True,e663379d225c6be0026317a4ad449c8cc955bdc96f6fe6c687a5b9b51b1df2d4
val,ukraine_conflict_00000460,ukraine_conflict,strictv1__val__ukraine_conflict_00000460,train,ukraine_conflict,True,10cf66192f2c751852799a52c111250d643dbe2c4d97038a430c2d65704af98a
val,ukraine_conflict_00000463,ukraine_conflict,strictv1__val__ukraine_conflict_00000463,train,ukraine_conflict,True,8c7db36bdf712eb06a238ad1b2440486a6fe69be7d615ad591839f0896604830
val,ukraine_conflict_00000464,ukraine_conflict,strictv1__val__ukraine_conflict_00000464,train,ukraine_conflict,True,80f6b44c11ebc495bf475a46cd57a3422b403319640f7416ab099386117d5589
val,ukraine_conflict_00000465,ukraine_conflict,strictv1__val__ukraine_conflict_00000465,train,ukraine_conflict,True,8eb4117a69a76277c723cc160ec03792b04b56db9fe184fad96957a8a094d860
val,ukraine_conflict_00000466,ukraine_conflict,strictv1__val__ukraine_conflict_00000466,train,ukraine_conflict,True,5978a176fc23014e2eca8246f0bedc66b0a63b9bfa468d0aa3c848787edf36d9
val,ukraine_conflict_00000467,ukraine_conflict,strictv1__val__ukraine_conflict_00000467,train,ukraine_conflict,True,969602554ab80cafefcdf052875c65ec400e8ee4926fd5fca25ce7db822835b2
val,ukraine_conflict_00000469,ukraine_conflict,strictv1__val__ukraine_conflict_00000469,train,ukraine_conflict,True,babfa55a8cd9ac71d8ef7ac3359ac183ebf00f7fe24749f1f6796bc968f21dc3
val,ukraine_conflict_00000471,ukraine_conflict,strictv1__val__ukraine_conflict_00000471,train,ukraine_conflict,True,a129f22d9b913032b69eb40ba70f1315dcb1f413b0f3184aed3ea60d5125659e
val,ukraine_conflict_00000472,ukraine_conflict,strictv1__val__ukraine_conflict_00000472,train,ukraine_conflict,True,3181444732469cdd66ae843e6ddcdd350c1d70778fde13233a553586ffbff3ef
val,ukraine_conflict_00000473,ukraine_conflict,strictv1__val__ukraine_conflict_00000473,train,ukraine_conflict,True,a63f09051fa9d440836ecfb1dc6f8cfc914f1b855c0629c8916eb9f98b359a7b
val,ukraine_conflict_00000475,ukraine_conflict,strictv1__val__ukraine_conflict_00000475,train,ukraine_conflict,True,4ff275b1ad76129d8174981d54aaff5973d560b79ad816f4ad19885c64227d8d
val,ukraine_conflict_00000476,ukraine_conflict,strictv1__val__ukraine_conflict_00000476,train,ukraine_conflict,True,49bec2e5a4b756a5b2586bbc3ce3d7d821271ee237f1b048e0f37b9da58af0f8
val,ukraine_conflict_00000477,ukraine_conflict,strictv1__val__ukraine_conflict_00000477,train,ukraine_conflict,True,ae30712dd5ee12f84ea71977c4d2e01dcd66a46362d7ec29daabc753d9ed8882
val,ukraine_conflict_00000478,ukraine_conflict,strictv1__val__ukraine_conflict_00000478,train,ukraine_conflict,True,f85988ab10017d52d2df7529babff84138dfc895fc8160fa8bb6c2e4260032f2
val,ukraine_conflict_00000480,ukraine_conflict,strictv1__val__ukraine_conflict_00000480,train,ukraine_conflict,True,25bd422700500deddac776babaddd21e246ed534bb24ada605947c39e06ebe46
val,ukraine_conflict_00000481,ukraine_conflict,strictv1__val__ukraine_conflict_00000481,train,ukraine_conflict,True,d1abb1b814893826472e8331769ceb18208aaf5d6cbbc934b868c24b3684ad2e
val,ukraine_conflict_00000482,ukraine_conflict,strictv1__val__ukraine_conflict_00000482,train,ukraine_conflict,True,d7a37b62d475ce6532dc62eb8777c7eb364423e292092ec952ca3856a7f8879e
val,ukraine_conflict_00000490,ukraine_conflict,strictv1__val__ukraine_conflict_00000490,train,ukraine_conflict,True,3d720e358759fb9d96a881cc2102b92b781d4ce979ce7b8b9afa0bd6c641ad9c
val,ukraine_conflict_00000491,ukraine_conflict,strictv1__val__ukraine_conflict_00000491,train,ukraine_conflict,True,e395502242636124927018dfc2cf70205025b6f95aef32b02a0961a21909f88b
val,ukraine_conflict_00000492,ukraine_conflict,strictv1__val__ukraine_conflict_00000492,train,ukraine_conflict,True,4303314d64236f64eb8210e52cf402ba7c05ace8de7447fb52722cce540ca6b3
